Workbook

Sheet تحليل الاداء
A1: م | B1: اسم السائق | C1: مواعيد الحضور | D1: 46133 | E1: 46133 | F1: عدد الرحلات | G1: عدد الفروع | H1: مواعيد الحضور | I1: 46134 | J1: 46134 | K1: عدد الرحلات | L1: عدد الفروع | M1: مواعيد الحضور | N1: 46135 | O1: 46135 | P1: عدد الرحلات | Q1: عدد الفروع | R1: مواعيد الحضور | S1: 46136 | T1: 46136 | U1: عدد الرحلات | V1: عدد الفروع | W1: مواعيد الحضور | X1: 46137 | Y1: 46137 | Z1: عدد الرحلات | AA1: عدد الفروع | AB1: مواعيد الحضور | AC1: 46138 | AD1: 46138 | AE1: عدد الرحلات | AF1: عدد الفروع | AG1: مواعيد الحضور | AH1: 46139 | AI1: 46139 | AJ1: عدد الرحلات | AK1: عدد الفروع | AM1: عدد الرحلات المجمع اسبوعى | AN1: عدد الفروع المجمع اسبوعى
A2: 2 | B2: عمرو محمد حسنى | C2: 0.25347222 | D2: التجمع1-التجمع5 | E2: سرياقوس | F2: 2 | G2: 3 | H2: 0.25 | I2: الشروق1-الشروق3 | J2: سرياقوس | K2: 2 | L2: 3 | M2: 0.25347222 | N2: شبرا-الدوران | O2: مسطرد | P2: 2 | Q2: 3 | R2: 0.25694444 | S2: العاشر | T2: الدقى - عرابى | U2: 2 | V2: 3 | W2: راحة | X2: راحة | Z2: 0 | AA2: 0 | AB2: 0.25 | AC2: الجسر | AD2: الجسر-النزهه | AE2: 2 | AF2: 3 | AG2: 0.25 | AH2: جاردنيا-مكرم | AI2: فيصل-الطوابق | AJ2: 2 | AK2: 4 | AM2: =AJ2+AE2+Z2+U2+P2+K2+F2 -> 12 | AN2: =AK2+AF2+AA2+V2+Q2+L2+G2 -> 19
A3: 3 | B3: محمد حسن حسان | C3: 0.23958333 | D3: جاردنيا-مكرم | E3: الجسر-النزهه | F3: 2 | G3: 4 | H3: 0.23958333 | I3: شبرا-الدوران | J3: بهتيم | K3: 2 | L3: 3 | M3: 0.25 | N3: الجسر | O3: السواح | P3: 2 | Q3: 2 | R3: 0.25 | S3: المرغنى - عباس | T3: فيصل | U3: 2 | V3: 3 | W3: راحة | X3: راحة | Z3: 0 | AA3: 0 | AB3: 0.24652778 | AC3: المعادى-العاشر | AD3: اكتوبر | AE3: 2 | AF3: 3 | AG3: 0.25 | AH3: فيصل | AI3: شبرا-الدوران بهتيم | AJ3: 3 | AK3: 4 | AM3: =AJ3+AE3+Z3+U3+P3+K3+F3 -> 13 | AN3: =AK3+AF3+AA3+V3+Q3+L3+G3 -> 19
A4: 7 | B4: احمد حسن | C4: سنوى | D4: سنوى | F4: 0 | G4: 0 | H4: سنوى | I4: سنوى | K4: 0 | L4: 0 | M4: سنوى | N4: سنوى | P4: 0 | Q4: 0 | R4: سنوى | S4: سنوى | U4: 0 | V4: 0 | W4: راحة | X4: راحة | Z4: 0 | AA4: 0 | AB4: 0.25347222 | AC4: الطوابق | AD4: ورشه كاوتش | AE4: 2 | AF4: 2 | AG4: 0.25694444 | AH4: عبور2 | AI4: سرياقوس | AJ4: 2 | AK4: 2 | AM4: =AJ4+AE4+Z4+U4+P4+K4+F4 -> 4 | AN4: =AK4+AF4+AA4+V4+Q4+L4+G4 -> 4
B5: عمرو عبد الرحمن | C5: غياب | D5: غياب | F5: 0 | G5: 0 | H5: 0.27083333 | I5: الشريف | J5: العاشر من رمضان | K5: 2 | L5: 2 | M5: 0.28472222 | N5: مأموريه(hr) | P5: 1 | Q5: 1 | R5: 0.27083333 | S5: الشريف | T5: ايس كريم ( 7 فروع ) | U5: 2 | V5: 8 | W5: راحة | X5: راحة | Z5: 0 | AA5: 0 | AB5: 0.27430556 | AC5: المطريه | AD5: الوسط-الشريف منفذ المصنع | AE5: 3 | AF5: 4 | AG5: غياب | AH5: غياب بدون اذن | AJ5: 0 | AK5: 0 | AM5: =AJ5+AE5+Z5+U5+P5+K5+F5 -> 8 | AN5: =AK5+AF5+AA5+V5+Q5+L5+G5 -> 15
B6: كريم محمود | C6: 0.27083333 | D6: مسطرد | E6: منفذ المصنع بهتيم | F6: 3 | G6: 3 | H6: 0.27083333 | I6: مسطرد | J6: عبور2 | K6: 2 | L6: 2 | M6: 0.27430556 | N6: الكوربه | O6: اكتوبر | P6: 2 | Q6: 2 | R6: 0.27777778 | S6: المطرية | T6: الشيراتون - جاردينيا | U6: 2 | V6: 3 | W6: راحة | X6: راحة | Z6: 0 | AA6: 0 | AB6: 0.27083333 | AC6: المرغنى | AD6: ايس كريم(5فروع) | AE6: 2 | AF6: 6 | AG6: 0.27430556 | AH6: الكوربه | AI6: ايس كريم(5فروع) | AJ6: 2 | AK6: 6 | AM6: =AJ6+AE6+Z6+U6+P6+K6+F6 -> 13 | AN6: =AK6+AF6+AA6+V6+Q6+L6+G6 -> 22
A7: 8 | B7: على حمدى | C7: سنوى | D7: سنوى | F7: 0 | G7: 0 | H7: سنوى | I7: سنوى | K7: 0 | L7: 0 | M7: سنوى | N7: سنوى | P7: 0 | Q7: 0 | R7: سنوى | S7: سنوى | U7: 0 | V7: 0 | W7: سنوى | X7: سنوى | Z7: 0 | AA7: 0 | AB7: راحة | AC7: راحة | AE7: 0 | AF7: 0 | AG7: 0.27083333 | AH7: المعادى2 | AI7: العاشر من رمضان | AJ7: 2 | AK7: 2 | AM7: =AJ7+AE7+Z7+U7+P7+K7+F7 -> 2 | AN7: =AK7+AF7+AA7+V7+Q7+L7+G7 -> 2
A8: 10 | B8: رضا معروف | C8: 0.26388889 | D8: الطوابق | E8: عبور2 | F8: 2 | G8: 2 | H8: 0.25 | I8: منتزه-وايلى | J8: الطوابق | K8: 2 | L8: 2 | M8: 0.26388889 | N8: عرابى | O8: العاشر سرياقوس | P8: 3 | Q8: 3 | R8: 0.26388889 | S8: فيصل | T8: المعادى 1 - المعادى 2 | U8: 2 | V8: 3 | W8: 0.26388889 | X8: اكتوبر | Y8: الشروق 1 - الشروق 2 | Z8: 2 | AA8: 3 | AB8: راحة | AC8: راحة | AE8: 0 | AF8: 0 | AG8: سنوى | AH8: سنوى | AJ8: 0 | AK8: 0 | AM8: =AJ8+AE8+Z8+U8+P8+K8+F8 -> 11 | AN8: =AK8+AF8+AA8+V8+Q8+L8+G8 -> 13
A9: 11 | B9: وائل على | C9: 0.25 | D9: اسكندريه | F9: 1 | G9: 1 | H9: 0.25 | I9: التجمع1-التجمع5 | J9: مسطرد | K9: 2 | L9: 3 | M9: 0.25 | N9: الشروق1-الشروق3 | O9: النزهه | P9: 2 | Q9: 3 | R9: 0.22916667 | S9: شبرا - الدوران | T9: مكرم | U9: 2 | V9: 3 | W9: 0.25 | X9: الوايلى - المنتزه | Y9: الجسر-النزهه | Z9: 2 | AA9: 4 | AB9: راحة | AC9: راحة | AE9: 0 | AF9: 0 | AG9: 0.25347222 | AH9: التجمع1-التجمع5 | AI9: السواح-المطريه | AJ9: 2 | AK9: 4 | AM9: =AJ9+AE9+Z9+U9+P9+K9+F9 -> 11 | AN9: =AK9+AF9+AA9+V9+Q9+L9+G9 -> 18
A10: 41 | B10: اسامه مصطفى | C10: 0.24305556 | D10: فيصل | E10: الدقى-عرابى | F10: 2 | G10: 3 | H10: 0.24305556 | I10: فيصل | J10: شبرا-الدوران | K10: 2 | L10: 3 | M10: 0.25 | N10: اكتوبر | O10: عبور2 | P10: 2 | Q10: 2 | R10: 0.24652778 | S10: النزهة | T10: الطوابق | U10: 2 | V10: 2 | W10: 0.24305556 | X10: الدقى | Y10: شبرا - الدوران | Z10: 2 | AA10: 3 | AB10: راحة | AC10: راحة | AE10: 0 | AF10: 0 | AG10: 0.24305556 | AH10: النزهه | AI10: عباسيه-وايلى | AJ10: 2 | AK10: 3 | AM10: =AJ10+AE10+Z10+U10+P10+K10+F10 -> 12 | AN10: =AK10+AF10+AA10+V10+Q10+L10+G10 -> 16
B11: على عادل عبد الفتاح | C11: 0.25 | D11: عباس-المرغنى | E11: العثيم كارفور | F11: 2 | G11: 3 | H11: سنوى | I11: سنوى | K11: 0 | L11: 0 | M11: 0.23263889 | N11: العاشر | O11: عطل سياره مأموريه | P11: 2 | Q11: 2 | R11: 0.25 | S11: الجسر | T11: النزهة | U11: 2 | V11: 2 | W11: 0.24652778 | X11: مكرم - جاردينيا | Y11: العاشر-مكرم | Z11: 2 | AA11: 4 | AB11: راحة | AC11: راحة | AE11: 0 | AF11: 0 | AG11: سنوى | AH11: سنوى | AJ11: 0 | AK11: 0 | AM11: =AJ11+AE11+Z11+U11+P11+K11+F11 -> 8 | AN11: =AK11+AF11+AA11+V11+Q11+L11+G11 -> 11
A12: 13 | B12: رجب محمد مصطفى | C12: 0.24305556 | D12: الشروق1-الشروق3 | F12: 1 | G12: 2 | H12: 0.23958333 | I12: المعادى-العاشر | J12: السواح-المطريه | K12: 2 | L12: 4 | M12: 0.24305556 | N12: عباس-المرغنى | O12: الجسر | P12: 2 | Q12: 3 | R12: 0.24652778 | S12: التجمع 1 | T12: المطرية | U12: 2 | V12: 2 | W12: 0.24305556 | X12: فيصل | Y12: بهتيم مسطرد | Z12: 2 | AA12: 2 | AB12: 0.24305556 | AC12: التجمع 1 - التجمع 5 | AD12: السواح-المطريه | AE12: 2 | AF12: 4 | AG12: راحة | AH12: راحة | AJ12: 0 | AK12: 0 | AM12: =AJ12+AE12+Z12+U12+P12+K12+F12 -> 11 | AN12: =AK12+AF12+AA12+V12+Q12+L12+G12 -> 17
A13: 14 | B13: محمد صلاح | C13: 0.24305556 | D13: العاشر | E13: المعادى1-المعادى2 | F13: 2 | G13: 3 | H13: 0.23958333 | I13: العبور | J13: التجمع1-التجمع5 | K13: 2 | L13: 3 | M13: 0.25 | N13: الدقى | O13: المعادى1-المعادى2 | P13: 2 | Q13: 3 | R13: 0.24305556 | S13: العبور 2 | T13: العاشر | U13: 2 | V13: 2 | W13: 0.25 | X13: المعادى 1 | Y13: الطوابق | Z13: 2 | AA13: 2 | AB13: سنوى | AC13: سنوى | AE13: 0 | AF13: 0 | AG13: راحة | AH13: راحة | AJ13: 0 | AK13: 0 | AM13: =AJ13+AE13+Z13+U13+P13+K13+F13 -> 10 | AN13: =AK13+AF13+AA13+V13+Q13+L13+G13 -> 13
A14: 17 | B14: علاء مجدى | C14: 0.23958333 | D14: عرابى-الدقى | E14: فيصل-الطوابق | F14: 2 | G14: 4 | H14: 0.23958333 | I14: جاردنيا-مكرم | J14: الجسر | K14: 2 | L14: 3 | M14: 0.23958333 | N14: الوايلى - المنتزه | O14: فيصل-الطوابق | P14: 2 | Q14: 4 | R14: 0.25 | S14: الشروق 2 - الشروق 3 | T14: مسطرد | U14: 2 | V14: 3 | W14: 0.25 | X14: الجسر | Y14: السواح-المطريه | Z14: 2 | AA14: 3 | AB14: 0.24305556 | AC14: الشروق 1 - الشروق 3 | AD14: سرياقوس | AE14: 2 | AF14: 3 | AG14: راحة | AH14: راحة | AJ14: 0 | AK14: 0 | AM14: =AJ14+AE14+Z14+U14+P14+K14+F14 -> 12 | AN14: =AK14+AF14+AA14+V14+Q14+L14+G14 -> 20
A15: 18 | B15: مصطفى احمد | C15: 0.25 | D15: الجسر | E15: الكيلو4.5 | F15: 2 | G15: 2 | H15: 0.25 | I15: مرور(هيئه السلامه الغذاء) | K15: 1 | L15: 1 | M15: 0.25 | N15: جاردنيا-مكرم | O15: بهتيم | P15: 2 | Q15: 3 | R15: 0.25347222 | S15: الوايلى - المنتزه | T15: الجسر | U15: 2 | V15: 3 | W15: 0.25 | X15: شبرا - الدوران | Y15: العاشر من رمضان الكيلو4.5 | Z15: 3 | AA15: 4 | AB15: 0.25347222 | AC15: الوايلى - المنتزه | AD15: الترعه | AE15: 2 | AF15: 3 | AG15: راحة | AH15: راحة | AJ15: 0 | AK15: 0 | AM15: =AJ15+AE15+Z15+U15+P15+K15+F15 -> 12 | AN15: =AK15+AF15+AA15+V15+Q15+L15+G15 -> 16
B16: الشناوى سرور | C16: 0.25347222 | D16: المعادى2 | E16: الشروق1-الشروق3 | F16: 2 | G16: 3 | H16: 0.25 | I16: الوسط | J16: جاردنبا-الشيراتون | K16: 2 | L16: 3 | M16: 0.25347222 | N16: العاشر من رمضان | O16: الكوربه-منتزه | P16: 2 | Q16: 3 | R16: 0.25694444 | S16: المعادى 2 | T16: منفذ المصنع | U16: 2 | V16: 2 | W16: 0.25 | X16: الشريف | Y16: العاشر من رمضان | Z16: 2 | AA16: 2 | AB16: 0.25 | AC16: العاشر من رمضان | AD16: سرياقوس | AE16: 2 | AF16: 2 | AG16: راحة | AH16: راحة | AJ16: 0 | AK16: 0 | AM16: =AJ16+AE16+Z16+U16+P16+K16+F16 -> 12 | AN16: =AK16+AF16+AA16+V16+Q16+L16+G16 -> 15
A17: 19 | B17: احمد عواد | C17: راحة | D17: راحة | F17: 0 | G17: 0 | H17: 0.22222222 | I17: الشيراتون | J17: الشروق1-الشروق3 | K17: 2 | L17: 3 | M17: 0.22222222 | N17: المطريه | O17: الوسط-الشريف بهتيم | P17: 3 | Q17: 4 | R17: 0.23958333 | S17: الوسط | T17: مسطرد / العاشر من رمضان | U17: 3 | V17: 3 | W17: 0.23611111 | X17: المطرية | Y17: اكتوبر | Z17: 2 | AA17: 2 | AB17: 0.25 | AC17: عباسيه | AD17: العاشر من رمضان | AE17: 2 | AF17: 2 | AG17: 0.23958333 | AH17: الشريف | AI17: الكوربه-منتزه منفذ المصنع | AJ17: 3 | AK17: 4 | AM17: =AJ17+AE17+Z17+U17+P17+K17+F17 -> 15 | AN17: =AK17+AF17+AA17+V17+Q17+L17+G17 -> 18
A18: 20 | B18: محمد مراد | C18: راحة | D18: راحة | F18: 0 | G18: 0 | H18: 0.26388889 | I18: المعادى | J18: اكتوبر | K18: 2 | L18: 2 | M18: 0.25347222 | N18: المعادى2 | O18: مكرم | P18: 2 | Q18: 2 | R18: 0.26041667 | S18: التجمع 5 | T18: المنتزه - الكوربة | U18: 2 | V18: 3 | W18: 0.26041667 | X18: المرغنى | Y18: المنتزه - الكوربة | Z18: 2 | AA18: 3 | AB18: 0.28472222 | AC18: المعادى1 | AD18: الشروق 1 - الشروق 3 | AE18: 2 | AF18: 3 | AG18: 0.24305556 | AH18: العاشر من رمضان | AI18: المرغنى | AJ18: 2 | AK18: 2 | AM18: =AJ18+AE18+Z18+U18+P18+K18+F18 -> 12 | AN18: =AK18+AF18+AA18+V18+Q18+L18+G18 -> 15
A19: 22 | B19: خالد عبده | C19: راحة | D19: راحة | F19: 0 | G19: 0 | H19: 0.26388889 | I19: الدوران | K19: 1 | L19: 1 | M19: 0.26041667 | N19: الدوران | O19: المقطم | P19: 2 | Q19: 2 | R19: 0.25347222 | S19: العباسية | T19: الوسط / بهتيم | U19: 3 | V19: 3 | W19: 0.26736111 | X19: الشيراتون | Y19: منفذ المصنع | Z19: 2 | AA19: 2 | AB19: 0.25347222 | AC19: الشيراتون | AD19: مأموريه | AE19: 2 | AF19: 2 | AG19: غياب | AH19: غياب بدون اذن | AJ19: 0 | AK19: 0 | AM19: =AJ19+AE19+Z19+U19+P19+K19+F19 -> 10 | AN19: =AK19+AF19+AA19+V19+Q19+L19+G19 -> 10
A20: 23 | B20: سيد محمد العسال | C20: راحة | D20: راحة | F20: 0 | G20: 0 | H20: 0.25 | I20: عباس-المرغنى | J20: المعادى1-المعادى2 | K20: 2 | L20: 4 | M20: 0.26041667 | N20: التجمع1-التجمع5 | P20: 1 | Q20: 2 | R20: 0.26041667 | S20: مكرم - جاردينيا | T20: شبرا - الدوران | U20: 2 | V20: 4 | W20: 0.26388889 | X20: الشروق 2 - الشروق 3 | Y20: توكيل | Z20: 2 | AA20: 3 | AB20: 0.26041667 | AC20: الدوران | AD20: توكيل | AE20: 2 | AF20: 2 | AG20: 0.26736111 | AH20: الشيراتون | AI20: الجسر-النزهه | AJ20: 2 | AK20: 3 | AM20: =AJ20+AE20+Z20+U20+P20+K20+F20 -> 11 | AN20: =AK20+AF20+AA20+V20+Q20+L20+G20 -> 18
B21: صبري امام | C21: راحة | D21: راحة | F21: 0 | G21: 0 | H21: 0.25 | I21: العاشر من رمضان | J21: مسطرد | K21: 2 | L21: 2 | M21: 0.26388889 | N21: الوسط | O21: الشروق1-الشروق3 | P21: 2 | Q21: 3 | R21: 0.26041667 | S21: العاشر من رمضان | T21: بهتيم | U21: 2 | V21: 2 | W21: 0.26041667 | X21: المعادى 2 | Z21: 1 | AA21: 1 | AB21: 0.26736111 | AC21: الشريف | AD21: الشيراتون - جاردنيا الترعه | AE21: 3 | AF21: 4 | AG21: 0.27083333 | AH21: المرغنى | AI21: اكتوبر | AJ21: 2 | AK21: 2 | AM21: =AJ21+AE21+Z21+U21+P21+K21+F21 -> 12 | AN21: =AK21+AF21+AA21+V21+Q21+L21+G21 -> 14
A22: 24 | B22: سامح عبد السميع | C22: راحة | D22: راحة | F22: 0 | G22: 0 | H22: 0.25 | I22: مدينه بدر(امن الفروع) | K22: 1 | L22: 1 | M22: 0.25694444 | N22: المعادى | O22: العباسية - الوايلى | P22: 2 | Q22: 3 | R22: 0.26041667 | S22: المعادى 1 | T22: المرغنى - عباس | U22: 2 | V22: 3 | W22: 0.25 | X22: الكوربة | Y22: المرج(مصنع فكره) | Z22: 2 | AA22: 2 | AB22: 0.25694444 | AC22: مكرم - جاردينيا | AD22: مسطرد | AE22: 2 | AF22: 3 | AG22: 0.25347222 | AH22: عباس | AI22: عباس-المرغنى سرياقوس | AJ22: 3 | AK22: 4 | AM22: =AJ22+AE22+Z22+U22+P22+K22+F22 -> 12 | AN22: =AK22+AF22+AA22+V22+Q22+L22+G22 -> 16
A23: 25 | B23: جمعه السيد | C23: 0.23958333 | D23: الوسط | E23: الوسط-الشريف | F23: 2 | G23: 3 | H23: راحة | I23: راحة | K23: 0 | L23: 0 | M23: 0.24305556 | N23: العباسية | O23: العاشر من رمضان | P23: 2 | Q23: 2 | R23: 0.24652778 | S23: الكوربة | T23: اكتوبر | U23: 2 | V23: 2 | W23: 0.25 | X23: العاشر من رمضان | Z23: 1 | AA23: 1 | AB23: 0.23611111 | AC23: الوسط | AD23: مصر للطيران | AE23: 2 | AF23: 2 | AG23: 0.23958333 | AH23: الشيراتون | AI23: العبور2 | AJ23: 2 | AK23: 2 | AM23: =AJ23+AE23+Z23+U23+P23+K23+F23 -> 11 | AN23: =AK23+AF23+AA23+V23+Q23+L23+G23 -> 12
A24: 26 | B24: خالد صبرى | C24: 0.26388889 | D24: الدوران | E24: مدينه بدر | F24: 2 | G24: 2 | H24: راحة | I24: راحة | K24: 0 | L24: 0 | M24: سنوى | N24: سنوى | P24: 0 | Q24: 0 | R24: سنوى | S24: سنوى | U24: 0 | V24: 0 | W24: سنوى | X24: سنوى | Z24: 0 | AA24: 0 | AB24: سنوى | AC24: سنوى | AE24: 0 | AF24: 0 | AG24: سنوى | AH24: سنوى | AJ24: 0 | AK24: 0 | AM24: =AJ24+AE24+Z24+U24+P24+K24+F24 -> 2 | AN24: =AK24+AF24+AA24+V24+Q24+L24+G24 -> 2
A25: 27 | B25: محمود أبو طالب | C25: 0.25347222 | D25: العبور | E25: السواح-المطريه | F25: 2 | G25: 3 | H25: راحة | I25: راحة | K25: 0 | L25: 0 | M25: سنوى | N25: سنوى | P25: 0 | Q25: 0 | R25: سنوى | S25: سنوى | U25: 0 | V25: 0 | W25: سنوى | X25: سنوى | Z25: 0 | AA25: 0 | AB25: سنوى | AC25: سنوى | AE25: 0 | AF25: 0 | AG25: سنوى | AH25: سنوى | AJ25: 0 | AK25: 0 | AM25: =AJ25+AE25+Z25+U25+P25+K25+F25 -> 2 | AN25: =AK25+AF25+AA25+V25+Q25+L25+G25 -> 3
A26: 33 | B26: عبد الرحمن محمد | C26: 0.26041667 | D26: الشريف | E26: الكوربه-منتزه | F26: 2 | G26: 3 | H26: راحة | I26: راحة | K26: 0 | L26: 0 | M26: 0.26388889 | N26: الشيراتون | O26: الشيراتون - جاردينيا | P26: 2 | Q26: 3 | R26: 0.27777778 | S26: الشيراتون | T26: الشريف | U26: 2 | V26: 2 | W26: 0.26736111 | X26: عرابى | Y26: الوايلى - العباسية | Z26: 2 | AA26: 3 | AB26: 0.26041667 | AC26: عرابى | AD26: بهتيم | AE26: 2 | AF26: 2 | AG26: 0.26388889 | AH26: المعادى | AI26: الشروق1-الشروق3 | AJ26: 2 | AK26: 3 | AM26: =AJ26+AE26+Z26+U26+P26+K26+F26 -> 12 | AN26: =AK26+AF26+AA26+V26+Q26+L26+G26 -> 16
A27: 35 | B27: خالد محمد ابراهيم | C27: 0.25694444 | D27: المعادى2 | E27: عباسيه-وايلى | F27: 2 | G27: 3 | H27: راحة | I27: راحة | K27: 0 | L27: 0 | M27: 0.25694444 | N27: العبور | O27: عباس-المرغنى | P27: 2 | Q27: 3 | R27: عارضة | S27: حالة وفاة | U27: 0 | V27: 0 | W27: سنوى | X27: سنوى | Z27: 0 | AA27: 0 | AB27: 0.25347222 | AC27: العبور | AD27: التجمع 1 - التجمع 5 | AE27: 2 | AF27: 3 | AG27: 0.25694444 | AH27: الدقى | AI27: المعادى1-المعادى2 | AJ27: 2 | AK27: 3 | AM27: =AJ27+AE27+Z27+U27+P27+K27+F27 -> 8 | AN27: =AK27+AF27+AA27+V27+Q27+L27+G27 -> 12
B28: رامى حسن محمد | C28: 0.22916667 | D28: اكتوبر | E28: النزهه | F28: 2 | G28: 2 | H28: 0.22569444 | I28: النزهه | J28: عباس-المرغنى | K28: 2 | L28: 3 | M28: راحة | N28: راحة | P28: 0 | Q28: 0 | R28: 0.26041667 | S28: عرابى | T28: الشروق 1 - الشروق 2 | U28: 2 | V28: 3 | W28: 0.24305556 | X28: العبور | Y28: العبور | Z28: 2 | AA28: 2 | AB28: 0.24305556 | AC28: عباس | AD28: الدقى - عرابى | AE28: 2 | AF28: 3 | AG28: 0.23958333 | AH28: عرابى | AI28: التجمع1-التجمع5 | AJ28: 2 | AK28: 3 | AM28: =AJ28+AE28+Z28+U28+P28+K28+F28 -> 12 | AN28: =AK28+AF28+AA28+V28+Q28+L28+G28 -> 16
B29: احمد سعيد سالم | C29: 0.25347222 | D29: العاشر من رمضان | E29: عبور2 | F29: 2 | G29: 2 | H29: 0.25 | I29: اسماعليه | K29: 1 | L29: 1 | M29: راحة | N29: راحة | P29: 0 | Q29: 0 | R29: 0.27083333 | S29: السواح | T29: مصنع ابو محرم السواح | U29: 3 | V29: 3 | W29: سنوى | X29: عارضة | Z29: 0 | AA29: 0 | AB29: غياب | AC29: غياب بدون اذن | AE29: 0 | AF29: 0 | AG29: 0.25 | AH29: العاشر | AI29: الدقى-عرابى | AJ29: 2 | AK29: 3 | AM29: =AJ29+AE29+Z29+U29+P29+K29+F29 -> 8 | AN29: =AK29+AF29+AA29+V29+Q29+L29+G29 -> 9
B30: رامى عادل | C30: 0.25347222 | D30: منتزه-وايلى | E30: شبرا-الدوران | F30: 2 | G30: 4 | H30: سنوى | I30: سنوى | K30: 0 | L30: 0 | M30: راحة | N30: راحة | P30: 0 | Q30: 0 | R30: 0.25694444 | S30: الدقى | T30: التجمع 1 - التجمع 5 | U30: 2 | V30: 3 | W30: 0.25 | X30: التجمع 1 - التجمع 5 | Y30: فيصل | Z30: 2 | AA30: 3 | AB30: 0.26041667 | AC30: الدقى | AD30: شبرا - الدوران بهتيم | AE30: 3 | AF30: 4 | AG30: 0.25694444 | AH30: الشروق1-الشروق3 | AI30: سرياقوس | AJ30: 2 | AK30: 3 | AM30: =AJ30+AE30+Z30+U30+P30+K30+F30 -> 11 | AN30: =AK30+AF30+AA30+V30+Q30+L30+G30 -> 17
B31: محمد عباس | C31: 0.26041667 | D31: الكوربه | E31: اكتوبر | F31: 2 | G31: 2 | H31: 0.26041667 | I31: عباسيه | J31: عرابى-الدقى | K31: 2 | L31: 3 | M31: راحة | N31: راحة | P31: 0 | Q31: 0 | R31: 0.28472222 | S31: الدوران | T31: الكيلو 4.5 | U31: 2 | V31: 2 | W31: 0.27083333 | X31: العباسية | Y31: ابو محرم | Z31: 2 | AA31: 2 | AB31: 0.26388889 | AC31: مسطرد | AD31: الكوربه-المنتزه | AE31: 2 | AF31: 3 | AG31: 0.27083333 | AH31: عباسيه | AI31: ايس كريم(5فروع) | AJ31: 2 | AK31: 6 | AM31: =AJ31+AE31+Z31+U31+P31+K31+F31 -> 12 | AN31: =AK31+AF31+AA31+V31+Q31+L31+G31 -> 18
B32: عمرو المهدى | C32: 0.23958333 | D32: النزهه | E32: عباس-المرغنى بهتيم | F32: 3 | G32: 4 | H32: 0.24097222 | I32: اكتوبر | J32: عباسيه-وايلى | K32: 2 | L32: 3 | M32: 0.23263889 | N32: فيصل | O32: التجمع1-التجمع5 | P32: 2 | Q32: 3 | R32: 0.24652778 | S32: اكتوبر | T32: الوايلى - العباسية | U32: 2 | V32: 3 | W32: 0.23958333 | X32: عباس | Y32: المرغنى - عباس | Z32: 2 | AA32: 3 | AB32: 0.25 | AC32: اكتوبر | AD32: الوايلى - عباسيه | AE32: 2 | AF32: 3 | AG32: 0.23958333 | AH32: اكتوبر | AI32: بهتيم -الترعه | AJ32: 1 | AK32: 1 | AM32: =AJ32+AE32+Z32+U32+P32+K32+F32 -> 14 | AN32: =AK32+AF32+AA32+V32+Q32+L32+G32 -> 20
A33: 34 | B33: على الشحات | C33: 0.23611111 | D33: ابس كريم(3فروع) | E33: عبور2 | F33: 2 | G33: 4 | H33: 0.24305556 | I33: الطوابق | J33: النزهه | K33: 2 | L33: 2 | M33: 0.25 | N33: الطوابق | O33: المطريه | P33: 2 | Q33: 2 | R33: 0.25 | S33: الطوابق | T33: العبور | U33: 2 | V33: 2 | W33: 0.25 | X33: الطوابق | Y33: التجمع 1 - التجمع 5 | Z33: 2 | AA33: 3 | AB33: 0.24652778 | AC33: النزهه | AD33: المعادى 1 - المعادى 2 | AE33: 2 | AF33: 3 | AG33: 0.25 | AH33: منتزه-وايلى | AI33: بهتيم | AJ33: 2 | AK33: 3 | AM33: =AJ33+AE33+Z33+U33+P33+K33+F33 -> 14 | AN33: =AK33+AF33+AA33+V33+Q33+L33+G33 -> 19
A34: 55 | B34: محمود عادل حلمى | C34: سنوى | D34: سنوى | F34: 0 | G34: 0 | H34: غياب | I34: غياب | K34: 0 | L34: 0 | M34: غياب | N34: غياب | P34: 0 | Q34: 0 | R34: راحة | S34: راحة | U34: 0 | V34: 0 | W34: غياب | X34: غياب بدون اذن | Z34: 0 | AA34: 0 | AB34: غياب | AC34: غياب بدون اذن | AE34: 0 | AF34: 0 | AG34: غياب | AH34: غياب بدون اذن | AJ34: 0 | AK34: 0 | AM34: =AJ34+AE34+Z34+U34+P34+K34+F34 -> 0 | AN34: =AK34+AF34+AA34+V34+Q34+L34+G34 -> 0
A35: 37 | B35: عبد الرحمن عاطف | C35: 0.26180556 | D35: السواح | E35: العبور-بهتيم | F35: 2 | G35: 3 | H35: 0.25 | I35: السواح | J35: ثلاجه العبور | K35: 2 | L35: 2 | M35: 0.25694444 | N35: السواح | O35: شبرا-الدوران | P35: 2 | Q35: 3 | R35: راحة | S35: راحة | U35: 0 | V35: 0 | W35: 0.26388889 | X35: السواح | Y35: ثلاجه العبور | Z35: 2 | AA35: 2 | AB35: 0.26041667 | AC35: السواح | AD35: فيصل-الطوابق | AE35: 2 | AF35: 3 | AG35: 0.26041667 | AH35: السواح | AI35: عبور ثلاجه | AJ35: 2 | AK35: 2 | AM35: =AJ35+AE35+Z35+U35+P35+K35+F35 -> 12 | AN35: =AK35+AF35+AA35+V35+Q35+L35+G35 -> 15
A36: 38 | B36: جمال فؤاد | C36: 0.25 | D36: الشيراتون | E36: العاشر من رمضان | F36: 2 | G36: 2 | H36: 0.25 | I36: المطريه | J36: الكوربه-منتزه منفذ المصنع | K36: 2 | L36: 3 | M36: 0.25 | N36: الشريف | O36: بهتيم منفذ المصنع | P36: 3 | Q36: 3 | R36: راحة | S36: راحة | U36: 0 | V36: 0 | W36: 0.25 | X36: الوسط | Y36: الوسط-الشريف | Z36: 2 | AA36: 3 | AB36: 0.25 | AC36: الكوربه | AD36: العبور | AE36: 2 | AF36: 2 | AG36: 0.25 | AH36: الوسط | AI36: الوسط-الشريف بهتيم | AJ36: 3 | AK36: 4 | AM36: =AJ36+AE36+Z36+U36+P36+K36+F36 -> 14 | AN36: =AK36+AF36+AA36+V36+Q36+L36+G36 -> 17
A37: 39 | B37: على النبوى | C37: 0.26180556 | D37: عباسيه | E37: العاشر-مكرم | F37: 2 | G37: 3 | H37: 0.26736111 | I37: الجسر | J37: فيصل | K37: 2 | L37: 2 | M37: 0.26388889 | N37: النزهه | O37: عرابى-الدقى | P37: 2 | Q37: 3 | R37: راحة | S37: راحة | U37: 0 | V37: 0 | W37: 0.25347222 | X37: النزهة | Y37: المعادى 1 - المعادى 2 | Z37: 2 | AA37: 3 | AB37: 0.25 | AC37: فيصل | AD37: عباس- المرغنى | AE37: 2 | AF37: 3 | AG37: 0.26736111 | AH37: الطوابق | AI37: مسطرد بهتيم | AJ37: 3 | AK37: 3 | AM37: =AJ37+AE37+Z37+U37+P37+K37+F37 -> 13 | AN37: =AK37+AF37+AA37+V37+Q37+L37+G37 -> 17
A38: 40 | B38: احمد فوزى | C38: 0.26319444 | D38: شبرا-الدوران | E38: التجمع1-التجمع5 | F38: 2 | G38: 4 | H38: 0.25 | I38: عرابى-الدقى | J38: العاشر-مكرم | K38: 2 | L38: 4 | M38: سنوى | N38: سنوى | P38: 0 | Q38: 0 | R38: راحة | S38: راحة | U38: 0 | V38: 0 | W38: 0.25694444 | X38: العاشر | Y38: الدقى - عرابى | Z38: 2 | AA38: 3 | AB38: 0.26041667 | AC38: شبرا - الدوران | AD38: مكرم-العاشر | AE38: 2 | AF38: 4 | AG38: 0.26388889 | AH38: الجسر | AI38: مكرم-العاشر | AJ38: 2 | AK38: 3 | AM38: =AJ38+AE38+Z38+U38+P38+K38+F38 -> 10 | AN38: =AK38+AF38+AA38+V38+Q38+L38+G38 -> 18
A39: 65 | B39: محمود عبد الفتاح | C39: 0.28472222 | D39: المطريه | E39: جاردنبا-الشيراتون | F39: 2 | G39: 3 | H39: 0.29166667 | I39: الكوربه | J39: الوسط-الشريف | K39: 2 | L39: 3 | M39: 0.28472222 | N39: مسطرد | O39: مصر للطيران | P39: 2 | Q39: 2 | R39: راحة | S39: راحة | U39: 0 | V39: 0 | W39: 0.28472222 | X39: الدوران | Y39: الشيراتون - جاردينيا | Z39: 2 | AA39: 3 | AB39: 0.29166667 | AC39: ايس كريم(11فرع) | AE39: 1 | AF39: 11 | AG39: 0.28472222 | AH39: المطريه | AI39: جاردنيا-الشيراتون | AJ39: 2 | AK39: 3 | AM39: =AJ39+AE39+Z39+U39+P39+K39+F39 -> 11 | AN39: =AK39+AF39+AA39+V39+Q39+L39+G39 -> 25
A40: 28 | B40: سيد على | C40: 0.375 | D40: مبيعات | F40: 1 | G40: 1 | H40: 0.375 | K40: 1 | L40: 1 | M40: 0.375 | N40: مبيعات | P40: 1 | Q40: 1 | R40: راحة | S40: راحة | U40: 0 | V40: 0 | W40: سنوى | X40: عارضة | Z40: 0 | AA40: 0 | AB40: 0.375 | AC40: مبيعات | AE40: 1 | AF40: 1 | AG40: 0.375 | AH40: السادات | AJ40: 1 | AK40: 1 | AM40: =AJ40+AE40+Z40+U40+P40+K40+F40 -> 5 | AN40: =AK40+AF40+AA40+V40+Q40+L40+G40 -> 5
B41: السيد محمد | C41: سنوى | D41: سنوى | F41: 0 | G41: 0 | H41: سنوى | I41: سنوى | K41: 0 | L41: 0 | M41: سنوى | N41: سنوى | P41: 0 | Q41: 0 | R41: 0.083333333 | S41: المنتزه - الكوربة - الشيراتون - جاردينيا | U41: 1 | V41: 4 | W41: راحة | X41: راحة | Z41: 0 | AA41: 0 | AB41: 0.076388889 | AC41: العبور | AD41: ايس كربم(مسره) | AE41: 2 | AF41: 2 | AG41: 0.083333333 | AH41: عباسيه-وايلى | AJ41: 1 | AK41: 2 | AM41: =AJ41+AE41+Z41+U41+P41+K41+F41 -> 4 | AN41: =AK41+AF41+AA41+V41+Q41+L41+G41 -> 8
A42: 67 | B42: جمال حامد | C42: 0.076388889 | D42: المعادى1-المعادى2-العاشر | F42: 1 | G42: 3 | H42: 0.083333333 | I42: خامات(3فرع) | K42: 1 | L42: 3 | M42: 0.076388889 | N42: المعادى1-المعادى2 | P42: 1 | Q42: 2 | R42: 0.076388889 | S42: العاشر - المعادى 1 - المعادى 2 | U42: 1 | V42: 3 | W42: راحة | X42: راحة | Z42: 0 | AA42: 0 | AB42: 0.076388889 | AC42: المعادى1-المعادى2-العاشر | AE42: 1 | AF42: 3 | AG42: 0.0625 | AH42: المعادى1-المعادى2-العاشر | AJ42: 1 | AK42: 3 | AM42: =AJ42+AE42+Z42+U42+P42+K42+F42 -> 6 | AN42: =AK42+AF42+AA42+V42+Q42+L42+G42 -> 17
A43: 5 | B43: عمار حامد عمار | C43: 0.076388889 | D43: بهتيم | E43: الترعه-وايلى-منتزه-المرغنى | F43: 2 | G43: 5 | H43: 0.083333333 | I43: بهتيم | K43: 1 | L43: 1 | M43: 0.083333333 | N43: بهتيم | O43: بهتيم | P43: 2 | Q43: 2 | R43: 0.083333333 | S43: العبور - القاعة | U43: 1 | V43: 2 | W43: راحة | X43: راحة | Z43: 0 | AA43: 0 | AB43: 0.083333333 | AC43: منفذ المصنع | AD43: ايس كريم(3فروع) | AE43: 2 | AF43: 4 | AG43: 0.083333333 | AH43: السواح-المطريه | AJ43: 1 | AK43: 2 | AM43: =AJ43+AE43+Z43+U43+P43+K43+F43 -> 9 | AN43: =AK43+AF43+AA43+V43+Q43+L43+G43 -> 16
A44: 45 | B44: محمود سيد | C44: مرضى | D44: مرضى | F44: 0 | G44: 0 | H44: مرضى | I44: مرضى | K44: 0 | L44: 0 | M44: مرضى | N44: مرضى | P44: 0 | Q44: 0 | R44: مرضى | S44: مرضى | U44: 0 | V44: 0 | W44: راحة | X44: راحة | Z44: 0 | AA44: 0 | AB44: مرضى | AC44: مرضى | AE44: 0 | AF44: 0 | AG44: مرضى | AH44: مرضى | AJ44: 0 | AK44: 0 | AM44: =AJ44+AE44+Z44+U44+P44+K44+F44 -> 0 | AN44: =AK44+AF44+AA44+V44+Q44+L44+G44 -> 0
A45: 46 | B45: حسين حامد محمد | C45: 0.072916667 | D45: جاردنيا-الشيراتون-الكوربه | F45: 2 | G45: 3 | H45: 0.072916667 | I45: جاردنيا-الشيراتون-الكوربه-منتزه | K45: 1 | L45: 4 | M45: 0.072916667 | N45: العاشر | P45: 1 | Q45: 1 | R45: 0.083333333 | S45: العاشر من رمضان - الشروق 2 - الشروق 3 | U45: 1 | V45: 3 | W45: 0.076388889 | X45: العبور-قاعه | Z45: 1 | AA45: 2 | AB45: راحة | AC45: راحة | AE45: 0 | AF45: 0 | AG45: 0.069444444 | AH45: العبور | AJ45: 1 | AK45: 1 | AM45: =AJ45+AE45+Z45+U45+P45+K45+F45 -> 7 | AN45: =AK45+AF45+AA45+V45+Q45+L45+G45 -> 14
A46: 72 | B46: سعيد محمد منصور | C46: 0.083333333 | D46: عباسيه-وايلى | E46: الترعه | F46: 2 | G46: 3 | H46: 0.083333333 | I46: الكيلو4.5 | K46: 1 | L46: 1 | M46: 0.083333333 | N46: مصنع ابو محرم | P46: 1 | Q46: 1 | R46: 0.09375 | S46: مدينة بدر | U46: 1 | V46: 1 | W46: سنوى | X46: سنوى | Z46: 0 | AA46: 0 | AB46: راحة | AC46: راحة | AE46: 0 | AF46: 0 | AG46: 0.079861111 | AH46: بهتيم | AI46: السلام ورشه خارجيه | AJ46: 2 | AK46: 2 | AM46: =AJ46+AE46+Z46+U46+P46+K46+F46 -> 7 | AN46: =AK46+AF46+AA46+V46+Q46+L46+G46 -> 8
A47: 51 | B47: احمد فتحى | C47: 0.083333333 | D47: مأموريه | E47: النزهه-الشروق1-الشروق3 | F47: 2 | G47: 4 | H47: 0.083333333 | I47: مصنع فكره | J47: مأموريه | K47: 2 | L47: 2 | M47: 0.083333333 | N47: فيصل-الطوابق | P47: 1 | Q47: 2 | R47: 0.083333333 | S47: منفذ المصنع | T47: ورشة خارجية السلام | U47: 2 | V47: 2 | W47: سنوى | X47: سنوى | Z47: 0 | AA47: 0 | AB47: راحة | AC47: راحة | AE47: 0 | AF47: 0 | AJ47: 0 | AK47: 0 | AM47: =AJ47+AE47+Z47+U47+P47+K47+F47 -> 7 | AN47: =AK47+AF47+AA47+V47+Q47+L47+G47 -> 10
A48: 56 | B48: احمد محمد حسين | C48: 0.090277778 | D48: ورشه خارجيه | F48: 1 | G48: 1 | H48: 0.083333333 | I48: الترعه | K48: 1 | L48: 1 | M48: 0.083333333 | N48: المرغنى - عباس - مكرم | P48: 1 | Q48: 3 | R48: 0.083333333 | S48: المطرية - السواح | T48: مسطرد - النزهة | U48: 2 | V48: 4 | W48: 0.083333333 | X48: الترعه-عبور | Z48: 1 | AA48: 2 | AB48: راحة | AC48: راحة | AE48: 0 | AF48: 0 | AG48: 0.083333333 | AH48: الدقى-عرابى | AI48: ايس كريم(2فرع) | AJ48: 2 | AK48: 4 | AM48: =AJ48+AE48+Z48+U48+P48+K48+F48 -> 8 | AN48: =AK48+AF48+AA48+V48+Q48+L48+G48 -> 15
B49: خضر محمد | C49: 0.11111111 | D49: خامات(3فروع) | F49: 1 | G49: 3 | H49: سنوى | I49: سنوى | K49: 0 | L49: 0 | M49: 0.10069444 | N49: التجمع 5 | P49: 1 | Q49: 1 | R49: 0.083333333 | S49: فيصل - الطوابق | T49: شبرا - العباسية | U49: 2 | V49: 4 | W49: 0.090277778 | X49: خامات(3فروع) | Z49: 1 | AA49: 3 | AB49: سنوى | AC49: سنوى | AE49: 0 | AF49: 0 | AG49: راحة | AH49: راحة | AJ49: 0 | AK49: 0 | AM49: =AJ49+AE49+Z49+U49+P49+K49+F49 -> 5 | AN49: =AK49+AF49+AA49+V49+Q49+L49+G49 -> 11
B50: محمد السيد عطية | C50: 0.090277778 | D50: السواح-المطريه | E50: بهتيم-مأموريه ماموريه | F50: 3 | G50: 5 | H50: 0.090277778 | I50: منفذ المصنع | J50: ورشه خارجيه مكرم ورشه خارجيه | K50: 4 | L50: 4 | M50: 0.083333333 | N50: اكتوبر | O50: ورشة خارجية | P50: 2 | Q50: 2 | R50: سنوى | S50: سنوى | U50: 0 | V50: 0 | W50: 0.090277778 | X50: بهتيم-الترعه | Y50: ايس كريم ابو محرم(3فروع) | Z50: 2 | AA50: 5 | AB50: 0.090277778 | AC50: بهتيم | AD50: الترعه-التجمع1 | AE50: 2 | AF50: 3 | AG50: راحة | AH50: راحة | AJ50: 0 | AK50: 0 | AM50: =AJ50+AE50+Z50+U50+P50+K50+F50 -> 13 | AN50: =AK50+AF50+AA50+V50+Q50+L50+G50 -> 19
B51: محمد زينهم السيد | C51: 0.072916667 | F51: 0 | G51: 0 | H51: 0.083333333 | I51: مكرم-عباس-المرغنى | K51: 1 | L51: 2 | M51: 0.076388889 | P51: 0 | Q51: 0 | R51: 0.069444444 | S51: مسطرد - شبرا - الدوران | U51: 1 | V51: 3 | W51: 0.072916667 | X51: الجسر-النزهه | Y51: الترعه-النزهه-الشيراتون | Z51: 2 | AA51: 5 | AB51: 0.079861111 | AC51: شبرا-الدوران-مسطرد | AE51: 1 | AF51: 3 | AG51: راحة | AH51: راحة | AJ51: 0 | AK51: 0 | AM51: =AJ51+AE51+Z51+U51+P51+K51+F51 -> 5 | AN51: =AK51+AF51+AA51+V51+Q51+L51+G51 -> 13
A52: 42 | B52: شوقى فوزى | C52: راحة | D52: راحة | F52: 0 | G52: 0 | H52: 0.083333333 | I52: المعادى1-المعادى2-العاشر | J52: ايس كريم(3فروع) | K52: 2 | L52: 6 | M52: 0.072916667 | N52: الجسر-النزهه-المطريه | O52: خامات ( 3 فروع ) | P52: 2 | Q52: 6 | R52: 0.072916667 | S52: الدقى - عرابى | U52: 1 | V52: 2 | W52: 0.072916667 | X52: المعادى1-المعادى2 | Y52: ورشه خارجيه ايس كريم مسره ايس كريم الشريف | Z52: 4 | AA52: 5 | AB52: 0.072916667 | AC52: مكرم-عباس-المرغنى | AE52: 1 | AF52: 3 | AG52: 0.069444444 | AH52: الكيلو-4.5 | AI52: السلام ورشه خارجيه | AJ52: 2 | AK52: 2 | AM52: =AJ52+AE52+Z52+U52+P52+K52+F52 -> 12 | AN52: =AK52+AF52+AA52+V52+Q52+L52+G52 -> 24
B53: محمود رجب عبد الحميد | C53: راحة | D53: راحة | F53: 0 | G53: 0 | H53: سنوى | I53: سنوى | K53: 0 | L53: 0 | M53: سنوى | N53: سنوى | P53: 0 | Q53: 0 | R53: سنوى | S53: سنوى | U53: 0 | V53: 0 | W53: سنوى | X53: سنوى | Z53: 0 | AA53: 0 | AB53: 0.076388889 | AC53: الترعه-عرابى-اكتوبر | AE53: 1 | AF53: 3 | AG53: 0.072916667 | AH53: شبرا-الدوران-مسطرد | AI53: خامات(3فروع) | AJ53: 2 | AK53: 6 | AM53: =AJ53+AE53+Z53+U53+P53+K53+F53 -> 3 | AN53: =AK53+AF53+AA53+V53+Q53+L53+G53 -> 9
A54: 61 | B54: ناصر ابو السعود | C54: راحة | D54: راحة | F54: 0 | G54: 0 | H54: 0.076388889 | I54: الجسر-النزهه | K54: 1 | L54: 2 | M54: 0.09375 | N54: التجمع 1 | P54: 1 | Q54: 1 | R54: سنوى | S54: سنوى | U54: 0 | V54: 0 | W54: 0.10416667 | X54: السواح-المطريه | Y54: اكتوبر-عباسيه منفذ المصنع | Z54: 3 | AA54: 5 | AB54: 0.10069444 | AC54: السواح-المطريه | AD54: ورشه خارجيه ايس كريم(3فروع) | AE54: 3 | AF54: 6 | AJ54: 0 | AK54: 0 | AM54: =AJ54+AE54+Z54+U54+P54+K54+F54 -> 8 | AN54: =AK54+AF54+AA54+V54+Q54+L54+G54 -> 14
B55: اسلام عبدالرازق عبدالجواد | C55: 0.076388889 | D55: الترعه-الكوربه-السواح | F55: 1 | G55: 3 | H55: 0.072916667 | I55: عباسيه- وايلى | J55: منطقه السواح | K55: 2 | L55: 3 | M55: 0.076388889 | N55: المنتزه - الكوربة | O55: مأمورية السراج مول | P55: 2 | Q55: 3 | R55: 0.15277778 | S55: الوسط - الشريف | U55: 1 | V55: 2 | W55: 0.083333333 | X55: عباسيه-وايلى | Z55: 1 | AA55: 2 | AB55: 0.083333333 | AC55: خامات(2فروع) | AE55: 1 | AF55: 2 | AG55: 0.069444444 | AH55: بهتيم | AJ55: 1 | AK55: 1 | AM55: =AJ55+AE55+Z55+U55+P55+K55+F55 -> 9 | AN55: =AK55+AF55+AA55+V55+Q55+L55+G55 -> 16
A56: 49 | B56: إبراهيم المغاورى المغاورى | C56: 0.076388889 | D56: الترعه | F56: 1 | G56: 1 | H56: راحة | I56: راحة | K56: 0 | L56: 0 | M56: 0.083333333 | N56: عبور-قاعه | P56: 1 | Q56: 2 | R56: 0.083333333 | S56: الجسر - النزهة | T56: السواح ورشة خارجية | U56: 3 | V56: 4 | W56: 0.083333333 | X56: سرياقوس | Y56: التجمع1 | Z56: 2 | AA56: 2 | AB56: 0.079861111 | AC56: الترعه | AD56: السواح | AE56: 2 | AF56: 2 | AG56: 0.079861111 | AH56: خامات(3فروع) | AJ56: 1 | AK56: 3 | AM56: =AJ56+AE56+Z56+U56+P56+K56+F56 -> 10 | AN56: =AK56+AF56+AA56+V56+Q56+L56+G56 -> 14
A57: 16 | B57: مدحت محمد | C57: 0.097222222 | D57: شبرا-الدوران-مسطرد | E57: ايس كريم(3فروع) | F57: 2 | G57: 6 | H57: 0.10416667 | I57: الترعه-السواح-التجمع5 | K57: 1 | L57: 3 | M57: 0.10416667 | N57: شبرا - الدوران | O57: الترعة | P57: 2 | Q57: 3 | R57: 0.13888889 | S57: المرغنى - عباس - مكرم | T57: السيارة فارغة ( الدوران ) | U57: 2 | V57: 4 | W57: 0.083333333 | X57: شبرا-الدوران | Y57: ايس كريم(3فروع) | Z57: 2 | AA57: 5 | AB57: 0.09375 | AC57: عرابى-الدقى | AE57: 1 | AF57: 2 | AG57: سنوى | AH57: سنوى | AJ57: 0 | AK57: 0 | AM57: =AJ57+AE57+Z57+U57+P57+K57+F57 -> 10 | AN57: =AK57+AF57+AA57+V57+Q57+L57+G57 -> 23
A58: 64 | B58: شريف حسنى جابر | C58: مرضى | D58: مرضى | F58: 0 | G58: 0 | H58: مرضى | I58: مرضى | K58: 0 | L58: 0 | M58: مرضى | N58: مرضى | P58: 0 | Q58: 0 | R58: مرضى | S58: مرضى | U58: 0 | V58: 0 | W58: مرضى | X58: مرضى | Z58: 0 | AA58: 0 | AB58: مرضى | AC58: مرضى | AE58: 0 | AF58: 0 | AG58: مرضى | AH58: مرضى | AJ58: 0 | AK58: 0 | AM58: =AJ58+AE58+Z58+U58+P58+K58+F58 -> 0 | AN58: =AK58+AF58+AA58+V58+Q58+L58+G58 -> 0
A59: 68 | B59: محمد احمد حجازى | C59: 0.097222222 | D59: الوسط-الشريف | F59: 1 | G59: 2 | H59: 0.097222222 | I59: خامات(2فرع) | K59: 1 | L59: 2 | M59: 0.097222222 | N59: الشروق 1- الشروق 2 | P59: 1 | Q59: 2 | R59: 0.09375 | S59: التجمع 1 - التجمع 5 | U59: 1 | V59: 2 | W59: بدل راحه | X59: بدل راحه | Z59: 0 | AA59: 0 | AB59: 0.10416667 | AC59: السواح-الشيراتون | AD59: السواح | AE59: 2 | AF59: 3 | AG59: 0.083333333 | AH59: جاردنيا-الشيراتون-الكوربه-منتزه | AI59: فكره-السواح | AJ59: 2 | AK59: 6 | AM59: =AJ59+AE59+Z59+U59+P59+K59+F59 -> 8 | AN59: =AK59+AF59+AA59+V59+Q59+L59+G59 -> 17
B60: احمد عبد الرحمن الهوارى | C60: سنوى | D60: سنوى | F60: 0 | G60: 0 | H60: 0.13194444 | I60: بهتيم | J60: ايس كريم(3فروع) مصنع ابو محرم | K60: 3 | L60: 5 | M60: راحة | N60: راحة | P60: 0 | Q60: 0 | R60: 0.125 | S60: ايس كريم ( 6 فروع ) | U60: 1 | V60: 6 | W60: 0.125 | X60: الترعه-الجسر | Z60: 1 | AA60: 2 | AB60: 0.125 | AC60: خامات(الكوربه) | AE60: 1 | AF60: 1 | AG60: 0.086805556 | AH60: الترعه | AI60: ورشه خارجيه | AJ60: 2 | AK60: 2 | AM60: =AJ60+AE60+Z60+U60+P60+K60+F60 -> 8 | AN60: =AK60+AF60+AA60+V60+Q60+L60+G60 -> 16
A61: 71 | B61: محمد صلاح محمد اسماعيل | C61: 0.125 | D61: الكيلو4.5 | E61: التجمع1-التجمع5-جاردنيا | F61: 2 | G61: 4 | H61: 0.125 | I61: ايس كريم(6فروع) | K61: 1 | L61: 6 | M61: راحة | N61: راحة | P61: 0 | Q61: 0 | R61: 0.13541667 | S61: الوايلى - العباسية | T61: منطقة السواح | U61: 2 | V61: 3 | W61: غياب | X61: غياب بدون اذن | Z61: 0 | AA61: 0 | AB61: 0.125 | AC61: منطقه الجسر | AE61: 1 | AF61: 1 | AG61: 0.086805556 | AJ61: 0 | AK61: 0 | AM61: =AJ61+AE61+Z61+U61+P61+K61+F61 -> 6 | AN61: =AK61+AF61+AA61+V61+Q61+L61+G61 -> 14
A62: 57 | B62: سيف موافى خيرى | C62: 0.090277778 | D62: خامات(2فروع) | F62: 1 | G62: 2 | H62: 0.090277778 | I62: خامات(3فروع) | K62: 1 | L62: 3 | M62: راحة | N62: راحة | P62: 0 | Q62: 0 | R62: 0.083333333 | S62: اكتوبر | T62: السيارة فارغة ( الدوران - العاشر من رمضان ) | U62: 2 | V62: 3 | W62: 0.090277778 | X62: الترعه | Y62: ابومحرم وايلى-الدوران-شبرا-وسط-الشريف | Z62: 2 | AA62: 8 | AB62: 0.090277778 | AC62: العاشر من رمضان-الشروق(خامات) | AE62: 1 | AF62: 2 | AG62: 0.076388889 | AH62: الترعه | AI62: منفذالمصنع الترعه ورشه كاوتش | AJ62: 4 | AK62: 4 | AM62: =AJ62+AE62+Z62+U62+P62+K62+F62 -> 11 | AN62: =AK62+AF62+AA62+V62+Q62+L62+G62 -> 22
B63: شريف محمد احمد | C63: 0.097222222 | D63: منطقه العاشر | F63: 1 | G63: 1 | H63: 0.09375 | I63: عبور-التجمع1 | K63: 1 | L63: 2 | M63: 0.10069444 | N63: الشيراتون - جاردينيا | P63: 1 | Q63: 2 | R63: راحة | S63: راحة | U63: 0 | V63: 0 | W63: 0.083333333 | X63: الكوربه-منتزه-جاردنيا-الشيراتون | Z63: 1 | AA63: 4 | AB63: 0.09375 | AC63: الكوربه-منتزه-جاردنيا-الشيراتون | AE63: 1 | AF63: 4 | AG63: 0.083333333 | AH63: ايس كريم(2فرع) | AJ63: 1 | AK63: 2 | AM63: =AJ63+AE63+Z63+U63+P63+K63+F63 -> 6 | AN63: =AK63+AF63+AA63+V63+Q63+L63+G63 -> 15
B64: مصطفى عيسى | C64: 0.083333333 | D64: مكرم-عباس-المرعنى | E64: اول جمال-مسره | F64: 2 | G64: 5 | H64: 0.083333333 | I64: الدقى -عرابى | K64: 1 | L64: 2 | M64: 0.083333333 | N64: مسطرد - السواح | O64: خامات ( 4 فروع ) | P64: 2 | Q64: 6 | R64: راحة | S64: راحة | U64: 0 | V64: 0 | W64: 0.083333333 | X64: مكرم-عباس-المرغنى | Y64: خامات(2فرع) | Z64: 2 | AA64: 5 | AB64: 0.083333333 | AC64: الجسر-النزهه | AD64: الترعه-الدوران-شبرا | AE64: 2 | AF64: 5 | AG64: 0.083333333 | AH64: مكرم-عباس-المرغنى | AJ64: 1 | AK64: 3 | AM64: =AJ64+AE64+Z64+U64+P64+K64+F64 -> 10 | AN64: =AK64+AF64+AA64+V64+Q64+L64+G64 -> 26
B65: كارم سعيد | C65: 0.090277778 | D65: الوسط-الشريف | E65: ابو محرم | F65: 2 | G65: 3 | H65: 0.083333333 | I65: الوسط-الشريف | J65: منطقه اكتوبر | K65: 2 | L65: 3 | M65: 0.10416667 | N65: الوسط - الشريف | P65: 1 | Q65: 2 | R65: راحة | S65: راحة | U65: 0 | V65: 0 | W65: 0.10416667 | X65: الوسط-الشريف | Z65: 1 | AA65: 2 | AB65: 0.083333333 | AC65: الوسط-الشريف | AE65: 1 | AF65: 2 | AG65: 0.083333333 | AH65: الوسط-الشريف | AJ65: 1 | AK65: 2 | AM65: =AJ65+AE65+Z65+U65+P65+K65+F65 -> 8 | AN65: =AK65+AF65+AA65+V65+Q65+L65+G65 -> 14
B66: طارق عزت | C66: سنوى | D66: سنوى | F66: 0 | G66: 0 | H66: 0.083333333 | I66: شبرا-الدوران | J66: العاشر من رمضان | K66: 2 | L66: 3 | M66: 0.083333333 | N66: الدقى - عرابى | P66: 1 | Q66: 2 | R66: راحة | S66: راحة | U66: 0 | V66: 0 | W66: 0.083333333 | X66: الدقى -عرابى | Y66: التجمع 1 - التجمع 5 | Z66: 2 | AA66: 4 | AB66: 0.072916667 | AC66: خامات(3فروع) | AE66: 1 | AF66: 3 | AG66: 0.079861111 | AH66: الترعه | AI66: بهتيم المعادى | AJ66: 3 | AK66: 3 | AM66: 3 | AN66: 5
B67: محمد ابراهيم فهيم | C67: 0.083333333 | D67: الجسر-النزهه | E67: السواح-الكوربه-الشيراتون | F67: 2 | G67: 5 | H67: 0.09375 | I67: السواح-المطريه | J67: خامات الكوربه | K67: 2 | L67: 3 | M67: 0.083333333 | N67: العاشر | O67: الوايلى - العباسية | P67: 2 | Q67: 3 | R67: راحة | S67: راحة | U67: 0 | V67: 0 | W67: 0.083333333 | X67: العاشر -مسطرد | Y67: ايس كريم(4فروع) ايس كريم المعادى1 | Z67: 3 | AA67: 7 | AB67: 0.090277778 | AC67: عباسيه-وايلى | AD67: الترعه | AE67: 2 | AF67: 3 | AG67: 0.083333333 | AH67: الجسر-النزهه | AI67: الترعه-منفذ المصنع | AJ67: 2 | AK67: 4 | AM67: =AJ67+AE67+Z67+U67+P67+K67+F67 -> 13 | AN67: =AK67+AF67+AA67+V67+Q67+L67+G67 -> 25
B68: مدحت محمداحمد السيد | C68: 0.375 | D68: ابو محرم | F68: 1 | G68: 1 | H68: 0.38888889 | I68: ابو محرم | K68: 1 | L68: 1 | M68: 0.39583333 | P68: 0 | Q68: 0 | R68: 0.375 | U68: 0 | V68: 0 | W68: 0.375 | Z68: 0 | AA68: 0 | AB68: 0.375 | AC68: ابو محرم | AE68: 1 | AF68: 1 | AG68: راحة | AH68: راحة | AJ68: 0 | AK68: 0 | AM68: =AJ68+AE68+Z68+U68+P68+K68+F68 -> 3 | AN68: =AK68+AF68+AA68+V68+Q68+L68+G68 -> 3
B69: طه صابر | C69: راحة | D69: راحة | F69: 0 | G69: 0 | H69: 0.36805556 | I69: ابو محرم | K69: 1 | L69: 1 | M69: سنوى | N69: سنوى | P69: 0 | Q69: 0 | R69: 0.375 | U69: 0 | V69: 0 | W69: 0.36111111 | X69: ورشه خارجيه | Y69: ابو محرم | Z69: 2 | AA69: 2 | AB69: 0.375 | AE69: 0 | AF69: 0 | AG69: 0.375 | AH69: ابو محرم | AJ69: 1 | AK69: 1 | AM69: =AJ69+AE69+Z69+U69+P69+K69+F69 -> 4 | AN69: =AK69+AF69+AA69+V69+Q69+L69+G69 -> 4
A70: 60 | B70: محمد جمعة | C70: سنوى | D70: سنوى | F70: 0 | G70: 0 | H70: 0.375 | K70: 0 | L70: 0 | M70: 0.375 | P70: 0 | Q70: 0 | R70: راحة | S70: راحة | U70: 0 | V70: 0 | W70: 0.375 | Z70: 0 | AA70: 0 | AB70: 0.375 | AE70: 0 | AF70: 0 | AG70: 0.375 | AJ70: 0 | AK70: 0 | AM70: =AJ70+AE70+Z70+U70+P70+K70+F70 -> 0 | AN70: =AK70+AF70+AA70+V70+Q70+L70+G70 -> 0
A71: 1 | B71: ممدوح عبد العال | C71: 0.20833333 | D71: عبور | F71: 1 | G71: 1 | H71: 0.18055556 | I71: الشروق-بدر | J71: بورسعيد | K71: 2 | L71: 3 | M71: سنوى | N71: سنوى | P71: 0 | Q71: 0 | R71: 0.16666667 | S71: بورسعيد | U71: 1 | V71: 1 | W71: راحة | X71: راحة | Z71: 0 | AA71: 0 | AB71: 0.20833333 | AC71: عبور | AD71: بورسعيد | AE71: 2 | AF71: 2 | AG71: 0.20833333 | AH71: بورسعيد | AJ71: 1 | AK71: 1 | AM71: =AJ71+AE71+Z71+U71+P71+K71+F71 -> 7 | AN71: =AK71+AF71+AA71+V71+Q71+L71+G71 -> 8
A72: 15 | B72: احمداشرف احمد | C72: 0.26388889 | D72: الشروق-بدر | E72: بورسعيد | F72: 2 | G72: 3 | H72: 0.26388889 | I72: عبور | J72: اول جمال-النزهه | K72: 2 | L72: 3 | M72: 0.26041667 | N72: مسره | O72: اللبينى-ترسا | P72: 2 | Q72: 3 | R72: 0.27430556 | S72: مسرة | T72: اول جمال - النزهة العباسية | U72: 3 | V72: 4 | W72: راحة | X72: راحة | Z72: 0 | AA72: 0 | AB72: سنوى | AC72: سنوى | AE72: 0 | AF72: 0 | AG72: 0.26041667 | AH72: عباسيه | AI72: مسره-عباسيه | AJ72: 2 | AK72: 3 | AM72: =AJ72+AE72+Z72+U72+P72+K72+F72 -> 11 | AN72: =AK72+AF72+AA72+V72+Q72+L72+G72 -> 16
B73: مصطفى عادل | C73: 0.25347222 | D73: الشارع-التعاون | E73: السلام-العبور | F73: 2 | G73: 4 | H73: 0.25694444 | I73: اول جمال-السلام | J73: الشارع-التعاون | K73: 2 | L73: 4 | M73: 0.26041667 | N73: الشارع-التعاون | O73: اول جمال-النزهه السلام-اول جمال | P73: 3 | Q73: 6 | R73: 0.26041667 | S73: الشارع - التعاون | T73: السلام - العبور | U73: 2 | V73: 4 | W73: 0.25 | X73: اول جمال - السلام | Z73: 1 | AA73: 2 | AB73: راحة | AC73: راحة | AE73: 0 | AF73: 0 | AG73: 0.25694444 | AH73: اول جمال - السلام | AI73: التعاون | AJ73: 2 | AK73: 3 | AM73: =AJ73+AE73+Z73+U73+P73+K73+F73 -> 12 | AN73: =AK73+AF73+AA73+V73+Q73+L73+G73 -> 23
A74: 9 | B74: احمد السعيد | C74: 0.25 | D74: اللبينى-ترسا | E74: عباسيه-مسره | F74: 2 | G74: 4 | H74: 0.24305556 | I74: اللبينى-ترسا | J74: مسره | K74: 2 | L74: 3 | M74: 0.25347222 | N74: العباسية | O74: السلام-العبور | P74: 2 | Q74: 3 | R74: 0.25694444 | S74: اللبينى - ترسا | T74: بورسعيد / بورسعيد | U74: 3 | V74: 4 | W74: 0.25 | X74: العبور | Z74: 1 | AA74: 1 | AB74: راحة | AC74: راحة | AE74: 0 | AF74: 0 | AG74: 0.26041667 | AH74: مسره | AI74: الشروق - بدر | AJ74: 2 | AK74: 3 | AM74: =AJ74+AE74+Z74+U74+P74+K74+F74 -> 12 | AN74: =AK74+AF74+AA74+V74+Q74+L74+G74 -> 18
A75: 54 | B75: مجدى صبحى سالم | C75: 0.24652778 | D75: النزهه | F75: 1 | G75: 1 | H75: 0.25 | I75: مسره | J75: اللبينى-ترسا | K75: 2 | L75: 3 | M75: 0.25347222 | N75: الشروق-بدر | O75: الشارع-التعاون | P75: 2 | Q75: 4 | R75: 0.25 | S75: العباسية - مسرة | U75: 1 | V75: 2 | W75: 0.24652778 | X75: الشروق - بدر | Y75: العباسية - مسرة بورسعيد | Z75: 3 | AA75: 5 | AB75: 0.24652778 | AC75: الشروق - بدر | AD75: الشارع | AE75: 2 | AF75: 3 | AG75: راحة | AH75: راحة | AJ75: 0 | AK75: 0 | AM75: =AJ75+AE75+Z75+U75+P75+K75+F75 -> 11 | AN75: =AK75+AF75+AA75+V75+Q75+L75+G75 -> 18
A76: 47 | B76: احمد جمعه | C76: 0.26388889 | D76: اول جمال-السلام | E76: الشارع-التعاون | F76: 2 | G76: 4 | H76: 0.27083333 | I76: الشارع-التعاون | J76: السلام-العبور | K76: 2 | L76: 4 | M76: 0.26041667 | N76: اول جمال-السلام | O76: الشارع-التعاون | P76: 2 | Q76: 4 | R76: 0.27083333 | S76: اول جمال - السلام | T76: الشارع - التعاون التعاون | U76: 3 | V76: 5 | W76: 0.25347222 | X76: الشارع - التعاون | Y76: السلام - العبور | Z76: 2 | AA76: 4 | AB76: 0.25 | AC76: اول جمال - السلام | AD76: اول جمال - النزهه | AE76: 2 | AF76: 4 | AG76: راحة | AH76: راحة | AJ76: 0 | AK76: 0 | AM76: =AJ76+AE76+Z76+U76+P76+K76+F76 -> 13 | AN76: =AK76+AF76+AA76+V76+Q76+L76+G76 -> 25
B77: احمد صادق | C77: 0.25347222 | F77: 0 | G77: 0 | H77: 0.25347222 | I77: النزهه | J77: مسطرد | K77: 2 | L77: 2 | M77: 0.23958333 | N77: النزهه | O77: الشروق-بدر | P77: 2 | Q77: 3 | R77: 0.25694444 | S77: النزهة | T77: مصنع ابو محرم اول جمال - النزهة | U77: 2 | V77: 2 | W77: 0.25 | X77: النزهة | Y77: الشروق - بدر | Z77: 2 | AA77: 3 | AB77: 0.24652778 | AC77: النزهة | AD77: اللبينى - ترسا | AE77: 2 | AF77: 3 | AG77: 0.25694444 | AH77: بافاريا | AI77: الشروق - بدر | AJ77: 2 | AK77: 3 | AM77: =AJ77+AE77+Z77+U77+P77+K77+F77 -> 12 | AN77: =AK77+AF77+AA77+V77+Q77+L77+G77 -> 16
B78: محمد صديق فهمى | C78: راحة | D78: راحة | F78: 0 | G78: 0 | H78: 0.25694444 | I78: عباسيه | J78: عباسيه | K78: 2 | L78: 2 | M78: 0.25347222 | N78: مسره | O78: عبور عبور | P78: 3 | Q78: 3 | R78: 0.25 | S78: العباسية | T78: الشروق - بدر | U78: 2 | V78: 3 | W78: 0.25347222 | X78: مسرة | Y78: بورسعيد ترسا-اللبينى | Z78: 3 | AA78: 4 | AB78: 0.24652778 | AC78: اللبينى - ترسا | AD78: عباسيه | AE78: 2 | AF78: 3 | AG78: 0.24652778 | AH78: اللبينى - ترسا | AI78: بورسعيد الشارع | AJ78: 3 | AK78: 4 | AM78: =AJ78+AE78+Z78+U78+P78+K78+F78 -> 15 | AN78: =AK78+AF78+AA78+V78+Q78+L78+G78 -> 19
B79: اسلام سلطان | C79: 0.25 | D79: عباسيه | E79: اول جمال-النزهه | F79: 2 | G79: 3 | H79: راحة | I79: راحة | K79: 0 | L79: 0 | M79: 0.22569444 | N79: اللبينى-ترسا | O79: العباسيه | P79: 2 | Q79: 3 | R79: 0.23611111 | S79: الشروق - بدر | T79: مسرة | U79: 2 | V79: 3 | W79: 0.25 | X79: اللبينى - ترسا | Z79: 1 | AA79: 2 | AB79: 0.23958333 | AC79: مسره | AD79: التعاون | AE79: 2 | AF79: 2 | AG79: 0.24652778 | AH79: الشروق - بدر | AI79: منفذ بورسعيد | AJ79: 2 | AK79: 3 | AM79: =AJ79+AE79+Z79+U79+P79+K79+F79 -> 11 | AN79: =AK79+AF79+AA79+V79+Q79+L79+G79 -> 16
B80: حسن على عبد الله | C80: 0.25 | D80: مسره | E80: اللبينى-ترسا | F80: 2 | G80: 3 | H80: سنوى | I80: سنوى | K80: 0 | L80: 0 | M80: راحة | N80: راحة | P80: 0 | Q80: 0 | R80: 0.29513889 | S80: العبور | T80: اللبينى - ترسا الشارع | U80: 3 | V80: 4 | W80: 0.25347222 | X80: العباسية | Y80: الشارع - التعاون | Z80: 2 | AA80: 3 | AB80: 0.25 | AC80: عباسيه | AD80: الشروق - بدر مسطرد | AE80: 3 | AF80: 4 | AG80: 0.26041667 | AH80: عبور | AI80: اول جمال - النزهه | AJ80: 2 | AK80: 3 | AM80: =AJ80+AE80+Z80+U80+P80+K80+F80 -> 12 | AN80: =AK80+AF80+AA80+V80+Q80+L80+G80 -> 17
B81: محمد احمد محمد | C81: 0.27777778 | D81: بورسعيد | E81: الشروق-بدر | F81: 2 | G81: 3 | H81: 0.28819444 | I81: بورسعيد | J81: الشروق-بدر مسطرد | K81: 3 | L81: 4 | M81: 0.28819444 | N81: بورسعيد | O81: بورسعيد بورسعيد | P81: 3 | Q81: 3 | R81: راحة | S81: راحة | U81: 0 | V81: 0 | W81: 0.28819444 | Z81: 0 | AA81: 0 | AB81: 0.30208333 | AC81: الشارع - التعاون | AD81: السلام - العبور | AE81: 2 | AF81: 4 | AG81: 0.27777778 | AH81: الشارع - التعاون | AI81: السلام - العبور | AJ81: 2 | AK81: 4 | AM81: =AJ81+AE81+Z81+U81+P81+K81+F81 -> 12 | AN81: =AK81+AF81+AA81+V81+Q81+L81+G81 -> 18
B82: ايمن سعيد معوض | C82: 0.16666667 | F82: 0 | G82: 0 | H82: سنوى | I82: سنوى | K82: 0 | L82: 0 | M82: 0.16666667 | P82: 0 | Q82: 0 | R82: راحة | S82: راحة | U82: 0 | V82: 0 | W82: 0.18402778 | Z82: 0 | AA82: 0 | AB82: 0.17361111 | AC82: بورسعيد | AE82: 1 | AF82: 1 | AG82: سنوى | AH82: سنوى | AJ82: 0 | AK82: 0 | AM82: =AJ82+AE82+Z82+U82+P82+K82+F82 -> 1 | AN82: =AK82+AF82+AA82+V82+Q82+L82+G82 -> 1
B83: حسام سلامة بيومى | C83: 0.53125 | D83: مسطرد | F83: 1 | G83: 1 | H83: 0.52777778 | I83: منفذ المصنع | K83: 1 | L83: 1 | M83: 0.53472222 | N83: مسره-عباسيه | O83: منطقه | P83: 2 | Q83: 3 | R83: 0.041666667 | S83: منفذ بورسعيد | U83: 1 | V83: 1 | W83: راحة | X83: راحة | Z83: 0 | AA83: 0 | AB83: 0.52777778 | AC83: منفذ بورسعيد | AD83: كرتون منطقه القاهره | AE83: 2 | AF83: 2 | AG83: 0.52777778 | AH83: مسطرد | AJ83: 1 | AK83: 1 | AM83: =AJ83+AE83+Z83+U83+P83+K83+F83 -> 8 | AN83: =AK83+AF83+AA83+V83+Q83+L83+G83 -> 9
B84: احمد شحات محمد | C84: 0.52777778 | D84: مسطرد | F84: 1 | G84: 1 | H84: 0.54166667 | I84: منطقه | K84: 1 | L84: 1 | M84: 0.53472222 | N84: الشروق-بدر | O84: منطقه | P84: 2 | Q84: 3 | R84: 0.041666667 | S84: الشروق - بدر | U84: 1 | V84: 2 | W84: 0.52083333 | X84: منطقه القاهره | Z84: 1 | AA84: 1 | AB84: راحة | AC84: راحة | AE84: 0 | AF84: 0 | AG84: 0.52430556 | AH84: كرتون | AJ84: 1 | AK84: 1 | AM84: =AJ84+AE84+Z84+U84+P84+K84+F84 -> 7 | AN84: =AK84+AF84+AA84+V84+Q84+L84+G84 -> 9
B85: محمد عبد الرحمن | C85: 0.53125 | D85: منطقه | F85: 1 | G85: 1 | H85: 0.53472222 | I85: كرتون(5فروع) | K85: 1 | L85: 5 | M85: 0.52777778 | N85: مسطرد | O85: ورشه خارجيه ايس كريم ( 4 فروع ) | P85: 3 | Q85: 6 | R85: راحة | S85: راحة | U85: 0 | V85: 0 | W85: 0.52430556 | X85: منطقه الجيزه | Z85: 1 | AA85: 1 | AB85: 0.54166667 | AC85: منطقه الجيزه | AE85: 1 | AF85: 1 | AG85: 0.53819444 | AH85: منطقه الجيزه | AJ85: 1 | AK85: 1 | AM85: =AJ85+AE85+Z85+U85+P85+K85+F85 -> 8 | AN85: =AK85+AF85+AA85+V85+Q85+L85+G85 -> 15
B86: مصطفى احمد احمد | C86: 0.53125 | D86: منطقه | F86: 1 | G86: 1 | H86: 0.53472222 | I86: كرتون(5فروع) | K86: 1 | L86: 5 | M86: 0.52777778 | N86: مسطرد | O86: ورشه خارجيه ايس كريم ( 4 فروع ) | P86: 3 | Q86: 6 | U86: 0 | V86: 0 | W86: 0.53125 | X86: كرتون(4فروع) | Z86: 1 | AA86: 4 | AB86: 0.54513889 | AC86: منطقه القاهره | AE86: 1 | AF86: 1 | AG86: 0.54166667 | AH86: منطقه القاهره | AJ86: 1 | AK86: 1 | AM86: =AJ86+AE86+Z86+U86+P86+K86+F86 -> 8 | AN86: =AK86+AF86+AA86+V86+Q86+L86+G86 -> 18

Sheet تحليل الاداء 
A1: م | B1: اسم السائق | C1: مواعيد الحضور | D1: 46140 | E1: 46140 | F1: عدد الرحلات | G1: عدد الفروع | H1: مواعيد الحضور | I1: 46141 | J1: 46141 | K1: عدد الرحلات | L1: عدد الفروع | M1: مواعيد الحضور | N1: 46142 | O1: 46142 | P1: عدد الرحلات | Q1: عدد الفروع | R1: مواعيد الحضور | S1: 46143 | T1: 46143 | U1: عدد الرحلات | V1: عدد الفروع | W1: مواعيد الحضور | X1: 46144 | Y1: 46144 | Z1: عدد الرحلات | AA1: عدد الفروع | AB1: مواعيد الحضور | AC1: 46145 | AD1: 46145 | AE1: عدد الرحلات | AF1: عدد الفروع | AG1: مواعيد الحضور | AH1: 46146 | AI1: 46146 | AJ1: عدد الرحلات | AK1: عدد الفروع | AM1: عدد الرحلات المجمع اسبوعى | AN1: عدد الفروع المجمع اسبوعى
A2: 2 | B2: عمرو محمد حسنى | C2: 0.25 | D2: الشروق1-الشروق3 | E2: سرياقوس | F2: 2 | G2: 3 | AM2: =AJ2+AE2+Z2+U2+P2+K2+F2 -> 2 | AN2: =AK2+AF2+AA2+V2+Q2+L2+G2 -> 3
A3: 3 | B3: محمد حسن حسان | C3: 0.23958333 | D3: الجسر | E3: الجسر-النزهه | F3: 2 | G3: 3 | AM3: =AJ3+AE3+Z3+U3+P3+K3+F3 -> 2 | AN3: =AK3+AF3+AA3+V3+Q3+L3+G3 -> 3
A4: 4 | B4: احمد حسن | C4: 0.25347222 | D4: الدقى | E4: المعادى1-المعادى2 | F4: 2 | G4: 3 | AM4: =AJ4+AE4+Z4+U4+P4+K4+F4 -> 2 | AN4: =AK4+AF4+AA4+V4+Q4+L4+G4 -> 3
A5: 7 | B5: عمرو عبد الرحمن | C5: 0.25694444 | D5: الطوابق | E5: مسطرد | F5: 2 | G5: 2 | AM5: =AJ5+AE5+Z5+U5+P5+K5+F5 -> 2 | AN5: =AK5+AF5+AA5+V5+Q5+L5+G5 -> 2
B6: كريم محمود | C6: 0.27777778 | D6: الشريف | E6: الشروق1-الشروق3 | F6: 2 | G6: 3 | AM6: =AJ6+AE6+Z6+U6+P6+K6+F6 -> 2 | AN6: =AK6+AF6+AA6+V6+Q6+L6+G6 -> 3
B7: على حمدى | C7: 0.26041667 | D7: عرابى | E7: وايلى-عباسيه | F7: 2 | G7: 3 | AM7: =AJ7+AE7+Z7+U7+P7+K7+F7 -> 2 | AN7: =AK7+AF7+AA7+V7+Q7+L7+G7 -> 3
A8: 8 | B8: رضا معروف | C8: سنوى | D8: سنوى | F8: 0 | G8: 0 | AM8: =AJ8+AE8+Z8+U8+P8+K8+F8 -> 0 | AN8: =AK8+AF8+AA8+V8+Q8+L8+G8 -> 0
A9: 10 | B9: وائل على | C9: 0.25 | D9: جاردنيا -مكرم | E9: فبصل- الطوابق | F9: 2 | G9: 4 | AM9: =AJ9+AE9+Z9+U9+P9+K9+F9 -> 2 | AN9: =AK9+AF9+AA9+V9+Q9+L9+G9 -> 4
B10: اسامه مصطفى | C10: 0.24652778 | D10: مسطرد-المطريه | E10: العبور2 | F10: 2 | G10: 3 | AM10: =AJ10+AE10+Z10+U10+P10+K10+F10 -> 2 | AN10: =AK10+AF10+AA10+V10+Q10+L10+G10 -> 3
A11: 12 | B11: على عادل عبد الفتاح | C11: 0.24652778 | D11: فيصل | E11: عرابى-الدقى | F11: 2 | G11: 3 | AM11: =AJ11+AE11+Z11+U11+P11+K11+F11 -> 2 | AN11: =AK11+AF11+AA11+V11+Q11+L11+G11 -> 3
A12: 41 | B12: رجب محمد مصطفى | C12: 0.24305556 | D12: الدوران شبرا | E12: السواح-المطريه | F12: 2 | G12: 4 | AM12: =AJ12+AE12+Z12+U12+P12+K12+F12 -> 2 | AN12: =AK12+AF12+AA12+V12+Q12+L12+G12 -> 4
B13: محمد صلاح | C13: 0.25 | D13: اكتوبر | E13: العاشر من رمضان | F13: 2 | G13: 2 | AM13: =AJ13+AE13+Z13+U13+P13+K13+F13 -> 2 | AN13: =AK13+AF13+AA13+V13+Q13+L13+G13 -> 2
A14: 13 | B14: علاء مجدى | C14: 0.23611111 | D14: المرغنى-عباس | E14: بهتيم | F14: 2 | G14: 3 | AM14: =AJ14+AE14+Z14+U14+P14+K14+F14 -> 2 | AN14: =AK14+AF14+AA14+V14+Q14+L14+G14 -> 3
A15: 14 | B15: مصطفى احمد | C15: 0.25 | D15: منتزه -وايلى | E15: منفذ المصنع ابومحرم | F15: 3 | G15: 4 | AM15: =AJ15+AE15+Z15+U15+P15+K15+F15 -> 3 | AN15: =AK15+AF15+AA15+V15+Q15+L15+G15 -> 4
A16: 17 | B16: الشناوى سرور | C16: سنوى | D16: سنوى | F16: 0 | G16: 0 | AM16: =AJ16+AE16+Z16+U16+P16+K16+F16 -> 0 | AN16: =AK16+AF16+AA16+V16+Q16+L16+G16 -> 0
A17: 18 | B17: احمد عواد | C17: راحة | D17: راحة | F17: 0 | G17: 0 | AM17: =AJ17+AE17+Z17+U17+P17+K17+F17 -> 0 | AN17: =AK17+AF17+AA17+V17+Q17+L17+G17 -> 0
B18: محمد مراد | C18: راحة | D18: راحة | F18: 0 | G18: 0 | AM18: =AJ18+AE18+Z18+U18+P18+K18+F18 -> 0 | AN18: =AK18+AF18+AA18+V18+Q18+L18+G18 -> 0
B19: خالد عبده | C19: راحة | D19: راحة | F19: 0 | G19: 0 | AM19: =AJ19+AE19+Z19+U19+P19+K19+F19 -> 0 | AN19: =AK19+AF19+AA19+V19+Q19+L19+G19 -> 0
A20: 19 | B20: سيد محمد العسال | C20: راحة | D20: راحة | F20: 0 | G20: 0 | AM20: =AJ20+AE20+Z20+U20+P20+K20+F20 -> 0 | AN20: =AK20+AF20+AA20+V20+Q20+L20+G20 -> 0
A21: 20 | B21: صبري امام | C21: راحة | D21: راحة | F21: 0 | G21: 0 | AM21: =AJ21+AE21+Z21+U21+P21+K21+F21 -> 0 | AN21: =AK21+AF21+AA21+V21+Q21+L21+G21 -> 0
A22: 22 | B22: سامح عبد السميع | C22: راحة | D22: راحة | F22: 0 | G22: 0 | AM22: =AJ22+AE22+Z22+U22+P22+K22+F22 -> 0 | AN22: =AK22+AF22+AA22+V22+Q22+L22+G22 -> 0
A23: 23 | B23: جمعه السيد | C23: 0.25 | D23: المطريه-مسطرد | E23: مصر للطيران سرياقوس | F23: 2 | G23: 3 | AM23: =AJ23+AE23+Z23+U23+P23+K23+F23 -> 2 | AN23: =AK23+AF23+AA23+V23+Q23+L23+G23 -> 3
B24: خالد صبرى | C24: سنوى | D24: سنوى | F24: 0 | G24: 0 | AM24: =AJ24+AE24+Z24+U24+P24+K24+F24 -> 0 | AN24: =AK24+AF24+AA24+V24+Q24+L24+G24 -> 0
B25: محمود أبو طالب | C25: سنوى | D25: سنوى | F25: 0 | G25: 0 | AM25: =AJ25+AE25+Z25+U25+P25+K25+F25 -> 0 | AN25: =AK25+AF25+AA25+V25+Q25+L25+G25 -> 0
A26: 25 | B26: عبد الرحمن محمد | C26: 0.25 | D26: العاشر من رمضان | E26: جاردنيا-الشيرتون | F26: 2 | G26: 3 | AM26: =AJ26+AE26+Z26+U26+P26+K26+F26 -> 2 | AN26: =AK26+AF26+AA26+V26+Q26+L26+G26 -> 3
A27: 26 | B27: خالد محمد ابراهيم | C27: 0.26041667 | D27: المعادى | E27: مكرم-العاشر | F27: 2 | G27: 3 | AM27: =AJ27+AE27+Z27+U27+P27+K27+F27 -> 2 | AN27: =AK27+AF27+AA27+V27+Q27+L27+G27 -> 3
A28: 27 | B28: رامى حسن محمد | C28: 0.23958333 | D28: العاشر | E28: عباس-المرغنى | F28: 2 | G28: 3 | AM28: =AJ28+AE28+Z28+U28+P28+K28+F28 -> 2 | AN28: =AK28+AF28+AA28+V28+Q28+L28+G28 -> 3
A29: 28 | B29: احمد سعيد سالم | C29: 0.26041667 | D29: الكوربه-توكيل | F29: 1 | G29: 2 | AM29: =AJ29+AE29+Z29+U29+P29+K29+F29 -> 1 | AN29: =AK29+AF29+AA29+V29+Q29+L29+G29 -> 2
A30: 33 | B30: رامى عادل | C30: 0.25694444 | D30: الشيراتون | F30: 1 | G30: 1 | AM30: =AJ30+AE30+Z30+U30+P30+K30+F30 -> 1 | AN30: =AK30+AF30+AA30+V30+Q30+L30+G30 -> 1
A31: 35 | B31: محمد عباس | C31: 0.26736111 | D31: الدوران | E31: مسطرد مأموريه | F31: 3 | G31: 3 | AM31: =AJ31+AE31+Z31+U31+P31+K31+F31 -> 3 | AN31: =AK31+AF31+AA31+V31+Q31+L31+G31 -> 3
B32: عمرو المهدى | C32: 0.25 | D32: العبور | E32: بهتيم | F32: 2 | G32: 2 | AM32: =AJ32+AE32+Z32+U32+P32+K32+F32 -> 2 | AN32: =AK32+AF32+AA32+V32+Q32+L32+G32 -> 2
B33: على الشحات | C33: 0.25347222 | D33: المعادى2 | E33: اكتوبر | F33: 2 | G33: 2 | AM33: =AJ33+AE33+Z33+U33+P33+K33+F33 -> 2 | AN33: =AK33+AF33+AA33+V33+Q33+L33+G33 -> 2
B34: محمود عادل حلمى | C34: استقاله | D34: استقاله | F34: 0 | G34: 0 | AM34: =AJ34+AE34+Z34+U34+P34+K34+F34 -> 0 | AN34: =AK34+AF34+AA34+V34+Q34+L34+G34 -> 0
B35: عبد الرحمن عاطف | C35: 0.26041667 | D35: السواح | E35: ثلاجه العبور | F35: 2 | G35: 2 | AM35: =AJ35+AE35+Z35+U35+P35+K35+F35 -> 2 | AN35: =AK35+AF35+AA35+V35+Q35+L35+G35 -> 2
B36: جمال فؤاد | C36: 0.25 | D36: الوسط | E36: مسطرد الكوربه-منتزه بهتيم | F36: 3 | G36: 4 | AM36: =AJ36+AE36+Z36+U36+P36+K36+F36 -> 3 | AN36: =AK36+AF36+AA36+V36+Q36+L36+G36 -> 4
B37: على النبوى | C37: 0.26041667 | D37: النزهه | E37: شبرا-الدوران | F37: 2 | G37: 3 | AM37: =AJ37+AE37+Z37+U37+P37+K37+F37 -> 2 | AN37: =AK37+AF37+AA37+V37+Q37+L37+G37 -> 3
B38: احمد فوزى | C38: 0.26388889 | D38: التجمع1-التجمع5 | E38: التجمع1-التجمع5 | F38: 2 | G38: 4 | AM38: =AJ38+AE38+Z38+U38+P38+K38+F38 -> 2 | AN38: =AK38+AF38+AA38+V38+Q38+L38+G38 -> 4
A39: 34 | B39: محمود عبد الفتاح | C39: 0.29166667 | D39: عباسيه | E39: الوسط-الشريف بهتيم | F39: 3 | G39: 4 | AM39: =AJ39+AE39+Z39+U39+P39+K39+F39 -> 3 | AN39: =AK39+AF39+AA39+V39+Q39+L39+G39 -> 4
B40: سيد على | C40: 0.375 | D40: مبيعات | F40: 1 | G40: 1 | AM40: =AJ40+AE40+Z40+U40+P40+K40+F40 -> 1 | AN40: =AK40+AF40+AA40+V40+Q40+L40+G40 -> 1
A41: 38 | B41: السيد محمد | C41: 0.083333333 | D41: بهتيم | E41: بهتيم ورشه خارجيه | F41: 3 | G41: 3 | AM41: =AJ41+AE41+Z41+U41+P41+K41+F41 -> 3 | AN41: =AK41+AF41+AA41+V41+Q41+L41+G41 -> 3
A42: 39 | B42: جمال حامد | C42: سنوى | D42: سنوى | F42: 0 | G42: 0 | AM42: =AJ42+AE42+Z42+U42+P42+K42+F42 -> 0 | AN42: =AK42+AF42+AA42+V42+Q42+L42+G42 -> 0
A43: 40 | B43: عمار حامد عمار | C43: 0.083333333 | D43: ورشه خارجيه | E43: منفذ المصنع ابومحرم بهتيم | F43: 3 | G43: 3 | AM43: =AJ43+AE43+Z43+U43+P43+K43+F43 -> 3 | AN43: =AK43+AF43+AA43+V43+Q43+L43+G43 -> 3
A44: 65 | B44: محمود سيد | C44: مرضى | D44: مرضى | F44: 0 | G44: 0 | AM44: =AJ44+AE44+Z44+U44+P44+K44+F44 -> 0 | AN44: =AK44+AF44+AA44+V44+Q44+L44+G44 -> 0
B45: حسين حامد محمد | C45: 0.076388889 | D45: العبور | F45: 1 | G45: 1 | AM45: =AJ45+AE45+Z45+U45+P45+K45+F45 -> 1 | AN45: =AK45+AF45+AA45+V45+Q45+L45+G45 -> 1
A46: 67 | B46: سعيد محمد منصور | C46: 0.09375 | D46: ورشه المصنع | E46: الترعه الترعه المعادى1-المعادى2 | F46: 3 | G46: 3 | AM46: =AJ46+AE46+Z46+U46+P46+K46+F46 -> 3 | AN46: =AK46+AF46+AA46+V46+Q46+L46+G46 -> 3
A47: 44 | B47: احمد فتحى | F47: 0 | AM47: =AJ47+AE47+Z47+U47+P47+K47+F47 -> 0 | AN47: =AK47+AF47+AA47+V47+Q47+L47+G47 -> 0
A48: 45 | B48: احمد محمد حسين | C48: 0.083333333 | D48: الدقى-عرابى | E48: المطريه | F48: 2 | G48: 3 | AM48: =AJ48+AE48+Z48+U48+P48+K48+F48 -> 2 | AN48: =AK48+AF48+AA48+V48+Q48+L48+G48 -> 3
A49: 46 | B49: خضر محمد | C49: 0.09375 | D49: المعادى1-المعادى2-العاشر | F49: 1 | G49: 3 | AM49: =AJ49+AE49+Z49+U49+P49+K49+F49 -> 1 | AN49: =AK49+AF49+AA49+V49+Q49+L49+G49 -> 3
A50: 72 | B50: محمد السيد عطية | C50: 0.083333333 | D50: الوسط-الشريف | F50: 1 | G50: 2 | AM50: =AJ50+AE50+Z50+U50+P50+K50+F50 -> 1 | AN50: =AK50+AF50+AA50+V50+Q50+L50+G50 -> 2
A51: 51 | B51: محمد زينهم السيد | C51: 0.076388889 | D51: الترعه | F51: 1 | G51: 1 | AM51: =AJ51+AE51+Z51+U51+P51+K51+F51 -> 1 | AN51: =AK51+AF51+AA51+V51+Q51+L51+G51 -> 1
B52: شوقى فوزى | C52: راحة | D52: راحة | F52: 0 | G52: 0
A53: 56 | B53: محمود رجب عبد الحميد | C53: راحة | D53: راحة | F53: 0 | G53: 0 | AM53: =AJ53+AE53+Z53+U53+P53+K53+F53 -> 0 | AN53: =AK53+AF53+AA53+V53+Q53+L53+G53 -> 0
A54: 52 | B54: ناصر ابو السعود | C54: 0.083333333 | D54: مكرم- عباس-المرغنى | E54: النزهه-الشيراتون | F54: 2 | G54: 5 | AM54: =AJ54+AE54+Z54+U54+P54+K54+F54 -> 2 | AN54: =AK54+AF54+AA54+V54+Q54+L54+G54 -> 5
A55: 42 | B55: اسلام عبدالرازق عبدالجواد | C55: راحة | D55: راحة | F55: 0 | G55: 0 | AM55: =AJ55+AE55+Z55+U55+P55+K55+F55 -> 0 | AN55: =AK55+AF55+AA55+V55+Q55+L55+G55 -> 0
A56: 61 | B56: إبراهيم المغاورى المغاورى | C56: 0.083333333 | D56: الترعه | F56: 1 | G56: 1 | AM56: =AJ56+AE56+Z56+U56+P56+K56+F56 -> 1 | AN56: =AK56+AF56+AA56+V56+Q56+L56+G56 -> 1
B57: مدحت محمد | C57: 0.10069444 | D57: شبرا-الدوران-مسطرد | E57: الشارع الجديد | F57: 2 | G57: 4 | AM57: =AJ57+AE57+Z57+U57+P57+K57+F57 -> 2 | AN57: =AK57+AF57+AA57+V57+Q57+L57+G57 -> 4
A58: 16 | B58: شريف حسنى جابر | C58: مرضى | D58: مرضى | F58: 0 | G58: 0 | AM58: =AJ58+AE58+Z58+U58+P58+K58+F58 -> 0 | AN58: =AK58+AF58+AA58+V58+Q58+L58+G58 -> 0
A59: 64 | B59: محمد احمد حجازى | C59: 0.097222222 | D59: الوسط-الشريف | E59: السواح | F59: 2 | G59: 3 | AM59: =AJ59+AE59+Z59+U59+P59+K59+F59 -> 2 | AN59: =AK59+AF59+AA59+V59+Q59+L59+G59 -> 3
A60: 68 | B60: احمد عبد الرحمن الهوارى | C60: 0.125 | D60: خامات(3فروع) | F60: 1 | G60: 3 | AM60: =AJ60+AE60+Z60+U60+P60+K60+F60 -> 1 | AN60: =AK60+AF60+AA60+V60+Q60+L60+G60 -> 3
A61: 71 | B61: محمد صلاح محمد اسماعيل | C61: 0.125 | D61: السواح-المطريه | F61: 1 | G61: 2 | AM61: =AJ61+AE61+Z61+U61+P61+K61+F61 -> 1 | AN61: =AK61+AF61+AA61+V61+Q61+L61+G61 -> 2
A62: 57 | B62: سيف موافى خيرى | C62: 0.083333333 | D62: اكتوبر-عباسيه | F62: 1 | G62: 2 | AM62: =AJ62+AE62+Z62+U62+P62+K62+F62 -> 1 | AN62: =AK62+AF62+AA62+V62+Q62+L62+G62 -> 2
B63: شريف محمد احمد | C63: 0.090277778 | D63: الكوربه-منتزه-جاردنيا-الشيراتون | F63: 1 | G63: 4 | AM63: =AJ63+AE63+Z63+U63+P63+K63+F63 -> 1 | AN63: =AK63+AF63+AA63+V63+Q63+L63+G63 -> 4
B64: مصطفى عيسى | C64: 0.083333333 | D64: الجسر- النزهه | E64: خامات(4فروع) | F64: 2 | G64: 6 | AM64: =AJ64+AE64+Z64+U64+P64+K64+F64 -> 2 | AN64: =AK64+AF64+AA64+V64+Q64+L64+G64 -> 6
A65: 49 | B65: كارم سعيد | C65: 0.076388889 | D65: وايلى-عباسيه | F65: 1 | G65: 2 | AM65: =AJ65+AE65+Z65+U65+P65+K65+F65 -> 1 | AN65: =AK65+AF65+AA65+V65+Q65+L65+G65 -> 2
B66: طارق عزت | C66: 0.083333333 | D66: الترعه | E66: ورشه خارجيه | F66: 2 | G66: 2 | AM66: =AJ66+AE66+Z66+U66+P66+K66+F66 -> 2 | AN66: =AK66+AF66+AA66+V66+Q66+L66+G66 -> 2
A67: 60 | B67: محمد ابراهيم فهيم | C67: 0.090277778 | D67: بهتيم | E67: مسطرد-وايلى | F67: 2 | G67: 3 | AM67: =AJ67+AE67+Z67+U67+P67+K67+F67 -> 2 | AN67: =AK67+AF67+AA67+V67+Q67+L67+G67 -> 3
A68: 1 | B68: مدحت محمداحمد السيد | C68: 0.375 | D68: ابومحرم | F68: 1 | G68: 1 | AM68: =AJ68+AE68+Z68+U68+P68+K68+F68 -> 1 | AN68: =AK68+AF68+AA68+V68+Q68+L68+G68 -> 1
A69: 15 | B69: طه صابر | C69: راحة | D69: راحة | F69: 0 | G69: 0 | AM69: =AJ69+AE69+Z69+U69+P69+K69+F69 -> 0 | AN69: =AK69+AF69+AA69+V69+Q69+L69+G69 -> 0
B70: محمد جمعة | C70: 0.375 | F70: 0 | G70: 0 | AM70: =AJ70+AE70+Z70+U70+P70+K70+F70 -> 0 | AN70: =AK70+AF70+AA70+V70+Q70+L70+G70 -> 0
B71: ممدوح عبد العال | C71: سنوى | D71: سنوى | F71: 0 | G71: 0 | AM71: =AJ71+AE71+Z71+U71+P71+K71+F71 -> 0 | AN71: =AK71+AF71+AA71+V71+Q71+L71+G71 -> 0
A72: 9 | B72: احمداشرف احمد | C72: 0.26388889 | D72: عبور | E72: عباسيه-مسره | F72: 2 | G72: 3 | AM72: =AJ72+AE72+Z72+U72+P72+K72+F72 -> 2 | AN72: =AK72+AF72+AA72+V72+Q72+L72+G72 -> 3
A73: 47 | B73: مصطفى عادل | C73: 0.2625 | D73: الشارع - التعاون | E73: السلام-العبور | F73: 2 | G73: 4 | AM73: =AJ73+AE73+Z73+U73+P73+K73+F73 -> 2 | AN73: =AK73+AF73+AA73+V73+Q73+L73+G73 -> 4
B74: احمد السعيد | C74: 0.25347222 | D74: عباسيه | E74: اوجمال-النزهه | F74: 2 | G74: 3 | AM74: =AJ74+AE74+Z74+U74+P74+K74+F74 -> 2 | AN74: =AK74+AF74+AA74+V74+Q74+L74+G74 -> 3
A75: 29 | B75: مجدى صبحى سالم | C75: 0.24652778 | D75: الشروق - بدر | E75: بورسعيد | F75: 2 | G75: 3 | AM75: =AJ75+AE75+Z75+U75+P75+K75+F75 -> 2 | AN75: =AK75+AF75+AA75+V75+Q75+L75+G75 -> 3
B76: احمد جمعه | C76: سنوى | D76: سنوى | F76: 0 | G76: 0 | AM76: =AJ76+AE76+Z76+U76+P76+K76+F76 -> 0 | AN76: =AK76+AF76+AA76+V76+Q76+L76+G76 -> 0
B77: احمد صادق | C77: راحة | D77: راحة | F77: 0 | G77: 0 | AM77: 0 | AN77: 0
B78: محمد صديق فهمى | C78: راحة | D78: راحة | F78: 0 | G78: 0 | AM78: =AJ78+AE78+Z78+U78+P78+K78+F78 -> 0 | AN78: =AK78+AF78+AA78+V78+Q78+L78+G78 -> 0
B79: اسلام سلطان | C79: 0.23958333 | D79: اللبينى - ترسا | E79: الشارع | F79: 2 | G79: 3 | AM79: =AJ79+AE79+Z79+U79+P79+K79+F79 -> 2 | AN79: =AK79+AF79+AA79+V79+Q79+L79+G79 -> 3
B80: حسن على عبد الله | C80: 0.25347222 | D80: اول جمال - السلام | E80: التعاون | F80: 2 | G80: 3 | AM80: =AJ80+AE80+Z80+U80+P80+K80+F80 -> 2 | AN80: =AK80+AF80+AA80+V80+Q80+L80+G80 -> 3
B81: محمد احمد محمد | C81: 0.30555556 | D81: مسره | E81: اللبينى - ترسا | F81: 2 | G81: 3 | AM81: =AJ81+AE81+Z81+U81+P81+K81+F81 -> 2 | AN81: =AK81+AF81+AA81+V81+Q81+L81+G81 -> 3
B82: ايمن سعيد معوض | C82: 0.18402778 | D82: بورسعيد | F82: 1 | G82: 1 | AM82: =AJ82+AE82+Z82+U82+P82+K82+F82 -> 1 | AN82: =AK82+AF82+AA82+V82+Q82+L82+G82 -> 1
B83: محمد ابراهيم محمد | C83: 0.25347222 | D83: النزهه | E83: الشروق - بدر | F83: 2 | G83: 3 | AM83: =AJ83+AE83+Z83+U83+P83+K83+F83 -> 2 | AN83: =AK83+AF83+AA83+V83+Q83+L83+G83 -> 3
B84: حسام سلامة بيومى | C84: 0.072916667 | D84: كرتون منطقه الجيزه | F84: 1 | G84: 1 | AM84: =AJ84+AE84+Z84+U84+P84+K84+F84 -> 1 | AN84: =AK84+AF84+AA84+V84+Q84+L84+G84 -> 1
B85: احمد شحات محمد | C85: 0.53472222 | D85: منطقه القاهره | F85: 1 | G85: 1 | AM85: =AJ85+AE85+Z85+U85+P85+K85+F85 -> 1 | AN85: =AK85+AF85+AA85+V85+Q85+L85+G85 -> 1
B86: محمد عبد الرحمن | C86: 0.52430556 | D86: منفذ بورسعيد | E86: منطقه الجيزه | F86: 2 | G86: 2 | AM86: =AJ86+AE86+Z86+U86+P86+K86+F86 -> 2 | AN86: =AK86+AF86+AA86+V86+Q86+L86+G86 -> 2
B87: مصطفى احمد احمد | C87: 0.54166667 | F87: 0 | G87: 0 | AM87: =AJ87+AE87+Z87+U87+P87+K87+F87 -> 0 | AN87: =AK87+AF87+AA87+V87+Q87+L87+G87 -> 0
B138: \
B139: 1

Sheet تحليل الاداء  
A1: م | B1: اسم السائق | C1: مواعيد الحضور | D1: 46147 | E1: 46147 | F1: عدد الرحلات | G1: عدد الفروع | H1: مواعيد الحضور | I1: 46148 | J1: 46148 | K1: عدد الرحلات | L1: عدد الفروع | M1: مواعيد الحضور | N1: 46149 | O1: 46149 | P1: عدد الرحلات | Q1: عدد الفروع | R1: مواعيد الحضور | S1: 46150 | T1: 46150 | U1: عدد الرحلات | V1: عدد الفروع | W1: مواعيد الحضور | X1: 46151 | Y1: 46151 | Z1: عدد الرحلات | AA1: عدد الفروع | AB1: مواعيد الحضور | AC1: 46152 | AD1: 46152 | AE1: عدد الرحلات | AF1: عدد الفروع | AG1: مواعيد الحضور | AH1: 46153 | AI1: 46153 | AJ1: عدد الرحلات | AK1: عدد الفروع | AM1: عدد الرحلات المجمع اسبوعى | AN1: عدد الفروع المجمع اسبوعى
A2: 2 | B2: عمرو محمد حسنى | AM2: =AJ2+AE2+Z2+U2+P2+K2+F2 -> 0 | AN2: =AK2+AF2+AA2+V2+Q2+L2+G2 -> 0
A3: 3 | B3: محمد حسن حسان | AM3: =AJ3+AE3+Z3+U3+P3+K3+F3 -> 0 | AN3: =AK3+AF3+AA3+V3+Q3+L3+G3 -> 0
A4: 4 | B4: احمد حسن | AM4: =AJ4+AE4+Z4+U4+P4+K4+F4 -> 0 | AN4: =AK4+AF4+AA4+V4+Q4+L4+G4 -> 0
A5: 7 | B5: عمرو عبد الرحمن | AM5: =AJ5+AE5+Z5+U5+P5+K5+F5 -> 0 | AN5: =AK5+AF5+AA5+V5+Q5+L5+G5 -> 0
B6: كريم محمود | AM6: =AJ6+AE6+Z6+U6+P6+K6+F6 -> 0 | AN6: =AK6+AF6+AA6+V6+Q6+L6+G6 -> 0
A7: 8 | B7: على حمدى | AM7: =AJ7+AE7+Z7+U7+P7+K7+F7 -> 0 | AN7: =AK7+AF7+AA7+V7+Q7+L7+G7 -> 0
A8: 10 | B8: رضا معروف | AM8: =AJ8+AE8+Z8+U8+P8+K8+F8 -> 0 | AN8: =AK8+AF8+AA8+V8+Q8+L8+G8 -> 0
A9: 11 | B9: وائل على | AM9: =AJ9+AE9+Z9+U9+P9+K9+F9 -> 0 | AN9: =AK9+AF9+AA9+V9+Q9+L9+G9 -> 0
A10: 44 | B10: اسامة مصطفي | AM10: =AJ10+AE10+Z10+U10+P10+K10+F10 -> 0 | AN10: =AK10+AF10+AA10+V10+Q10+L10+G10 -> 0
A11: 13 | B11: على عادل عبد الفتاح | AM11: =AJ11+AE11+Z11+U11+P11+K11+F11 -> 0 | AN11: =AK11+AF11+AA11+V11+Q11+L11+G11 -> 0
A12: 14 | B12: رجب محمد مصطفى | AM12: =AJ12+AE12+Z12+U12+P12+K12+F12 -> 0 | AN12: =AK12+AF12+AA12+V12+Q12+L12+G12 -> 0
A13: 17 | B13: محمد صلاح | AM13: =AJ13+AE13+Z13+U13+P13+K13+F13 -> 0 | AN13: =AK13+AF13+AA13+V13+Q13+L13+G13 -> 0
A14: 18 | B14: علاء مجدى | AM14: =AJ14+AE14+Z14+U14+P14+K14+F14 -> 0 | AN14: =AK14+AF14+AA14+V14+Q14+L14+G14 -> 0
B15: مصطفى احمد | AM15: =AJ15+AE15+Z15+U15+P15+K15+F15 -> 0 | AN15: =AK15+AF15+AA15+V15+Q15+L15+G15 -> 0
A16: 19 | B16: الشناوى سرور | AM16: =AJ16+AE16+Z16+U16+P16+K16+F16 -> 0 | AN16: =AK16+AF16+AA16+V16+Q16+L16+G16 -> 0
A17: 20 | B17: احمد عواد | AM17: =AJ17+AE17+Z17+U17+P17+K17+F17 -> 0 | AN17: =AK17+AF17+AA17+V17+Q17+L17+G17 -> 0
A18: 22 | B18: محمد مراد | AM18: =AJ18+AE18+Z18+U18+P18+K18+F18 -> 0 | AN18: =AK18+AF18+AA18+V18+Q18+L18+G18 -> 0
A19: 23 | B19: خالد عبده | AM19: =AJ19+AE19+Z19+U19+P19+K19+F19 -> 0 | AN19: =AK19+AF19+AA19+V19+Q19+L19+G19 -> 0
B20: سيد محمد العسال | AM20: =AJ20+AE20+Z20+U20+P20+K20+F20 -> 0 | AN20: =AK20+AF20+AA20+V20+Q20+L20+G20 -> 0
A21: 24 | B21: صبري امام | AM21: =AJ21+AE21+Z21+U21+P21+K21+F21 -> 0 | AN21: =AK21+AF21+AA21+V21+Q21+L21+G21 -> 0
A22: 25 | B22: سامح عبد السميع | AM22: =AJ22+AE22+Z22+U22+P22+K22+F22 -> 0 | AN22: =AK22+AF22+AA22+V22+Q22+L22+G22 -> 0
A23: 28 | B23: جمعه السيد | AM23: =AJ23+AE23+Z23+U23+P23+K23+F23 -> 0 | AN23: =AK23+AF23+AA23+V23+Q23+L23+G23 -> 0
A24: 33 | B24: خالد صبرى | AM24: =AJ24+AE24+Z24+U24+P24+K24+F24 -> 0 | AN24: =AK24+AF24+AA24+V24+Q24+L24+G24 -> 0
A25: 35 | B25: محمود أبو طالب | AM25: =AJ25+AE25+Z25+U25+P25+K25+F25 -> 0 | AN25: =AK25+AF25+AA25+V25+Q25+L25+G25 -> 0
B26: عبد الرحمن محمد | AM26: =AJ26+AE26+Z26+U26+P26+K26+F26 -> 0 | AN26: =AK26+AF26+AA26+V26+Q26+L26+G26 -> 0
B27: خالد محمد ابراهيم | AM27: =AJ27+AE27+Z27+U27+P27+K27+F27 -> 0 | AN27: =AK27+AF27+AA27+V27+Q27+L27+G27 -> 0
B28: رامى حسن محمد | AM28: =AJ28+AE28+Z28+U28+P28+K28+F28 -> 0 | AN28: =AK28+AF28+AA28+V28+Q28+L28+G28 -> 0
B29: احمد سعيد سالم | AM29: =AJ29+AE29+Z29+U29+P29+K29+F29 -> 0 | AN29: =AK29+AF29+AA29+V29+Q29+L29+G29 -> 0
A30: 55 | B30: رامى عادل | AM30: =AJ30+AE30+Z30+U30+P30+K30+F30 -> 0 | AN30: =AK30+AF30+AA30+V30+Q30+L30+G30 -> 0
A31: 37 | B31: محمد عباس | AM31: =AJ31+AE31+Z31+U31+P31+K31+F31 -> 0 | AN31: =AK31+AF31+AA31+V31+Q31+L31+G31 -> 0
A32: 67 | B32: عمرو المهدي | AM32: =AJ32+AE32+Z32+U32+P32+K32+F32 -> 0 | AN32: =AK32+AF32+AA32+V32+Q32+L32+G32 -> 0
B33: على الشحات | AM33: =AJ33+AE33+Z33+U33+P33+K33+F33 -> 0 | AN33: =AK33+AF33+AA33+V33+Q33+L33+G33 -> 0
A34: 38 | B34: محمود عادل حلمى | AM34: =AJ34+AE34+Z34+U34+P34+K34+F34 -> 0 | AN34: =AK34+AF34+AA34+V34+Q34+L34+G34 -> 0
B35: عبد الرحمن عاطف | AM35: =AJ35+AE35+Z35+U35+P35+K35+F35 -> 0 | AN35: =AK35+AF35+AA35+V35+Q35+L35+G35 -> 0
A36: 40 | B36: جمال فؤاد | AM36: =AJ36+AE36+Z36+U36+P36+K36+F36 -> 0 | AN36: =AK36+AF36+AA36+V36+Q36+L36+G36 -> 0
B37: على النبوى | AM37: =AJ37+AE37+Z37+U37+P37+K37+F37 -> 0 | AN37: =AK37+AF37+AA37+V37+Q37+L37+G37 -> 0
A38: 65 | B38: احمد فوزى | AM38: =AJ38+AE38+Z38+U38+P38+K38+F38 -> 0 | AN38: =AK38+AF38+AA38+V38+Q38+L38+G38 -> 0
B39: محمود عبد الفتاح | AM39: =AJ39+AE39+Z39+U39+P39+K39+F39 -> 0 | AN39: =AK39+AF39+AA39+V39+Q39+L39+G39 -> 0
B40: سيد على | AM40: =AJ40+AE40+Z40+U40+P40+K40+F40 -> 0 | AN40: =AK40+AF40+AA40+V40+Q40+L40+G40 -> 0
A41: 45 | B41: السيد محمد | AM41: =AJ41+AE41+Z41+U41+P41+K41+F41 -> 0 | AN41: =AK41+AF41+AA41+V41+Q41+L41+G41 -> 0
A42: 46 | B42: جمال حامد | AM42: =AJ42+AE42+Z42+U42+P42+K42+F42 -> 0 | AN42: =AK42+AF42+AA42+V42+Q42+L42+G42 -> 0
A43: 72 | B43: عمار حامد عمار | AM43: =AJ43+AE43+Z43+U43+P43+K43+F43 -> 0 | AN43: =AK43+AF43+AA43+V43+Q43+L43+G43 -> 0
A44: 51 | B44: محمود سيد | AM44: =AJ44+AE44+Z44+U44+P44+K44+F44 -> 0 | AN44: =AK44+AF44+AA44+V44+Q44+L44+G44 -> 0
A45: 56 | B45: حسين حامد محمد | AM45: =AJ45+AE45+Z45+U45+P45+K45+F45 -> 0 | AN45: =AK45+AF45+AA45+V45+Q45+L45+G45 -> 0
A46: 39 | B46: سعيد محمد منصور | AM46: =AJ46+AE46+Z46+U46+P46+K46+F46 -> 0 | AN46: =AK46+AF46+AA46+V46+Q46+L46+G46 -> 0
A47: 42 | B47: احمد فتحى | AM47: =AJ47+AE47+Z47+U47+P47+K47+F47 -> 0 | AN47: =AK47+AF47+AA47+V47+Q47+L47+G47 -> 0
B48: احمد محمد حسين | AM48: =AJ48+AE48+Z48+U48+P48+K48+F48 -> 0 | AN48: =AK48+AF48+AA48+V48+Q48+L48+G48 -> 0
A49: 61 | B49: خضر محمد | AM49: =AJ49+AE49+Z49+U49+P49+K49+F49 -> 0 | AN49: =AK49+AF49+AA49+V49+Q49+L49+G49 -> 0
B50: محمد السيد عطية | AM50: =AJ50+AE50+Z50+U50+P50+K50+F50 -> 0 | AN50: =AK50+AF50+AA50+V50+Q50+L50+G50 -> 0
A51: 16 | B51: طارق عزت | AM51: =AJ51+AE51+Z51+U51+P51+K51+F51 -> 0 | AN51: =AK51+AF51+AA51+V51+Q51+L51+G51 -> 0
B52: محمد زينهم | AM52: =AJ52+AE52+Z52+U52+P52+K52+F52 -> 0 | AN52: =AK52+AF52+AA52+V52+Q52+L52+G52 -> 0
B53: شوقى فوزى | AM53: =AJ53+AE53+Z53+U53+P53+K53+F53 -> 0 | AN53: =AK53+AF53+AA53+V53+Q53+L53+G53 -> 0
A54: 64 | B54: محمود رجب عبد الحميد | AM54: =AJ54+AE54+Z54+U54+P54+K54+F54 -> 0 | AN54: =AK54+AF54+AA54+V54+Q54+L54+G54 -> 0
A55: 68 | B55: ناصر ابو السعود | AM55: =AJ55+AE55+Z55+U55+P55+K55+F55 -> 0 | AN55: =AK55+AF55+AA55+V55+Q55+L55+G55 -> 0
A56: 71 | B56: إبراهيم المغاورى المغاورى | AM56: =AJ56+AE56+Z56+U56+P56+K56+F56 -> 0 | AN56: =AK56+AF56+AA56+V56+Q56+L56+G56 -> 0
A57: 57 | B57: مدحت محمد | AM57: =AJ57+AE57+Z57+U57+P57+K57+F57 -> 0 | AN57: =AK57+AF57+AA57+V57+Q57+L57+G57 -> 0
A58: 58 | B58: شريف حسنى جابر | AM58: =AJ58+AE58+Z58+U58+P58+K58+F58 -> 0 | AN58: =AK58+AF58+AA58+V58+Q58+L58+G58 -> 0
B59: محمد احمد حجازى | AM59: =AJ59+AE59+Z59+U59+P59+K59+F59 -> 0 | AN59: =AK59+AF59+AA59+V59+Q59+L59+G59 -> 0
B60: احمد عبد الرحمن الهوارى | AM60: =AJ60+AE60+Z60+U60+P60+K60+F60 -> 0 | AN60: =AK60+AF60+AA60+V60+Q60+L60+G60 -> 0
A61: 49 | B61: محمد صلاح محمد اسماعيل | AM61: =AJ61+AE61+Z61+U61+P61+K61+F61 -> 0 | AN61: =AK61+AF61+AA61+V61+Q61+L61+G61 -> 0
B62: سيف موافى خيرى | AM62: =AJ62+AE62+Z62+U62+P62+K62+F62 -> 0 | AN62: =AK62+AF62+AA62+V62+Q62+L62+G62 -> 0
B63: شريف محمد احمد | AM63: =AJ63+AE63+Z63+U63+P63+K63+F63 -> 0 | AN63: =AK63+AF63+AA63+V63+Q63+L63+G63 -> 0
B64: مصطفى عيسى | AM64: =AJ64+AE64+Z64+U64+P64+K64+F64 -> 0 | AN64: =AK64+AF64+AA64+V64+Q64+L64+G64 -> 0
A65: 9 | B65: كارم سعيد | AM65: =AJ65+AE65+Z65+U65+P65+K65+F65 -> 0 | AN65: =AK65+AF65+AA65+V65+Q65+L65+G65 -> 0
A66: 52 | B66: اسلام عبدالرازق عبدالجواد | AM66: =AJ66+AE66+Z66+U66+P66+K66+F66 -> 0 | AN66: =AK66+AF66+AA66+V66+Q66+L66+G66 -> 0
A67: 47 | B67: محمد ابراهيم فهيم | AM67: =AJ67+AE67+Z67+U67+P67+K67+F67 -> 0 | AN67: =AK67+AF67+AA67+V67+Q67+L67+G67 -> 0
B68: مدحت محمداحمد السيد | AM68: =AJ68+AE68+Z68+U68+P68+K68+F68 -> 0 | AN68: =AK68+AF68+AA68+V68+Q68+L68+G68 -> 0
A69: 29 | B69: طه صابر | AM69: =AJ69+AE69+Z69+U69+P69+K69+F69 -> 0 | AN69: =AK69+AF69+AA69+V69+Q69+L69+G69 -> 0
B70: محمد جمعة | AM70: =AJ70+AE70+Z70+U70+P70+K70+F70 -> 0 | AN70: =AK70+AF70+AA70+V70+Q70+L70+G70 -> 0
B71: ممدوح عبد العال | AM71: =AJ71+AE71+Z71+U71+P71+K71+F71 -> 0 | AN71: =AK71+AF71+AA71+V71+Q71+L71+G71 -> 0
A72: 5 | B72: احمداشرف احمد | AM72: =AJ72+AE72+Z72+U72+P72+K72+F72 -> 0 | AN72: =AK72+AF72+AA72+V72+Q72+L72+G72 -> 0
B73: مصطفى عادل | AM73: =AJ73+AE73+Z73+U73+P73+K73+F73 -> 0 | AN73: =AK73+AF73+AA73+V73+Q73+L73+G73 -> 0
B74: احمد السعيد | AM74: =AJ74+AE74+Z74+U74+P74+K74+F74 -> 0 | AN74: =AK74+AF74+AA74+V74+Q74+L74+G74 -> 0
B75: مجدى صبحى سالم | AM75: =AJ75+AE75+Z75+U75+P75+K75+F75 -> 0 | AN75: =AK75+AF75+AA75+V75+Q75+L75+G75 -> 0
B76: احمد جمعه | AM76: =AJ76+AE76+Z76+U76+P76+K76+F76 -> 0 | AN76: =AK76+AF76+AA76+V76+Q76+L76+G76 -> 0
B77: احمد صادق | AM77: =AJ77+AE77+Z77+U77+P77+K77+F77 -> 0 | AN77: =AK77+AF77+AA77+V77+Q77+L77+G77 -> 0
B78: محمد صديق فهمى | AM78: =AJ78+AE78+Z78+U78+P78+K78+F78 -> 0 | AN78: =AK78+AF78+AA78+V78+Q78+L78+G78 -> 0
A79: 54 | B79: اسلام سلطان | AM79: =AJ79+AE79+Z79+U79+P79+K79+F79 -> 0 | AN79: =AK79+AF79+AA79+V79+Q79+L79+G79 -> 0
B80: حسن على عبد الله | AM80: =AJ80+AE80+Z80+U80+P80+K80+F80 -> 0 | AN80: =AK80+AF80+AA80+V80+Q80+L80+G80 -> 0
B81: محمد احمد محمد | AM81: =AJ81+AE81+Z81+U81+P81+K81+F81 -> 0 | AN81: =AK81+AF81+AA81+V81+Q81+L81+G81 -> 0
B82: ايمن سعيد معوض | AM82: =AJ82+AE82+Z82+U82+P82+K82+F82 -> 0 | AN82: =AK82+AF82+AA82+V82+Q82+L82+G82 -> 0
B83: حسام سلامة بيومى | AM83: =AJ83+AE83+Z83+U83+P83+K83+F83 -> 0 | AN83: =AK83+AF83+AA83+V83+Q83+L83+G83 -> 0
B84: احمد شحات محمد | AM84: =AJ84+AE84+Z84+U84+P84+K84+F84 -> 0 | AN84: =AK84+AF84+AA84+V84+Q84+L84+G84 -> 0
B85: محمد عبد الرحمن | AM85: =AJ85+AE85+Z85+U85+P85+K85+F85 -> 0 | AN85: =AK85+AF85+AA85+V85+Q85+L85+G85 -> 0

Sheet تحليل الاداء   
A1: م | B1: اسم السائق | C1: مواعيد الحضور | D1: 46154 | E1: 46154 | F1: عدد الرحلات | G1: عدد الفروع | H1: مواعيد الحضور | I1: 46155 | J1: 46155 | K1: عدد الرحلات | L1: عدد الفروع | M1: مواعيد الحضور | N1: 46156 | O1: 46156 | P1: عدد الرحلات | Q1: عدد الفروع | R1: مواعيد الحضور | S1: 46157 | T1: 46156 | U1: عدد الرحلات | V1: عدد الفروع | W1: مواعيد الحضور | X1: 46158 | Y1: 46158 | Z1: عدد الرحلات | AA1: عدد الفروع | AB1: مواعيد الحضور | AC1: 46159 | AD1: 46159 | AE1: عدد الرحلات | AF1: عدد الفروع | AG1: مواعيد الحضور | AH1: 46160 | AI1: 46160 | AJ1: عدد الرحلات | AK1: عدد الفروع | AL1: مواعيد الحضور | AM1: 46161 | AN1: 46161 | AO1: عدد الرحلات | AP1: عدد الفروع | AQ1: مواعيد الحضور | AR1: 46162 | AS1: 46162 | AT1: عدد الرحلات | AU1: عدد الفروع | AV1: عدد الرحلات المجمع اسبوعى | AW1: عدد الفروع المجمع اسبوعى | AX1: عدد الرحلات المجمع شهرى | AY1: عدد الفروع المجمع شهرى
A2: 2 | B2: عمرو محمد حسنى | AV2: =AT2+AE2+Z2+U2+P2+K2+F2 -> 0 | AW2: =AU2+AG2+AA2+V2+Q2+L2+G2 -> 0 | AX2: =AV2+'تحليل الاداء '!AM2+'تحليل الاداء '!AM2+'تحليل الاداء'!AM2 -> 14 | AY2: =AW2+'تحليل الاداء '!AN2+'تحليل الاداء '!AN2+'تحليل الاداء'!AN2 -> 22
A3: 3 | B3: محمد حسن حسان | AV3: =AT3+AE3+Z3+U3+P3+K3+F3 -> 0 | AW3: =AU3+AG3+AA3+V3+Q3+L3+G3 -> 0 | AX3: =AV3+'تحليل الاداء '!AM3+'تحليل الاداء '!AM3+'تحليل الاداء'!AM3 -> 15 | AY3: =AW3+'تحليل الاداء '!AN3+'تحليل الاداء '!AN3+'تحليل الاداء'!AN3 -> 22
A4: 4 | B4: احمد حسن | AV4: =AT4+AE4+Z4+U4+P4+K4+F4 -> 0 | AW4: =AU4+AG4+AA4+V4+Q4+L4+G4 -> 0 | AX4: =AV4+'تحليل الاداء '!AM4+'تحليل الاداء '!AM4+'تحليل الاداء'!AM4 -> 6 | AY4: =AW4+'تحليل الاداء '!AN4+'تحليل الاداء '!AN4+'تحليل الاداء'!AN4 -> 7
A5: 7 | B5: عمرو عبد الرحمن | AV5: =AT5+AE5+Z5+U5+P5+K5+F5 -> 0 | AW5: =AU5+AG5+AA5+V5+Q5+L5+G5 -> 0 | AX5: =AV5+'تحليل الاداء '!AM5+'تحليل الاداء '!AM5+'تحليل الاداء'!AM5 -> 10 | AY5: =AW5+'تحليل الاداء '!AN5+'تحليل الاداء '!AN5+'تحليل الاداء'!AN5 -> 17
B6: كريم محمود | AV6: =AT6+AE6+Z6+U6+P6+K6+F6 -> 0 | AW6: =AU6+AG6+AA6+V6+Q6+L6+G6 -> 0 | AX6: =AV6+'تحليل الاداء '!AM6+'تحليل الاداء '!AM6+'تحليل الاداء'!AM6 -> 15 | AY6: =AW6+'تحليل الاداء '!AN6+'تحليل الاداء '!AN6+'تحليل الاداء'!AN6 -> 25
A7: 8 | B7: على حمدى | AV7: =AT7+AE7+Z7+U7+P7+K7+F7 -> 0 | AW7: =AU7+AG7+AA7+V7+Q7+L7+G7 -> 0 | AX7: =AV7+'تحليل الاداء '!AM7+'تحليل الاداء '!AM7+'تحليل الاداء'!AM7 -> 4 | AY7: =AW7+'تحليل الاداء '!AN7+'تحليل الاداء '!AN7+'تحليل الاداء'!AN7 -> 5
A8: 10 | B8: رضا معروف | AV8: =AT8+AE8+Z8+U8+P8+K8+F8 -> 0 | AW8: =AU8+AG8+AA8+V8+Q8+L8+G8 -> 0 | AX8: =AV8+'تحليل الاداء '!AM8+'تحليل الاداء '!AM8+'تحليل الاداء'!AM8 -> 11 | AY8: =AW8+'تحليل الاداء '!AN8+'تحليل الاداء '!AN8+'تحليل الاداء'!AN8 -> 13
A9: 11 | B9: وائل على | AV9: =AT9+AE9+Z9+U9+P9+K9+F9 -> 0 | AW9: =AU9+AG9+AA9+V9+Q9+L9+G9 -> 0 | AX9: =AV9+'تحليل الاداء '!AM9+'تحليل الاداء '!AM9+'تحليل الاداء'!AM9 -> 13 | AY9: =AW9+'تحليل الاداء '!AN9+'تحليل الاداء '!AN9+'تحليل الاداء'!AN9 -> 22
A10: 65 | B10: اسامة مصطفي | AV10: =AT10+AE10+Z10+U10+P10+K10+F10 -> 0 | AW10: =AU10+AG10+AA10+V10+Q10+L10+G10 -> 0 | AX10: =AV10+'تحليل الاداء '!AM10+'تحليل الاداء '!AM10+'تحليل الاداء'!AM10 -> 14 | AY10: =AW10+'تحليل الاداء '!AN10+'تحليل الاداء '!AN10+'تحليل الاداء'!AN10 -> 19
A11: 13 | B11: على عادل عبد الفتاح | AV11: =AT11+AE11+Z11+U11+P11+K11+F11 -> 0 | AW11: =AU11+AG11+AA11+V11+Q11+L11+G11 -> 0 | AX11: =AV11+'تحليل الاداء '!AM11+'تحليل الاداء '!AM11+'تحليل الاداء'!AM11 -> 10 | AY11: =AW11+'تحليل الاداء '!AN11+'تحليل الاداء '!AN11+'تحليل الاداء'!AN11 -> 14
A12: 14 | B12: رجب محمد مصطفى | AV12: =AT12+AE12+Z12+U12+P12+K12+F12 -> 0 | AW12: =AU12+AG12+AA12+V12+Q12+L12+G12 -> 0 | AX12: =AV12+'تحليل الاداء '!AM12+'تحليل الاداء '!AM12+'تحليل الاداء'!AM12 -> 13 | AY12: =AW12+'تحليل الاداء '!AN12+'تحليل الاداء '!AN12+'تحليل الاداء'!AN12 -> 21
A13: 17 | B13: محمد صلاح | AV13: =AT13+AE13+Z13+U13+P13+K13+F13 -> 0 | AW13: =AU13+AG13+AA13+V13+Q13+L13+G13 -> 0 | AX13: =AV13+'تحليل الاداء '!AM13+'تحليل الاداء '!AM13+'تحليل الاداء'!AM13 -> 12 | AY13: =AW13+'تحليل الاداء '!AN13+'تحليل الاداء '!AN13+'تحليل الاداء'!AN13 -> 15
A14: 18 | B14: علاء مجدى | AV14: =AT14+AE14+Z14+U14+P14+K14+F14 -> 0 | AW14: =AU14+AG14+AA14+V14+Q14+L14+G14 -> 0 | AX14: =AV14+'تحليل الاداء '!AM14+'تحليل الاداء '!AM14+'تحليل الاداء'!AM14 -> 14 | AY14: =AW14+'تحليل الاداء '!AN14+'تحليل الاداء '!AN14+'تحليل الاداء'!AN14 -> 23
B15: مصطفى احمد | AV15: =AT15+AE15+Z15+U15+P15+K15+F15 -> 0 | AW15: =AU15+AG15+AA15+V15+Q15+L15+G15 -> 0 | AX15: =AV15+'تحليل الاداء '!AM15+'تحليل الاداء '!AM15+'تحليل الاداء'!AM15 -> 15 | AY15: =AW15+'تحليل الاداء '!AN15+'تحليل الاداء '!AN15+'تحليل الاداء'!AN15 -> 20
A16: 19 | B16: الشناوى سرور | AV16: =AT16+AE16+Z16+U16+P16+K16+F16 -> 0 | AW16: =AU16+AG16+AA16+V16+Q16+L16+G16 -> 0 | AX16: =AV16+'تحليل الاداء '!AM16+'تحليل الاداء '!AM16+'تحليل الاداء'!AM16 -> 12 | AY16: =AW16+'تحليل الاداء '!AN16+'تحليل الاداء '!AN16+'تحليل الاداء'!AN16 -> 15
A17: 20 | B17: احمد عواد | AV17: =AT17+AE17+Z17+U17+P17+K17+F17 -> 0 | AW17: =AU17+AG17+AA17+V17+Q17+L17+G17 -> 0 | AX17: =AV17+'تحليل الاداء '!AM17+'تحليل الاداء '!AM17+'تحليل الاداء'!AM17 -> 15 | AY17: =AW17+'تحليل الاداء '!AN17+'تحليل الاداء '!AN17+'تحليل الاداء'!AN17 -> 18
A18: 22 | B18: محمد مراد | AV18: =AT18+AE18+Z18+U18+P18+K18+F18 -> 0 | AW18: =AU18+AG18+AA18+V18+Q18+L18+G18 -> 0 | AX18: =AV18+'تحليل الاداء '!AM18+'تحليل الاداء '!AM18+'تحليل الاداء'!AM18 -> 12 | AY18: =AW18+'تحليل الاداء '!AN18+'تحليل الاداء '!AN18+'تحليل الاداء'!AN18 -> 15
A19: 23 | B19: خالد عبده | AV19: =AT19+AE19+Z19+U19+P19+K19+F19 -> 0 | AW19: =AU19+AG19+AA19+V19+Q19+L19+G19 -> 0 | AX19: =AV19+'تحليل الاداء '!AM19+'تحليل الاداء '!AM19+'تحليل الاداء'!AM19 -> 10 | AY19: =AW19+'تحليل الاداء '!AN19+'تحليل الاداء '!AN19+'تحليل الاداء'!AN19 -> 10
B20: سيد محمد العسال | AV20: =AT20+AE20+Z20+U20+P20+K20+F20 -> 0 | AW20: =AU20+AG20+AA20+V20+Q20+L20+G20 -> 0 | AX20: =AV20+'تحليل الاداء '!AM20+'تحليل الاداء '!AM20+'تحليل الاداء'!AM20 -> 11 | AY20: =AW20+'تحليل الاداء '!AN20+'تحليل الاداء '!AN20+'تحليل الاداء'!AN20 -> 18
A21: 24 | B21: صبري امام | AV21: =AT21+AE21+Z21+U21+P21+K21+F21 -> 0 | AW21: =AU21+AG21+AA21+V21+Q21+L21+G21 -> 0 | AX21: =AV21+'تحليل الاداء '!AM21+'تحليل الاداء '!AM21+'تحليل الاداء'!AM21 -> 12 | AY21: =AW21+'تحليل الاداء '!AN21+'تحليل الاداء '!AN21+'تحليل الاداء'!AN21 -> 14
A22: 25 | B22: سامح عبد السميع | AV22: =AT22+AE22+Z22+U22+P22+K22+F22 -> 0 | AW22: =AU22+AG22+AA22+V22+Q22+L22+G22 -> 0 | AX22: =AV22+'تحليل الاداء '!AM22+'تحليل الاداء '!AM22+'تحليل الاداء'!AM22 -> 12 | AY22: =AW22+'تحليل الاداء '!AN22+'تحليل الاداء '!AN22+'تحليل الاداء'!AN22 -> 16
A23: 26 | B23: جمعه السيد | AV23: =AT23+AE23+Z23+U23+P23+K23+F23 -> 0 | AW23: =AU23+AG23+AA23+V23+Q23+L23+G23 -> 0 | AX23: =AV23+'تحليل الاداء '!AM23+'تحليل الاداء '!AM23+'تحليل الاداء'!AM23 -> 13 | AY23: =AW23+'تحليل الاداء '!AN23+'تحليل الاداء '!AN23+'تحليل الاداء'!AN23 -> 15
A24: 27 | B24: خالد صبرى | AV24: =AT24+AE24+Z24+U24+P24+K24+F24 -> 0 | AW24: =AU24+AG24+AA24+V24+Q24+L24+G24 -> 0 | AX24: =AV24+'تحليل الاداء '!AM24+'تحليل الاداء '!AM24+'تحليل الاداء'!AM24 -> 2 | AY24: =AW24+'تحليل الاداء '!AN24+'تحليل الاداء '!AN24+'تحليل الاداء'!AN24 -> 2
A25: 28 | B25: محمود أبو طالب | AV25: =AT25+AE25+Z25+U25+P25+K25+F25 -> 0 | AW25: =AU25+AG25+AA25+V25+Q25+L25+G25 -> 0 | AX25: =AV25+'تحليل الاداء '!AM25+'تحليل الاداء '!AM25+'تحليل الاداء'!AM25 -> 2 | AY25: =AW25+'تحليل الاداء '!AN25+'تحليل الاداء '!AN25+'تحليل الاداء'!AN25 -> 3
A26: 35 | B26: عبد الرحمن محمد | AV26: =AT26+AE26+Z26+U26+P26+K26+F26 -> 0 | AW26: =AU26+AG26+AA26+V26+Q26+L26+G26 -> 0 | AX26: =AV26+'تحليل الاداء '!AM26+'تحليل الاداء '!AM26+'تحليل الاداء'!AM26 -> 14 | AY26: =AW26+'تحليل الاداء '!AN26+'تحليل الاداء '!AN26+'تحليل الاداء'!AN26 -> 19
B27: خالد محمد ابراهيم | AV27: =AT27+AE27+Z27+U27+P27+K27+F27 -> 0 | AW27: =AU27+AG27+AA27+V27+Q27+L27+G27 -> 0 | AX27: =AV27+'تحليل الاداء '!AM27+'تحليل الاداء '!AM27+'تحليل الاداء'!AM27 -> 10 | AY27: =AW27+'تحليل الاداء '!AN27+'تحليل الاداء '!AN27+'تحليل الاداء'!AN27 -> 15
B28: رامى حسن محمد | AV28: =AT28+AE28+Z28+U28+P28+K28+F28 -> 0 | AW28: =AU28+AG28+AA28+V28+Q28+L28+G28 -> 0 | AX28: =AV28+'تحليل الاداء '!AM28+'تحليل الاداء '!AM28+'تحليل الاداء'!AM28 -> 14 | AY28: =AW28+'تحليل الاداء '!AN28+'تحليل الاداء '!AN28+'تحليل الاداء'!AN28 -> 19
B29: احمد سعيد سالم | AV29: =AT29+AE29+Z29+U29+P29+K29+F29 -> 0 | AW29: =AU29+AG29+AA29+V29+Q29+L29+G29 -> 0 | AX29: =AV29+'تحليل الاداء '!AM29+'تحليل الاداء '!AM29+'تحليل الاداء'!AM29 -> 9 | AY29: =AW29+'تحليل الاداء '!AN29+'تحليل الاداء '!AN29+'تحليل الاداء'!AN29 -> 11
B30: رامى عادل | AV30: =AT30+AE30+Z30+U30+P30+K30+F30 -> 0 | AW30: =AU30+AG30+AA30+V30+Q30+L30+G30 -> 0 | AX30: =AV30+'تحليل الاداء '!AM30+'تحليل الاداء '!AM30+'تحليل الاداء'!AM30 -> 12 | AY30: =AW30+'تحليل الاداء '!AN30+'تحليل الاداء '!AN30+'تحليل الاداء'!AN30 -> 18
B31: محمد عباس | AV31: =AT31+AE31+Z31+U31+P31+K31+F31 -> 0 | AW31: =AU31+AG31+AA31+V31+Q31+L31+G31 -> 0 | AX31: =AV31+'تحليل الاداء '!AM31+'تحليل الاداء '!AM31+'تحليل الاداء'!AM31 -> 15 | AY31: =AW31+'تحليل الاداء '!AN31+'تحليل الاداء '!AN31+'تحليل الاداء'!AN31 -> 21
B32: عمرو المهدي | AV32: =AT32+AE32+Z32+U32+P32+K32+F32 -> 0 | AW32: =AU32+AG32+AA32+V32+Q32+L32+G32 -> 0 | AX32: =AV32+'تحليل الاداء '!AM32+'تحليل الاداء '!AM32+'تحليل الاداء'!AM32 -> 16 | AY32: =AW32+'تحليل الاداء '!AN32+'تحليل الاداء '!AN32+'تحليل الاداء'!AN32 -> 22
B33: على الشحات | AV33: =AT33+AE33+Z33+U33+P33+K33+F33 -> 0 | AW33: =AU33+AG33+AA33+V33+Q33+L33+G33 -> 0 | AX33: =AV33+'تحليل الاداء '!AM33+'تحليل الاداء '!AM33+'تحليل الاداء'!AM33 -> 16 | AY33: =AW33+'تحليل الاداء '!AN33+'تحليل الاداء '!AN33+'تحليل الاداء'!AN33 -> 21
A34: 34 | B34: محمود عادل حلمى | AV34: =AT34+AE34+Z34+U34+P34+K34+F34 -> 0 | AW34: =AU34+AG34+AA34+V34+Q34+L34+G34 -> 0 | AX34: =AV34+'تحليل الاداء '!AM34+'تحليل الاداء '!AM34+'تحليل الاداء'!AM34 -> 0 | AY34: =AW34+'تحليل الاداء '!AN34+'تحليل الاداء '!AN34+'تحليل الاداء'!AN34 -> 0
A35: 55 | B35: عبد الرحمن عاطف | AV35: =AT35+AE35+Z35+U35+P35+K35+F35 -> 0 | AW35: =AU35+AG35+AA35+V35+Q35+L35+G35 -> 0 | AX35: =AV35+'تحليل الاداء '!AM35+'تحليل الاداء '!AM35+'تحليل الاداء'!AM35 -> 14 | AY35: =AW35+'تحليل الاداء '!AN35+'تحليل الاداء '!AN35+'تحليل الاداء'!AN35 -> 17
A36: 37 | B36: جمال فؤاد | AV36: =AT36+AE36+Z36+U36+P36+K36+F36 -> 0 | AW36: =AU36+AG36+AA36+V36+Q36+L36+G36 -> 0 | AX36: =AV36+'تحليل الاداء '!AM36+'تحليل الاداء '!AM36+'تحليل الاداء'!AM36 -> 17 | AY36: =AW36+'تحليل الاداء '!AN36+'تحليل الاداء '!AN36+'تحليل الاداء'!AN36 -> 21
A37: 38 | B37: على النبوى | AV37: =AT37+AE37+Z37+U37+P37+K37+F37 -> 0 | AW37: =AU37+AG37+AA37+V37+Q37+L37+G37 -> 0 | AX37: =AV37+'تحليل الاداء '!AM37+'تحليل الاداء '!AM37+'تحليل الاداء'!AM37 -> 15 | AY37: =AW37+'تحليل الاداء '!AN37+'تحليل الاداء '!AN37+'تحليل الاداء'!AN37 -> 20
A38: 39 | B38: احمد فوزى | AV38: =AT38+AE38+Z38+U38+P38+K38+F38 -> 0 | AW38: =AU38+AG38+AA38+V38+Q38+L38+G38 -> 0 | AX38: =AV38+'تحليل الاداء '!AM38+'تحليل الاداء '!AM38+'تحليل الاداء'!AM38 -> 12 | AY38: =AW38+'تحليل الاداء '!AN38+'تحليل الاداء '!AN38+'تحليل الاداء'!AN38 -> 22
A39: 40 | B39: محمود عبد الفتاح | AV39: =AT39+AE39+Z39+U39+P39+K39+F39 -> 0 | AW39: =AU39+AG39+AA39+V39+Q39+L39+G39 -> 0 | AX39: =AV39+'تحليل الاداء '!AM39+'تحليل الاداء '!AM39+'تحليل الاداء'!AM39 -> 14 | AY39: =AW39+'تحليل الاداء '!AN39+'تحليل الاداء '!AN39+'تحليل الاداء'!AN39 -> 29
B40: سيد على | AV40: =AT40+AE40+Z40+U40+P40+K40+F40 -> 0 | AW40: =AU40+AG40+AA40+V40+Q40+L40+G40 -> 0 | AX40: =AV40+'تحليل الاداء '!AM40+'تحليل الاداء '!AM40+'تحليل الاداء'!AM40 -> 6 | AY40: =AW40+'تحليل الاداء '!AN40+'تحليل الاداء '!AN40+'تحليل الاداء'!AN40 -> 6
B41: السيد محمد | AV41: =AT41+AE41+Z41+U41+P41+K41+F41 -> 0 | AW41: =AU41+AG41+AA41+V41+Q41+L41+G41 -> 0 | AX41: =AV41+'تحليل الاداء '!AM41+'تحليل الاداء '!AM41+'تحليل الاداء'!AM41 -> 7 | AY41: =AW41+'تحليل الاداء '!AN41+'تحليل الاداء '!AN41+'تحليل الاداء'!AN41 -> 11
A42: 67 | B42: جمال حامد | AV42: =AT42+AE42+Z42+U42+P42+K42+F42 -> 0 | AW42: =AU42+AG42+AA42+V42+Q42+L42+G42 -> 0 | AX42: =AV42+'تحليل الاداء '!AM42+'تحليل الاداء '!AM42+'تحليل الاداء'!AM42 -> 6 | AY42: =AW42+'تحليل الاداء '!AN42+'تحليل الاداء '!AN42+'تحليل الاداء'!AN42 -> 17
A43: 44 | B43: عمار حامد عمار | AV43: =AT43+AE43+Z43+U43+P43+K43+F43 -> 0 | AW43: =AU43+AG43+AA43+V43+Q43+L43+G43 -> 0 | AX43: =AV43+'تحليل الاداء '!AM43+'تحليل الاداء '!AM43+'تحليل الاداء'!AM43 -> 12 | AY43: =AW43+'تحليل الاداء '!AN43+'تحليل الاداء '!AN43+'تحليل الاداء'!AN43 -> 19
A44: 45 | B44: محمود سيد | AV44: =AT44+AE44+Z44+U44+P44+K44+F44 -> 0 | AW44: =AU44+AG44+AA44+V44+Q44+L44+G44 -> 0 | AX44: =AV44+'تحليل الاداء '!AM44+'تحليل الاداء '!AM44+'تحليل الاداء'!AM44 -> 0 | AY44: =AW44+'تحليل الاداء '!AN44+'تحليل الاداء '!AN44+'تحليل الاداء'!AN44 -> 0
A45: 46 | B45: حسين حامد محمد | AV45: =AT45+AE45+Z45+U45+P45+K45+F45 -> 0 | AW45: =AU45+AG45+AA45+V45+Q45+L45+G45 -> 0 | AX45: =AV45+'تحليل الاداء '!AM45+'تحليل الاداء '!AM45+'تحليل الاداء'!AM45 -> 8 | AY45: =AW45+'تحليل الاداء '!AN45+'تحليل الاداء '!AN45+'تحليل الاداء'!AN45 -> 15
A46: 72 | B46: سعيد محمد منصور | AV46: =AT46+AE46+Z46+U46+P46+K46+F46 -> 0 | AW46: =AU46+AG46+AA46+V46+Q46+L46+G46 -> 0 | AX46: =AV46+'تحليل الاداء '!AM46+'تحليل الاداء '!AM46+'تحليل الاداء'!AM46 -> 10 | AY46: =AW46+'تحليل الاداء '!AN46+'تحليل الاداء '!AN46+'تحليل الاداء'!AN46 -> 11
A47: 51 | B47: احمد فتحى | AV47: =AT47+AE47+Z47+U47+P47+K47+F47 -> 0 | AW47: =AU47+AG47+AA47+V47+Q47+L47+G47 -> 0 | AX47: =AV47+'تحليل الاداء '!AM47+'تحليل الاداء '!AM47+'تحليل الاداء'!AM47 -> 7 | AY47: =AW47+'تحليل الاداء '!AN47+'تحليل الاداء '!AN47+'تحليل الاداء'!AN47 -> 10
A48: 56 | B48: احمد محمد حسين | AV48: =AT48+AE48+Z48+U48+P48+K48+F48 -> 0 | AW48: =AU48+AG48+AA48+V48+Q48+L48+G48 -> 0 | AX48: =AV48+'تحليل الاداء '!AM48+'تحليل الاداء '!AM48+'تحليل الاداء'!AM48 -> 10 | AY48: =AW48+'تحليل الاداء '!AN48+'تحليل الاداء '!AN48+'تحليل الاداء'!AN48 -> 18
A49: 52 | B49: خضر محمد | AV49: =AT49+AE49+Z49+U49+P49+K49+F49 -> 0 | AW49: =AU49+AG49+AA49+V49+Q49+L49+G49 -> 0 | AX49: =AV49+'تحليل الاداء '!AM49+'تحليل الاداء '!AM49+'تحليل الاداء'!AM49 -> 6 | AY49: =AW49+'تحليل الاداء '!AN49+'تحليل الاداء '!AN49+'تحليل الاداء'!AN49 -> 14
A50: 42 | B50: محمد السيد عطية | AV50: =AT50+AE50+Z50+U50+P50+K50+F50 -> 0 | AW50: =AU50+AG50+AA50+V50+Q50+L50+G50 -> 0 | AX50: =AV50+'تحليل الاداء '!AM50+'تحليل الاداء '!AM50+'تحليل الاداء'!AM50 -> 14 | AY50: =AW50+'تحليل الاداء '!AN50+'تحليل الاداء '!AN50+'تحليل الاداء'!AN50 -> 21
A51: 61 | B51: طارق عزت | AV51: =AT51+AE51+Z51+U51+P51+K51+F51 -> 0 | AW51: =AU51+AG51+AA51+V51+Q51+L51+G51 -> 0 | AX51: =AV51+'تحليل الاداء '!AM51+'تحليل الاداء '!AM51+'تحليل الاداء'!#REF! -> #REF! | AY51: =AW51+'تحليل الاداء '!AN51+'تحليل الاداء '!AN51+'تحليل الاداء'!#REF! -> #REF!
B52: محمد زينهم | AV52: 0 | AW52: 0 | AX52: 0 | AY52: 0
B53: شوقى فوزى | AV53: =AT53+AE53+Z53+U53+P53+K53+F53 -> 0 | AW53: =AU53+AG53+AA53+V53+Q53+L53+G53 -> 0 | AX53: =AV53+'تحليل الاداء '!AM53+'تحليل الاداء '!AM53+'تحليل الاداء'!AM51 -> 5 | AY53: =AW53+'تحليل الاداء '!AN53+'تحليل الاداء '!AN53+'تحليل الاداء'!AN51 -> 13
A54: 16 | B54: محمود رجب عبد الحميد | AV54: =AT54+AE54+Z54+U54+P54+K54+F54 -> 0 | AW54: =AU54+AG54+AA54+V54+Q54+L54+G54 -> 0 | AX54: =AV54+'تحليل الاداء '!AM54+'تحليل الاداء '!AM54+'تحليل الاداء'!AM52 -> 14 | AY54: =AW54+'تحليل الاداء '!AN54+'تحليل الاداء '!AN54+'تحليل الاداء'!AN52 -> 29
A55: 64 | B55: ناصر ابو السعود | AV55: =AT55+AE55+Z55+U55+P55+K55+F55 -> 0 | AW55: =AU55+AG55+AA55+V55+Q55+L55+G55 -> 0 | AX55: =AV55+'تحليل الاداء '!AM55+'تحليل الاداء '!AM55+'تحليل الاداء'!AM53 -> 3 | AY55: =AW55+'تحليل الاداء '!AN55+'تحليل الاداء '!AN55+'تحليل الاداء'!AN53 -> 9
A56: 68 | B56: إبراهيم المغاورى المغاورى | AV56: =AT56+AE56+Z56+U56+P56+K56+F56 -> 0 | AW56: =AU56+AG56+AA56+V56+Q56+L56+G56 -> 0 | AX56: =AV56+'تحليل الاداء '!AM56+'تحليل الاداء '!AM56+'تحليل الاداء'!AM54 -> 9 | AY56: =AW56+'تحليل الاداء '!AN56+'تحليل الاداء '!AN56+'تحليل الاداء'!AN54 -> 15
A57: 71 | B57: مدحت محمد | AV57: =AT57+AE57+Z57+U57+P57+K57+F57 -> 0 | AW57: =AU57+AG57+AA57+V57+Q57+L57+G57 -> 0 | AX57: =AV57+'تحليل الاداء '!AM57+'تحليل الاداء '!AM57+'تحليل الاداء'!AM56 -> 12 | AY57: =AW57+'تحليل الاداء '!AN57+'تحليل الاداء '!AN57+'تحليل الاداء'!AN56 -> 18
A58: 57 | B58: شريف حسنى جابر | AV58: =AT58+AE58+Z58+U58+P58+K58+F58 -> 0 | AW58: =AU58+AG58+AA58+V58+Q58+L58+G58 -> 0 | AX58: =AV58+'تحليل الاداء '!AM58+'تحليل الاداء '!AM58+'تحليل الاداء'!AM57 -> 10 | AY58: =AW58+'تحليل الاداء '!AN58+'تحليل الاداء '!AN58+'تحليل الاداء'!AN57 -> 23
A59: 58 | B59: محمد احمد حجازى | AV59: =AT59+AE59+Z59+U59+P59+K59+F59 -> 0 | AW59: =AU59+AG59+AA59+V59+Q59+L59+G59 -> 0 | AX59: =AV59+'تحليل الاداء '!AM59+'تحليل الاداء '!AM59+'تحليل الاداء'!AM58 -> 2 | AY59: =AW59+'تحليل الاداء '!AN59+'تحليل الاداء '!AN59+'تحليل الاداء'!AN58 -> 3
B60: احمد عبد الرحمن الهوارى | AV60: =AT60+AE60+Z60+U60+P60+K60+F60 -> 0 | AW60: =AU60+AG60+AA60+V60+Q60+L60+G60 -> 0 | AX60: =AV60+'تحليل الاداء '!AM60+'تحليل الاداء '!AM60+'تحليل الاداء'!AM59 -> 9 | AY60: =AW60+'تحليل الاداء '!AN60+'تحليل الاداء '!AN60+'تحليل الاداء'!AN59 -> 20
B61: محمد صلاح محمد اسماعيل | AV61: =AT61+AE61+Z61+U61+P61+K61+F61 -> 0 | AW61: =AU61+AG61+AA61+V61+Q61+L61+G61 -> 0 | AX61: =AV61+'تحليل الاداء '!AM61+'تحليل الاداء '!AM61+'تحليل الاداء'!AM60 -> 9 | AY61: =AW61+'تحليل الاداء '!AN61+'تحليل الاداء '!AN61+'تحليل الاداء'!AN60 -> 18
A62: 49 | B62: سيف موافى خيرى | AV62: =AT62+AE62+Z62+U62+P62+K62+F62 -> 0 | AW62: =AU62+AG62+AA62+V62+Q62+L62+G62 -> 0 | AX62: =AV62+'تحليل الاداء '!AM62+'تحليل الاداء '!AM62+'تحليل الاداء'!AM61 -> 7 | AY62: =AW62+'تحليل الاداء '!AN62+'تحليل الاداء '!AN62+'تحليل الاداء'!AN61 -> 16
A63: 54 | B63: شريف محمد احمد | AV63: =AT63+AE63+Z63+U63+P63+K63+F63 -> 0 | AW63: =AU63+AG63+AA63+V63+Q63+L63+G63 -> 0 | AX63: =AV63+'تحليل الاداء '!AM63+'تحليل الاداء '!AM63+'تحليل الاداء'!AM63 -> 7 | AY63: =AW63+'تحليل الاداء '!AN63+'تحليل الاداء '!AN63+'تحليل الاداء'!AN63 -> 19
B64: مصطفى عيسى | AV64: =AT64+AE64+Z64+U64+P64+K64+F64 -> 0 | AW64: =AU64+AG64+AA64+V64+Q64+L64+G64 -> 0 | AX64: =AV64+'تحليل الاداء '!AM64+'تحليل الاداء '!AM64+'تحليل الاداء'!AM64 -> 12 | AY64: =AW64+'تحليل الاداء '!AN64+'تحليل الاداء '!AN64+'تحليل الاداء'!AN64 -> 32
B65: كارم سعيد | AV65: =AT65+AE65+Z65+U65+P65+K65+F65 -> 0 | AW65: =AU65+AG65+AA65+V65+Q65+L65+G65 -> 0 | AX65: =AV65+'تحليل الاداء '!AM65+'تحليل الاداء '!AM65+'تحليل الاداء'!AM65 -> 9 | AY65: =AW65+'تحليل الاداء '!AN65+'تحليل الاداء '!AN65+'تحليل الاداء'!AN65 -> 16
B66: اسلام عبدالرازق عبدالجواد | AV66: =AT66+AE66+Z66+U66+P66+K66+F66 -> 0 | AW66: =AU66+AG66+AA66+V66+Q66+L66+G66 -> 0 | AX66: =AV66+'تحليل الاداء '!AM66+'تحليل الاداء '!AM66+'تحليل الاداء'!#REF! -> #REF! | AY66: =AW66+'تحليل الاداء '!AN66+'تحليل الاداء '!AN66+'تحليل الاداء'!#REF! -> #REF!
B67: محمد ابراهيم فهيم | AV67: =AT67+AE67+Z67+U67+P67+K67+F67 -> 0 | AW67: =AU67+AG67+AA67+V67+Q67+L67+G67 -> 0 | AX67: =AV67+'تحليل الاداء '!AM67+'تحليل الاداء '!AM67+'تحليل الاداء'!AM67 -> 15 | AY67: =AW67+'تحليل الاداء '!AN67+'تحليل الاداء '!AN67+'تحليل الاداء'!AN67 -> 28
A68: 1 | B68: مدحت محمداحمد السيد | AV68: =AT68+AE68+Z68+U68+P68+K68+F68 -> 0 | AW68: =AU68+AG68+AA68+V68+Q68+L68+G68 -> 0 | AX68: =AV68+'تحليل الاداء '!AM68+'تحليل الاداء '!AM68+'تحليل الاداء'!AM68 -> 4 | AY68: =AW68+'تحليل الاداء '!AN68+'تحليل الاداء '!AN68+'تحليل الاداء'!AN68 -> 4
A69: 15 | B69: طه صابر | AV69: =AT69+AE69+Z69+U69+P69+K69+F69 -> 0 | AW69: =AU69+AG69+AA69+V69+Q69+L69+G69 -> 0 | AX69: =AV69+'تحليل الاداء '!AM69+'تحليل الاداء '!AM69+'تحليل الاداء'!AM69 -> 4 | AY69: =AW69+'تحليل الاداء '!AN69+'تحليل الاداء '!AN69+'تحليل الاداء'!AN69 -> 4
B70: محمد جمعة | AV70: =AT70+AE70+Z70+U70+P70+K70+F70 -> 0 | AW70: =AU70+AG70+AA70+V70+Q70+L70+G70 -> 0 | AX70: =AV70+'تحليل الاداء '!AM70+'تحليل الاداء '!AM70+'تحليل الاداء'!AM70 -> 0 | AY70: =AW70+'تحليل الاداء '!AN70+'تحليل الاداء '!AN70+'تحليل الاداء'!AN70 -> 0
B71: ممدوح عبد العال | AV71: =AT71+AE71+Z71+U71+P71+K71+F71 -> 0 | AW71: =AU71+AG71+AA71+V71+Q71+L71+G71 -> 0 | AX71: =AV71+'تحليل الاداء '!AM71+'تحليل الاداء '!AM71+'تحليل الاداء'!AM71 -> 7 | AY71: =AW71+'تحليل الاداء '!AN71+'تحليل الاداء '!AN71+'تحليل الاداء'!AN71 -> 8
A72: 9 | B72: احمداشرف احمد | AV72: =AT72+AE72+Z72+U72+P72+K72+F72 -> 0 | AW72: =AU72+AG72+AA72+V72+Q72+L72+G72 -> 0 | AX72: =AV72+'تحليل الاداء '!AM72+'تحليل الاداء '!AM72+'تحليل الاداء'!AM72 -> 13 | AY72: =AW72+'تحليل الاداء '!AN72+'تحليل الاداء '!AN72+'تحليل الاداء'!AN72 -> 19
A73: 47 | B73: مصطفى عادل | AV73: =AT73+AE73+Z73+U73+P73+K73+F73 -> 0 | AW73: =AU73+AG73+AA73+V73+Q73+L73+G73 -> 0 | AX73: =AV73+'تحليل الاداء '!AM73+'تحليل الاداء '!AM73+'تحليل الاداء'!AM73 -> 14 | AY73: =AW73+'تحليل الاداء '!AN73+'تحليل الاداء '!AN73+'تحليل الاداء'!AN73 -> 27
B74: احمد السعيد | AV74: =AT74+AE74+Z74+U74+P74+K74+F74 -> 0 | AW74: =AU74+AG74+AA74+V74+Q74+L74+G74 -> 0 | AX74: =AV74+'تحليل الاداء '!AM74+'تحليل الاداء '!AM74+'تحليل الاداء'!AM74 -> 14 | AY74: =AW74+'تحليل الاداء '!AN74+'تحليل الاداء '!AN74+'تحليل الاداء'!AN74 -> 21
A75: 29 | B75: مجدى صبحى سالم | AV75: =AT75+AE75+Z75+U75+P75+K75+F75 -> 0 | AW75: =AU75+AG75+AA75+V75+Q75+L75+G75 -> 0 | AX75: =AV75+'تحليل الاداء '!AM75+'تحليل الاداء '!AM75+'تحليل الاداء'!AM75 -> 13 | AY75: =AW75+'تحليل الاداء '!AN75+'تحليل الاداء '!AN75+'تحليل الاداء'!AN75 -> 21
B76: احمد جمعه | AV76: =AT76+AE76+Z76+U76+P76+K76+F76 -> 0 | AW76: =AU76+AG76+AA76+V76+Q76+L76+G76 -> 0 | AX76: =AV76+'تحليل الاداء '!AM76+'تحليل الاداء '!AM76+'تحليل الاداء'!AM76 -> 13 | AY76: =AW76+'تحليل الاداء '!AN76+'تحليل الاداء '!AN76+'تحليل الاداء'!AN76 -> 25
B77: احمد صادق | AV77: =AT77+AE77+Z77+U77+P77+K77+F77 -> 0 | AW77: =AU77+AG77+AA77+V77+Q77+L77+G77 -> 0 | AX77: =AV77+'تحليل الاداء '!AM77+'تحليل الاداء '!AM77+'تحليل الاداء'!AM77 -> 12 | AY77: =AW77+'تحليل الاداء '!AN77+'تحليل الاداء '!AN77+'تحليل الاداء'!AN77 -> 16
B78: محمد صديق فهمى | AV78: =AT78+AE78+Z78+U78+P78+K78+F78 -> 0 | AW78: =AU78+AG78+AA78+V78+Q78+L78+G78 -> 0 | AX78: =AV78+'تحليل الاداء '!AM78+'تحليل الاداء '!AM78+'تحليل الاداء'!AM78 -> 15 | AY78: =AW78+'تحليل الاداء '!AN78+'تحليل الاداء '!AN78+'تحليل الاداء'!AN78 -> 19
B79: اسلام سلطان | AV79: =AT79+AE79+Z79+U79+P79+K79+F79 -> 0 | AW79: =AU79+AG79+AA79+V79+Q79+L79+G79 -> 0 | AX79: =AV79+'تحليل الاداء '!AM79+'تحليل الاداء '!AM79+'تحليل الاداء'!AM79 -> 13 | AY79: =AW79+'تحليل الاداء '!AN79+'تحليل الاداء '!AN79+'تحليل الاداء'!AN79 -> 19
B80: حسن على عبد الله | AV80: =AT80+AE80+Z80+U80+P80+K80+F80 -> 0 | AW80: =AU80+AG80+AA80+V80+Q80+L80+G80 -> 0 | AX80: =AV80+'تحليل الاداء '!AM80+'تحليل الاداء '!AM80+'تحليل الاداء'!AM80 -> 14 | AY80: =AW80+'تحليل الاداء '!AN80+'تحليل الاداء '!AN80+'تحليل الاداء'!AN80 -> 20
B81: محمد احمد محمد | AV81: =AT81+AE81+Z81+U81+P81+K81+F81 -> 0 | AW81: =AU81+AG81+AA81+V81+Q81+L81+G81 -> 0 | AX81: =AV81+'تحليل الاداء '!AM81+'تحليل الاداء '!AM81+'تحليل الاداء'!AM81 -> 14 | AY81: =AW81+'تحليل الاداء '!AN81+'تحليل الاداء '!AN81+'تحليل الاداء'!AN81 -> 21
B82: ايمن سعيد معوض | AV82: =AT82+AE82+Z82+U82+P82+K82+F82 -> 0 | AW82: =AU82+AG82+AA82+V82+Q82+L82+G82 -> 0 | AX82: =AV82+'تحليل الاداء '!AM82+'تحليل الاداء '!AM82+'تحليل الاداء'!AM82 -> 2 | AY82: =AW82+'تحليل الاداء '!AN82+'تحليل الاداء '!AN82+'تحليل الاداء'!AN82 -> 2
B83: حسام سلامة بيومى | AV83: =AT83+AE83+Z83+U83+P83+K83+F83 -> 0 | AW83: =AU83+AG83+AA83+V83+Q83+L83+G83 -> 0 | AX83: =AV83+'تحليل الاداء '!AM83+'تحليل الاداء '!AM84+'تحليل الاداء'!AM83 -> 9 | AY83: =AW83+'تحليل الاداء '!AN83+'تحليل الاداء '!AN84+'تحليل الاداء'!AN83 -> 10
B84: احمد شحات محمد | AV84: =AT84+AE84+Z84+U84+P84+K84+F84 -> 0 | AW84: =AU84+AG84+AA84+V84+Q84+L84+G84 -> 0 | AX84: =AV84+'تحليل الاداء '!AM84+'تحليل الاداء '!AM85+'تحليل الاداء'!AM84 -> 8 | AY84: =AW84+'تحليل الاداء '!AN84+'تحليل الاداء '!AN85+'تحليل الاداء'!AN84 -> 10
B85: محمد عبد الرحمن | AV85: =AT85+AE85+Z85+U85+P85+K85+F85 -> 0 | AW85: =AU85+AG85+AA85+V85+Q85+L85+G85 -> 0 | AX85: =AV85+'تحليل الاداء '!AM85+'تحليل الاداء '!AM86+'تحليل الاداء'!AM86 -> 10 | AY85: =AW85+'تحليل الاداء '!AN85+'تحليل الاداء '!AN86+'تحليل الاداء'!AN86 -> 20
