Workbook

Sheet داتا
A1: شيت دخول وخروج السيارات ايتوال عن يوم الخميس الموافق 19/2/2026
A2: م | B2: رقم السيارة | C2: نوع السيارة | D2: الزمن المعيارى للتحميل | E2: اسم الفرع | F2: اسم السائق | G2: وقت الحضور المقرر | H2: الحضور فعلى | I2: مدة التأخير | J2: دخول الكيدج | K2: نزول من الكيدج | L2: أخصائى الدفترى | M2: أخصائى السيستم | N2: مدة التحميل | O2: مدة انحراف التحميل | P2: الزمن المعيارى لنزول الاذن | Q2: وقت نزول الاذن | R2: مدة انحراف نزول الاذن | S2: خروج من المصنع | T2: الزمن المعيارى لدخول الفرع | U2: دخول الفرع | V2: مدة انحراف دخول الفرع | W2: الزمن المعيارى لنزول المنتجات | X2: فتح السياره | Y2: غلق السياره | Z2: الوقت المستغرق | AA2: مدة انحراف نزول المنتجات فى الفرع | AB2: خروج من الفرع | AC2: ملاحظات
A3: 1 | B3: 2695 | C3: =VLOOKUP(B3,'[1]21-1-2026'!$B$3:$T$35,2,) -> تلتين | D3: =VLOOKUP(B3,'[1]21-1-2026'!$B$3:$T$35,3,) -> 0.03125 | E3: النزهة | F3: وائل علي | G3: 0.25 | H3: 0.25 | I3: =H3-G3 -> 0 | J3: 0.19791667 | K3: 0.25 | L3: احمد عبد الجواد | M3: احمد عبد الجواد | N3: =K3-J3 -> 0.052083333 | O3: =N3-D3 -> 0.020833333 | P3: 0.0069444444 | Q3: 0.25 | R3: 0 | S3: 0.28819444 | T3: =VLOOKUP(E3,'[1]21-1-2026'!$E$3:$T$35,16,FALSE) -> 0.013888889 | U3: 0.30555556 | V3: =U3-T3-S3 -> 0.0034722222 | W3: 0.03125 | X3: 0.30902778 | Y3: 0.32291667 | Z3: =Y3-X3 -> 0.013888889 | AA3: 0 | AB3: 0.32291667 | AD3: رحلة اولى ( شرقى ومخبوزات وغربى )
A4: 2 | B4: 2695 | C4: =VLOOKUP(B4,'[1]21-1-2026'!$B$3:$T$35,2,) -> تلتين | D4: =VLOOKUP(B4,'[1]21-1-2026'!$B$3:$T$35,3,) -> 0.03125 | E4: الجسر | F4: وائل علي | G4: 0.25 | H4: 0.25 | I4: =H4-G4 -> 0 | J4: 0.19791667 | K4: 0.25 | L4: احمد عبد الجواد | M4: احمد عبد الجواد | N4: =K4-J4 -> 0.052083333 | O4: =N4-D4 -> 0.020833333 | P4: 0.0069444444 | Q4: 0.25 | R4: 0 | S4: 0.28819444 | T4: =VLOOKUP(E4,'[1]21-1-2026'!$E$3:$T$35,16,FALSE) -> 0.010416667 | U4: 0.32708333 | V4: 0 | W4: 0.041666667 | X4: 0.33333333 | Y4: 0.375 | Z4: =Y4-X4 -> 0.041666667 | AA4: =Z4-W4 -> 0 | AB4: 0.38194444
A5: 3 | B5: 2917 | C5: =VLOOKUP(B5,'[1]21-1-2026'!$B$3:$T$35,2,) -> تلتين | D5: =VLOOKUP(B5,'[1]21-1-2026'!$B$3:$T$35,3,) -> 0.03125 | E5: المعادي 2 | F5: رجب محمد | G5: 0.25 | H5: 0.25347222 | I5: =H5-G5 -> 0.0034722222 | J5: 0.20833333 | K5: 0.27777778 | L5: محمد هشام | M5: محمد هشام | N5: =K5-J5 -> 0.069444444 | O5: =N5-D5 -> 0.038194444 | P5: 0.0069444444 | Q5: 0.27777778 | R5: 0 | S5: 0.28819444 | T5: =VLOOKUP(E5,'[1]21-1-2026'!$E$3:$T$35,16,FALSE) -> 0.034722222 | U5: 0.32986111 | V5: =U5-T5-S5 -> 0.0069444444 | W5: 0.03125 | X5: 0.34027778 | Y5: 0.37152778 | Z5: =Y5-X5 -> 0.03125 | AA5: =Z5-W5 -> 0 | AB5: 0.375
A6: 4 | B6: 2917 | C6: =VLOOKUP(B6,'[1]21-1-2026'!$B$3:$T$35,2,) -> تلتين | D6: =VLOOKUP(B6,'[1]21-1-2026'!$B$3:$T$35,3,) -> 0.03125 | E6: العاشر | F6: رجب محمد | G6: 0.25 | H6: 0.25347222 | I6: =H6-G6 -> 0.0034722222 | J6: 0.20833333 | K6: 0.27777778 | L6: محمد هشام | M6: محمد هشام | N6: =K6-J6 -> 0.069444444 | O6: 0 | P6: 0.0069444444 | Q6: 0.27777778 | R6: 0 | S6: 0.28819444 | T6: 0.010416667 | U6: 0.40138889 | V6: =U6-T6-S6 -> 0.10277778 | W6: 0.041666667 | X6: 0.40625 | Y6: 0.45833333 | Z6: =Y6-X6 -> 0.052083333 | AA6: =Z6-W6 -> 0.010416667 | AB6: 0.46180556
A7: 5 | B7: 459 | C7: =VLOOKUP(B7,'[1]21-1-2026'!$B$3:$T$35,2,) -> دبابة | D7: =VLOOKUP(B7,'[1]21-1-2026'!$B$3:$T$35,3,) -> 0.020833333 | E7: الوسط | F7: علي عادل | G7: 0.25 | H7: 0.25 | I7: =H7-G7 -> 0 | J7: 0.20833333 | K7: 0.22569444 | L7: باسم خالد | M7: باسم خالد | N7: =K7-J7 -> 0.017361111 | O7: 0 | P7: 0.0069444444 | Q7: 0.22569444 | R7: 0 | S7: 0.29513889 | T7: =VLOOKUP(E7,'[1]21-1-2026'!$E$3:$T$35,16,FALSE) -> 0.017361111 | U7: 0.31944444 | V7: =U7-T7-S7 -> 0.0069444444 | W7: 0.03125 | X7: 0.32291667 | Y7: 0.34583333 | Z7: =Y7-X7 -> 0.022916667 | AA7: 0 | AB7: 0.34722222
A8: 6 | B8: 1454 | C8: =VLOOKUP(B8,'[1]21-1-2026'!$B$3:$T$35,2,) -> تلتين | D8: =VLOOKUP(B8,'[1]21-1-2026'!$B$3:$T$35,3,) -> 0.03125 | E8: عرابي | F8: احمد فوزي | G8: 0.25 | H8: 0.25 | I8: =H8-G8 -> 0 | J8: 0.22569444 | K8: 0.25694444 | L8: عبد الله امير | M8: عبد الله امير | N8: =K8-J8 -> 0.03125 | O8: 0 | P8: 0.0069444444 | Q8: 0.25694444 | R8: 0 | S8: 0.29861111 | T8: =VLOOKUP(E8,'[1]21-1-2026'!$E$3:$T$35,16,FALSE) -> 0.017361111 | U8: 0.31875 | V8: =U8-T8-S8 -> 0.0027777778 | W8: 0.03125 | X8: 0.33888889 | Y8: 0.37152778 | Z8: =Y8-X8 -> 0.032638889 | AA8: =Z8-W8 -> 0.0013888889 | AB8: 0.37361111
A9: 7 | B9: 1454 | C9: =VLOOKUP(B9,'[1]21-1-2026'!$B$3:$T$35,2,) -> تلتين | D9: =VLOOKUP(B9,'[1]21-1-2026'!$B$3:$T$35,3,) -> 0.03125 | E9: الدقي | F9: احمد فوزي | G9: 0.25 | H9: 0.25 | I9: =H9-G9 -> 0 | J9: 0.22569444 | K9: 0.25694444 | L9: عبد الله امير | M9: عبد الله امير | N9: =K9-J9 -> 0.03125 | O9: 0 | P9: 0.0069444444 | Q9: 0.25694444 | R9: 0 | S9: 0.29861111 | T9: =VLOOKUP(E9,'[1]21-1-2026'!$E$3:$T$35,16,FALSE) -> 0.013888889 | U9: 0.37847222 | V9: =U9-T9-S9 -> 0.065972222 | W9: 0.041666667 | X9: 0.38194444 | Y9: 0.43194444 | Z9: =Y9-X9 -> 0.05 | AA9: =Z9-W9 -> 0.0083333333 | AB9: 0.43402778
A10: 8 | B10: 7464 | C10: =VLOOKUP(B10,'[1]21-1-2026'!$B$3:$T$35,2,) -> تلتين | D10: =VLOOKUP(B10,'[1]21-1-2026'!$B$3:$T$35,3,) -> 0.03125 | E10: فيصل | F10: عمرو محمد | G10: 0.25 | H10: 0.25 | I10: =H10-G10 -> 0 | J10: 0.19444444 | K10: 0.22569444 | L10: محمد صلاح | M10: محمد صلاح | N10: =K10-J10 -> 0.03125 | O10: 0 | P10: 0.0069444444 | Q10: 0.22569444 | R10: 0 | S10: 0.29166667 | T10: =VLOOKUP(E10,'[1]21-1-2026'!$E$3:$T$35,16,FALSE) -> 0.034722222 | U10: 0.33333333 | V10: =U10-T10-S10 -> 0.0069444444 | W10: 0.03125 | X10: 0.33680556 | Y10: 0.38888889 | Z10: =Y10-X10 -> 0.052083333 | AA10: =Z10-W10 -> 0.020833333 | AB10: 0.39236111
A11: 9 | B11: 7464 | C11: =VLOOKUP(B11,'[1]21-1-2026'!$B$3:$T$35,2,) -> تلتين | D11: =VLOOKUP(B11,'[1]21-1-2026'!$B$3:$T$35,3,) -> 0.03125 | E11: الطوابق | F11: عمرو محمد | G11: 0.25 | H11: 0.25 | I11: =H11-G11 -> 0 | J11: 0.19444444 | K11: 0.22569444 | L11: محمد صلاح | M11: محمد صلاح | N11: =K11-J11 -> 0.03125 | O11: =N11-D11 -> 0 | P11: 0.0069444444 | Q11: 0.22569444 | R11: 0 | S11: 0.29166667 | T11: =VLOOKUP(E11,'[1]21-1-2026'!$E$3:$T$35,16,FALSE) -> 0.034722222 | U11: 0.39930556 | V11: =U11-T11-S11 -> 0.072916667 | W11: 0.041666667 | X11: 0.40277778 | Y11: 0.45 | Z11: =Y11-X11 -> 0.047222222 | AA11: =Z11-W11 -> 0.0055555556 | AB11: 0.45486111
A12: 10 | B12: 6231 | C12: خارجية | D12: 0.0625 | E12: التجمع 1 | F12: سمير جمال | G12: 0.25 | H12: 0.25 | I12: =H12-G12 -> 0 | J12: 0.21527778 | K12: 0.28125 | L12: احمد خيري | M12: احمد خيري | N12: =K12-J12 -> 0.065972222 | O12: =N12-D12 -> 0.0034722222 | P12: 0.0069444444 | Q12: 0.28125 | R12: 0 | S12: 0.29166667 | T12: =VLOOKUP(E12,'[1]21-1-2026'!$E$3:$T$35,16,FALSE) -> 0.024305556 | U12: 0 | V12: 0 | W12: 0.041666667 | X12: 0 | Y12: 0 | Z12: =Y12-X12 -> 0 | AA12: 0 | AB12: 0
A13: 11 | B13: 6231 | C13: خارجية | D13: 0.0625 | E13: التجمع 5 | F13: سمير جمال | G13: 0.25 | H13: 0.25 | I13: =H13-G13 -> 0 | J13: 0.21527778 | K13: 0.28125 | L13: احمد خيري | M13: احمد خيري | N13: =K13-J13 -> 0.065972222 | O13: =N13-D13 -> 0.0034722222 | P13: 0.0069444444 | Q13: 0.28125 | R13: 0 | S13: 0.29166667 | T13: =VLOOKUP(E13,'[1]21-1-2026'!$E$3:$T$35,16,FALSE) -> 0.010416667 | U13: 0.40625 | V13: =U13-T13-S13 -> 0.10416667 | W13: 0.0625 | X13: 0.40972222 | Y13: 0.44097222 | Z13: =Y13-X13 -> 0.03125 | AA13: 0 | AB13: 0.44444444
A14: 12 | B14: 586 | C14: =VLOOKUP(B14,'[1]21-1-2026'!$B$3:$T$35,2,) -> سوزوكي | D14: =VLOOKUP(B14,'[1]21-1-2026'!$B$3:$T$35,3,) -> 0.020833333 | E14: الشروق 3 | F14: محمود عبد الفتاح | G14: 0.25 | H14: 0.25 | I14: =H14-G14 -> 0 | J14: 0.23958333 | K14: 0.25694444 | L14: باسم خالد | M14: باسم خالد | N14: =K14-J14 -> 0.017361111 | O14: 0 | P14: 0.0069444444 | Q14: 0.25694444 | R14: 0 | S14: 0.29861111 | T14: =VLOOKUP(E14,'[1]21-1-2026'!$E$3:$T$35,16,FALSE) -> 0.038194444 | U14: 0.35069444 | V14: =U14-T14-S14 -> 0.013888889 | W14: 0.03125 | X14: 0.35416667 | Y14: 0.38194444 | Z14: =Y14-X14 -> 0.027777778 | AA14: 0 | AB14: 0.45138889
A15: 13 | B15: 3495 | C15: =VLOOKUP(B15,'[1]21-1-2026'!$B$3:$T$35,2,) -> تلتين | D15: =VLOOKUP(B15,'[1]21-1-2026'!$B$3:$T$35,3,) -> 0.03125 | E15: مكرم | F15: محد صلاح | G15: 0.25 | H15: 0.25694444 | I15: =H15-G15 -> 0.0069444444 | J15: 0.23263889 | K15: 0.25 | L15: احمد عبد العزيز | M15: احمد عبد العزيز | N15: =K15-J15 -> 0.017361111 | O15: 0 | P15: 0.0069444444 | Q15: 0.25 | R15: 0 | S15: 0.29166667 | T15: =VLOOKUP(E15,'[1]21-1-2026'!$E$3:$T$35,16,FALSE) -> 0.017361111 | U15: 0.31597222 | V15: =U15-T15-S15 -> 0.0069444444 | W15: 0.03125 | X15: 0.31944444 | Y15: 0.36458333 | Z15: =Y15-X15 -> 0.045138889 | AA15: =Z15-W15 -> 0.013888889 | AB15: 0.36805556
A16: 14 | B16: 3495 | C16: =VLOOKUP(B16,'[1]21-1-2026'!$B$3:$T$35,2,) -> تلتين | D16: =VLOOKUP(B16,'[1]21-1-2026'!$B$3:$T$35,3,) -> 0.03125 | E16: جاردينيا | F16: محمد صلاح | G16: 0.25 | H16: 0.25694444 | I16: =H16-G16 -> 0.0069444444 | J16: 0.23263889 | K16: 0.25 | L16: احمد عبد العزيز | M16: احمد عبد العزيز | N16: =K16-J16 -> 0.017361111 | O16: 0 | P16: 0.0069444444 | Q16: 0.25 | R16: 0 | S16: 0.29166667 | T16: =VLOOKUP(E16,'[1]21-1-2026'!$E$3:$T$35,16,FALSE) -> 0.010416667 | U16: 0.37847222 | V16: =U16-T16-S16 -> 0.076388889 | W16: 0.041666667 | X16: 0.38194444 | Y16: 0.40625 | Z16: =Y16-X16 -> 0.024305556 | AA16: 0 | AB16: 0.41319444
A17: 15 | B17: 1538 | C17: =VLOOKUP(B17,'[1]21-1-2026'!$B$3:$T$35,2,) -> تلتين | D17: =VLOOKUP(B17,'[1]21-1-2026'!$B$3:$T$35,3,) -> 0.03125 | E17: الشروق | F17: احمد حسن | G17: 0.25 | H17: 0.25 | I17: =H17-G17 -> 0 | J17: 0.27083333 | K17: 0.29861111 | L17: باسم خالد | M17: باسم خالد | N17: =K17-J17 -> 0.027777778 | O17: 0 | P17: 0.0069444444 | Q17: 0.29861111 | R17: 0 | S17: 0.30902778 | T17: =VLOOKUP(E17,'[1]21-1-2026'!$E$3:$T$35,16,FALSE) -> 0.034722222 | U17: 0.35416667 | V17: =U17-T17-S17 -> 0.010416667 | W17: 0.03125 | X17: 0.35763889 | Y17: 0.38888889 | Z17: =Y17-X17 -> 0.03125 | AA17: =Z17-W17 -> 0 | AB17: 0.39236111
A18: 16 | B18: 1538 | C18: =VLOOKUP(B18,'[1]21-1-2026'!$B$3:$T$35,2,) -> تلتين | D18: =VLOOKUP(B18,'[1]21-1-2026'!$B$3:$T$35,3,) -> 0.03125 | E18: الشروق 3 | F18: احمد حسن | G18: 0.25 | H18: 0.25 | I18: =H18-G18 -> 0 | J18: 0.27083333 | K18: 0.29861111 | L18: باسم خالد | M18: باسم خالد | N18: =K18-J18 -> 0.027777778 | O18: 0 | P18: 0.0069444444 | Q18: 0.29861111 | R18: 0 | S18: 0.30902778 | T18: =VLOOKUP(E18,'[1]21-1-2026'!$E$3:$T$35,16,FALSE) -> 0.038194444 | U18: 0.40625 | V18: =U18-T18-S18 -> 0.059027778 | W18: 0.041666667 | X18: 0.40972222 | Y18: 0.42708333 | Z18: =Y18-X18 -> 0.017361111 | AA18: 0 | AB18: 0.45138889
A19: 17 | B19: 3492 | C19: =VLOOKUP(B19,'[1]21-1-2026'!$B$3:$T$35,2,) -> تلتين | D19: =VLOOKUP(B19,'[1]21-1-2026'!$B$3:$T$35,3,) -> 0.03125 | E19: العاشر من رمضان | F19: محمود عادل | G19: 0.25 | H19: 0.25 | I19: =H19-G19 -> 0 | J19: 0.25694444 | K19: 0.29166667 | L19: احمد عبد العزيز | M19: احمد عبد العزيز | N19: =K19-J19 -> 0.034722222 | O19: =N19-D19 -> 0.0034722222 | P19: 0.0069444444 | Q19: 0.29166667 | R19: 0 | S19: 0.31597222 | T19: =VLOOKUP(E19,'[1]21-1-2026'!$E$3:$T$35,16,FALSE) -> 0.0625 | U19: 0.37152778 | V19: 0 | W19: 0.041666667 | X19: 0.375 | Y19: 0.41527778 | Z19: =Y19-X19 -> 0.040277778 | AA19: 0 | AB19: 0.42361111
A20: 18 | B20: 3891 | C20: =VLOOKUP(B20,'[1]21-1-2026'!$B$3:$T$35,2,) -> تلتين | D20: =VLOOKUP(B20,'[1]21-1-2026'!$B$3:$T$35,3,) -> 0.03125 | E20: اكتوبر | F20: علاء مجدي | G20: 0.25 | H20: 0.25 | I20: =H20-G20 -> 0 | J20: 0.28125 | K20: 0.30555556 | L20: احمد عبد الجواد | M20: احمد عبد الجواد | N20: =K20-J20 -> 0.024305556 | O20: 0 | P20: 0.0069444444 | Q20: 0.30555556 | R20: 0 | S20: 0.31597222 | T20: =VLOOKUP(E20,'[1]21-1-2026'!$E$3:$T$35,16,FALSE) -> 0.041666667 | U20: 0.36111111 | V20: =U20-T20-S20 -> 0.0034722222 | W20: 0.041666667 | X20: 0.36458333 | Y20: 0.40972222 | Z20: =Y20-X20 -> 0.045138889 | AA20: =Z20-W20 -> 0.0034722222 | AB20: 0.41319444
A21: 19 | B21: 5898 | C21: =VLOOKUP(B21,'[1]21-1-2026'!$B$3:$T$35,2,) -> تلتين | D21: =VLOOKUP(B21,'[1]21-1-2026'!$B$3:$T$35,3,) -> 0.03125 | E21: عباس | F21: طه محسن | G21: 0.25 | H21: 0.25 | I21: =H21-G21 -> 0 | J21: 0.22916667 | K21: 0.26041667 | L21: محمد صلاح | M21: محمد صلاح | N21: =K21-J21 -> 0.03125 | O21: =N21-D21 -> 0 | P21: 0.0069444444 | Q21: 0.26041667 | R21: 0 | S21: 0.32291667 | T21: =VLOOKUP(E21,'[1]21-1-2026'!$E$3:$T$35,16,FALSE) -> 0.017361111 | U21: 0.33333333 | V21: 0 | W21: 0.03125 | X21: 0.34027778 | Y21: 0.36805556 | Z21: =Y21-X21 -> 0.027777778 | AA21: 0 | AB21: 0.37152778
A22: 20 | B22: 5898 | C22: =VLOOKUP(B22,'[1]21-1-2026'!$B$3:$T$35,2,) -> تلتين | D22: =VLOOKUP(B22,'[1]21-1-2026'!$B$3:$T$35,3,) -> 0.03125 | E22: الميرغني | F22: طه محسن | G22: 0.25 | H22: 0.25 | I22: =H22-G22 -> 0 | J22: 0.22916667 | K22: 0.26041667 | L22: محمد صلاح | M22: محمد صلاح | N22: =K22-J22 -> 0.03125 | O22: =N22-D22 -> 0 | P22: 0.0069444444 | Q22: 0.26041667 | R22: 0 | S22: 0.32291667 | T22: =VLOOKUP(E22,'[1]21-1-2026'!$E$3:$T$35,16,FALSE) -> 0.013888889 | U22: 0.37847222 | V22: =U22-T22-S22 -> 0.041666667 | W22: 0.041666667 | X22: 0.38055556 | Y22: 0.42361111 | Z22: =Y22-X22 -> 0.043055556 | AA22: =Z22-W22 -> 0.0013888889 | AB22: 0.42708333
A23: 21 | B23: 4987 | C23: =VLOOKUP(B23,'[1]21-1-2026'!$B$3:$T$35,2,) -> تلتين | D23: =VLOOKUP(B23,'[1]21-1-2026'!$B$3:$T$35,3,) -> 0.03125 | E23: الوايلي | F23: علي حمدي | G23: 0.25 | H23: 0.25 | I23: =H23-G23 -> 0 | J23: 0.27777778 | K23: 0.30902778 | L23: عبد الله امير | M23: عبد الله امير | N23: =K23-J23 -> 0.03125 | O23: =N23-D23 -> 0 | P23: 0.0069444444 | Q23: 0.30902778 | R23: 0 | S23: 0.31944444 | T23: =VLOOKUP(E23,'[1]21-1-2026'!$E$3:$T$35,16,FALSE) -> 0.010416667 | U23: 0.33333333 | V23: =U23-T23-S23 -> 0.0034722222 | W23: 0.03125 | X23: 0.33888889 | Y23: 0.38055556 | Z23: =Y23-X23 -> 0.041666667 | AA23: =Z23-W23 -> 0.010416667 | AB23: 0.38125
A24: 22 | B24: 4987 | C24: =VLOOKUP(B24,'[1]21-1-2026'!$B$3:$T$35,2,) -> تلتين | D24: =VLOOKUP(B24,'[1]21-1-2026'!$B$3:$T$35,3,) -> 0.03125 | E24: المنتزة | F24: علي حمدي | G24: 0.25 | H24: 0.25 | I24: =H24-G24 -> 0 | J24: 0.27777778 | K24: 0.30902778 | L24: عبد الله امير | M24: عبد الله امير | N24: =K24-J24 -> 0.03125 | O24: =N24-D24 -> 0 | P24: 0.0069444444 | Q24: 0.30902778 | R24: 0 | S24: 0.31944444 | T24: =VLOOKUP(E24,'[1]21-1-2026'!$E$3:$T$35,16,FALSE) -> 0.010416667 | U24: 0.38888889 | V24: =U24-T24-S24 -> 0.059027778 | W24: 0.041666667 | X24: 0.39236111 | Y24: 0.41666667 | Z24: =Y24-X24 -> 0.024305556 | AA24: 0 | AB24: 0.42361111
A25: 23 | B25: 7435 | C25: =VLOOKUP(B25,'[1]21-1-2026'!$B$3:$T$35,2,) -> تلتين | D25: =VLOOKUP(B25,'[1]21-1-2026'!$B$3:$T$35,3,) -> 0.03125 | E25: المعادي 1 | F25: محمود ابو طالب | G25: 0.25 | H25: 0.25 | I25: =H25-G25 -> 0 | J25: 0.28472222 | K25: 0.31597222 | L25: محمد هشام | M25: محمد هشام | N25: =K25-J25 -> 0.03125 | O25: =N25-D25 -> 0 | P25: 0.0069444444 | Q25: 0.31597222 | R25: 0 | S25: 0.32638889 | T25: =VLOOKUP(E25,'[1]21-1-2026'!$E$3:$T$35,16,FALSE) -> 0.034722222 | U25: 0.35763889 | V25: 0 | W25: 0.041666667 | X25: 0.36111111 | Y25: 0.40277778 | Z25: =Y25-X25 -> 0.041666667 | AA25: =Z25-W25 -> 0 | AB25: 0.40625
A26: 24 | B26: 3783 | C26: =VLOOKUP(B26,'[1]21-1-2026'!$B$3:$T$35,2,) -> دبابة | D26: =VLOOKUP(B26,'[1]21-1-2026'!$B$3:$T$35,3,) -> 0.020833333 | E26: الشيراتون | F26: الشناوي سرور | G26: 0.25 | H26: 0.26041667 | I26: =H26-G26 -> 0.010416667 | J26: 0.3125 | K26: 0.32638889 | L26: باسم خالد | M26: باسم خالد | N26: =K26-J26 -> 0.013888889 | O26: 0 | P26: 0.0069444444 | Q26: 0.32638889 | R26: 0 | S26: 0.34375 | T26: =VLOOKUP(E26,'[1]21-1-2026'!$E$3:$T$35,16,FALSE) -> 0.020833333 | U26: 0.36180556 | V26: 0 | W26: 0.03125 | X26: 0.36458333 | Y26: 0.39583333 | Z26: =Y26-X26 -> 0.03125 | AA26: =Z26-W26 -> 0 | AB26: 0.39930556
A27: 25 | B27: 796 | C27: =VLOOKUP(B27,'[1]21-1-2026'!$B$3:$T$35,2,) -> دبابة | D27: =VLOOKUP(B27,'[1]21-1-2026'!$B$3:$T$35,3,) -> 0.020833333 | E27: الدوران | F27: عمرو عبد الرحمن | G27: 0.25 | H27: 0.25 | I27: =H27-G27 -> 0 | J27: 0.3125 | K27: 0.33333333 | L27: احمد عبد الجواد | M27: احمد عبد الجواد | N27: =K27-J27 -> 0.020833333 | O27: =N27-D27 -> 0 | P27: 0.0069444444 | Q27: 0.33333333 | R27: 0 | S27: 0.34375 | T27: =VLOOKUP(E27,'[1]21-1-2026'!$E$3:$T$35,16,FALSE) -> 0.013888889 | U27: 0.35069444 | V27: 0 | W27: 0.03125 | X27: 0.35972222 | Y27: 0.38541667 | Z27: =Y27-X27 -> 0.025694444 | AA27: 0 | AB27: 0.38888889
A28: 26 | B28: 4879 | C28: =VLOOKUP(B28,'[1]21-1-2026'!$B$3:$T$35,2,) -> دبابة | D28: =VLOOKUP(B28,'[1]21-1-2026'!$B$3:$T$35,3,) -> 0.020833333 | E28: العباسية | F28: جمال فؤاد | G28: 0.25 | H28: 0.25 | I28: =H28-G28 -> 0 | J28: 0.29861111 | K28: 0.3125 | L28: احمد عبد العزيز | M28: احمد عبد العزيز | N28: =K28-J28 -> 0.013888889 | O28: 0 | P28: 0.0069444444 | Q28: 0.3125 | R28: 0 | S28: 0.35069444 | T28: =VLOOKUP(E28,'[1]21-1-2026'!$E$3:$T$35,16,FALSE) -> 0.020833333 | U28: 0.37152778 | V28: =U28-T28-S28 -> 0 | W28: 0.03125 | X28: 0.375 | Y28: 0.41666667 | Z28: =Y28-X28 -> 0.041666667 | AA28: =Z28-W28 -> 0.010416667 | AB28: 0.42708333
A29: 27 | B29: 3787 | C29: =VLOOKUP(B29,'[1]21-1-2026'!$B$3:$T$35,2,) -> دبابة | D29: =VLOOKUP(B29,'[1]21-1-2026'!$B$3:$T$35,3,) -> 0.020833333 | E29: العبور | F29: صبري إمام | G29: 0.25 | H29: 0.25 | I29: =H29-G29 -> 0 | J29: 0.29861111 | K29: 0.33680556 | L29: احمد خيري | M29: احمد خيري | N29: =K29-J29 -> 0.038194444 | O29: =N29-D29 -> 0.017361111 | P29: 0.0069444444 | Q29: 0.33680556 | R29: 0 | S29: 0.35069444 | T29: =VLOOKUP(E29,'[1]21-1-2026'!$E$3:$T$35,16,FALSE) -> 0.027777778 | U29: 0.37986111 | V29: =U29-T29-S29 -> 0.0013888889 | W29: 0.03125 | X29: 0.38333333 | Y29: 0.42638889 | Z29: =Y29-X29 -> 0.043055556 | AA29: =Z29-W29 -> 0.011805556 | AB29: 0.42708333
A30: 28 | B30: 8527 | C30: خارجية | D30: 0.0625 | E30: شبرا | F30: سائق خارجي | G30: 0.25 | H30: 0.25 | I30: =H30-G30 -> 0 | J30: 0.31597222 | K30: 0.39583333 | L30: حسام خليل | M30: حسام خليل | N30: =K30-J30 -> 0.079861111 | O30: =N30-D30 -> 0.017361111 | P30: 0.0069444444 | Q30: 0.39583333 | R30: 0 | S30: 0.39930556 | T30: =VLOOKUP(E30,'[1]21-1-2026'!$E$3:$T$35,16,FALSE) -> 0.013888889 | U30: 0 | V30: 0 | W30: 0.041666667 | X30: 0 | Y30: 0 | Z30: 0 | AA30: 0 | AB30: 0
A31: 29 | B31: 9652 | C31: خارجية | D31: 0.0625 | E31: مسطرد | F31: محمود عيد | G31: 0.25 | H31: 0.25 | I31: =H31-G31 -> 0 | J31: 0.34375 | K31: 0.39930556 | L31: محمد فؤاد | M31: محمد فؤاد | N31: =K31-J31 -> 0.055555556 | O31: 0 | P31: 0.0069444444 | Q31: 0.39930556 | R31: 0 | S31: 0.40277778 | T31: =VLOOKUP(E31,'[1]21-1-2026'!$E$3:$T$35,16,FALSE) -> 0.0034722222 | U31: 0 | V31: 0 | W31: 0.0625 | X31: 0 | Y31: 0 | Z31: =Y31-X31 -> 0 | AA31: 0 | AB31: 0
A32: 30 | B32: 634 | C32: =VLOOKUP(B32,'[1]21-1-2026'!$B$3:$T$35,2,) -> دبابة | D32: =VLOOKUP(B32,'[1]21-1-2026'!$B$3:$T$35,3,) -> 0.020833333 | E32: الشريف | F32: احمد عواد | G32: 0.25 | H32: 0.25 | I32: =H32-G32 -> 0 | J32: 0.31597222 | K32: 0.36458333 | L32: محمد دسوقي | M32: محمد دسوقي | N32: =K32-J32 -> 0.048611111 | O32: =N32-D32 -> 0.027777778 | P32: 0.0069444444 | Q32: 0.36458333 | R32: 0 | S32: 0.37152778 | T32: =VLOOKUP(E32,'[1]21-1-2026'!$E$3:$T$35,16,FALSE) -> 0.017361111 | U32: 0.39166667 | V32: =U32-T32-S32 -> 0.0027777778 | W32: 0.03125 | X32: 0.39513889 | Y32: 0.44166667 | Z32: =Y32-X32 -> 0.046527778 | AA32: =Z32-W32 -> 0.015277778 | AB32: 0.44236111
A33: 31 | B33: 3793 | C33: =VLOOKUP(B33,'[1]21-1-2026'!$B$3:$T$35,2,) -> دبابة | D33: =VLOOKUP(B33,'[1]21-1-2026'!$B$3:$T$35,3,) -> 0.020833333 | E33: الكوربة | F33: محمد مراد | G33: 0.25 | H33: 0.25 | I33: =H33-G33 -> 0 | J33: 0.31597222 | K33: 0.37152778 | L33: احمد فايز | M33: احمد فايز | N33: =K33-J33 -> 0.055555556 | O33: =N33-D33 -> 0.034722222 | P33: 0.0069444444 | Q33: 0.37152778 | R33: 0 | S33: 0.38194444 | T33: =VLOOKUP(E33,'[1]21-1-2026'!$E$3:$T$35,16,FALSE) -> 0.013888889 | U33: 0.39930556 | V33: =U33-T33-S33 -> 0.0034722222 | W33: 0.03125 | X33: 0.40208333 | Y33: 0.4375 | Z33: =Y33-X33 -> 0.035416667 | AA33: =Z33-W33 -> 0.0041666667 | AB33: 0.43888889
A34: 32 | B34: 714 | C34: خارجية | D34: 0.0625 | E34: السواح | F34: عبد العظيم رمضان | G34: 0.25 | H34: 0.25 | I34: =H34-G34 -> 0 | J34: 0.34375 | K34: 0.40625 | L34: محمد عادل | M34: محمد عادل | N34: =K34-J34 -> 0.0625 | O34: =N34-D34 -> 0 | P34: 0.0069444444 | Q34: 0.40625 | R34: 0 | S34: 0.42013889 | T34: =VLOOKUP(E34,'[1]21-1-2026'!$E$3:$T$35,16,FALSE) -> 0.010416667 | U34: 0.43055556 | V34: =U34-T34-S34 -> 0 | W34: 0.0625 | X34: 0.43402778 | Y34: 0.46875 | Z34: =Y34-X34 -> 0.034722222 | AA34: 0 | AB34: 0.47222222
A35: 33 | B35: 2714 | C35: =VLOOKUP(B35,'[1]21-1-2026'!$B$3:$T$35,2,) -> تلتين | D35: =VLOOKUP(B35,'[1]21-1-2026'!$B$3:$T$35,3,) -> 0.03125 | E35: المطرية | F35: جمعة السيد | G35: 0.25 | H35: 0.25 | I35: =H35-G35 -> 0 | J35: 0.36458333 | K35: 0.39236111 | L35: عبد الرحمن ابراهيم | M35: عبد الرحمن ابراهيم | N35: =K35-J35 -> 0.027777778 | O35: 0 | P35: 0.0069444444 | Q35: 0.39236111 | R35: 0 | S35: 0.39583333 | T35: =VLOOKUP(E35,'[1]21-1-2026'!$E$3:$T$35,16,FALSE) -> 0.0048611111 | U35: 0.40972222 | V35: =U35-T35-S35 -> 0.0090277778 | W35: 0.03125 | X35: 0.41319444 | Y35: 0.44930556 | Z35: =Y35-X35 -> 0.036111111 | AA35: =Z35-W35 -> 0.0048611111 | AB35: 0.45138889
B36: 2474 | C36: =VLOOKUP(B36,'[1]21-1-2026'!$B$3:$T$35,2,) -> دبابة | D36: 0.020833333
B37: 6143 | C37: تلتين | D37: 0.03125
B38: 6142 | C38: تلتين | D38: 0.03125
B39: 2694 | C39: =VLOOKUP(B39,'[1]21-1-2026'!$B$3:$T$35,2,) -> تلتين | D39: 0.03125
A40: 1 | B40: 1231 | C40: خارجية | D40: 0.041666667 | E40: الدقي | F40: محمود سعيد | G40: 0.25 | H40: 0.25 | I40: =H40-G40 -> 0 | J40: 0.38194444 | K40: 0.4375 | L40: محمد دسوقي | M40: محمد دسوقي | N40: =K40-J40 -> 0.055555556 | O40: =N40-D40 -> 0.013888889 | P40: 0.0069444444 | Q40: 0.4375 | R40: 0 | S40: 0.45138889 | T40: =VLOOKUP(E40,'[1]21-1-2026'!$E$36:$T$67,16,FALSE) -> 0.013888889 | U40: 0 | V40: 0 | W40: 0.03125 | X40: 0 | Y40: 0 | Z40: =Y40-X40 -> 0 | AA40: 0 | AB40: 0 | AD40: رحلة ثانية ( شرقى وغربى ومخبوزات )
A41: 2 | B41: 1231 | C41: خارجية | D41: 0.041666667 | E41: عرابي | F41: محمود سعيد | G41: 0.25 | H41: 0.25 | I41: =H41-G41 -> 0 | J41: 0.38194444 | K41: 0.4375 | L41: محمد دسوقي | M41: محمد دسوقي | N41: =K41-J41 -> 0.055555556 | O41: =N41-D41 -> 0.013888889 | P41: 0.0069444444 | Q41: 0.4375 | R41: 0 | S41: 0.45138889 | T41: =VLOOKUP(E41,'[1]21-1-2026'!$E$36:$T$67,16,FALSE) -> 0.017361111 | U41: 0 | V41: 0 | W41: 0.041666667 | X41: 0 | Y41: 0 | Z41: =Y41-X41 -> 0 | AA41: 0 | AB41: 0
A42: 3 | B42: 459 | C42: =VLOOKUP(B42,'[1]21-1-2026'!$B$3:$T$35,2,) -> دبابة | D42: =VLOOKUP(B42,'[1]21-1-2026'!$B$3:$T$35,3,) -> 0.020833333 | E42: الشريف | F42: علي عادل | G42: 0.25 | H42: =VLOOKUP(F42,$F$3:$H$35,3,FALSE) -> 0.25 | I42: =H42-G42 -> 0 | J42: 0.38194444 | K42: 0.41666667 | L42: اسلام محمد | M42: اسلام محمد | N42: =K42-J42 -> 0.034722222 | O42: =N42-D42 -> 0.013888889 | P42: 0.0069444444 | Q42: 0.41666667 | R42: 0 | S42: 0.42708333 | T42: =VLOOKUP(E42,'[1]21-1-2026'!$E$36:$T$67,16,FALSE) -> 0.017361111 | U42: 0.45486111 | V42: =U42-T42-S42 -> 0.010416667 | W42: 0.020833333 | X42: 0.45625 | Y42: 0.47152778 | Z42: =Y42-X42 -> 0.015277778 | AA42: 0 | AB42: 0.47222222
A43: 4 | B43: 459 | C43: =VLOOKUP(B43,'[1]21-1-2026'!$B$3:$T$35,2,) -> دبابة | D43: =VLOOKUP(B43,'[1]21-1-2026'!$B$3:$T$35,3,) -> 0.020833333 | E43: الوسط | F43: علي عادل | G43: 0.25 | H43: =VLOOKUP(F43,$F$3:$H$35,3,FALSE) -> 0.25 | I43: =H43-G43 -> 0 | J43: 0.38194444 | K43: 0.41666667 | L43: اسلام محمد | M43: اسلام محمد | N43: =K43-J43 -> 0.034722222 | O43: =N43-D43 -> 0.013888889 | P43: 0.0069444444 | Q43: 0.41666667 | R43: 0 | S43: 0.42708333 | T43: =VLOOKUP(E43,'[1]21-1-2026'!$E$36:$T$67,16,FALSE) -> 0.010416667 | U43: 0.47638889 | V43: =U43-T43-S43 -> 0.038888889 | W43: 0.03125 | X43: 0.47916667 | Y43: 0.51180556 | Z43: =Y43-X43 -> 0.032638889 | AA43: =Z43-W43 -> 0.0013888889 | AB43: 0.51388889
A44: 5 | B44: 9198 | C44: =VLOOKUP(B44,'[1]21-1-2026'!$B$3:$T$35,2,) -> دبابة | D44: =VLOOKUP(B44,'[1]21-1-2026'!$B$3:$T$35,3,) -> 0.020833333 | E44: الشيراتون | F44: كريم محمود | G44: 0.25 | H44: 0.25 | I44: =H44-G44 -> 0 | J44: 0.42361111 | K44: 0.45138889 | L44: عمر ابراهيم | M44: عمر ابراهيم | N44: =K44-J44 -> 0.027777778 | O44: =N44-D44 -> 0.0069444444 | P44: 0.0069444444 | Q44: 0.45138889 | R44: 0 | S44: 0.45833333 | T44: =VLOOKUP(E44,'[1]21-1-2026'!$E$36:$T$67,16,FALSE) -> 0.020833333 | U44: 0.48958333 | V44: =U44-T44-S44 -> 0.010416667 | W44: 0.020833333 | X44: 0.49305556 | Y44: 0.52083333 | Z44: =Y44-X44 -> 0.027777778 | AA44: =Z44-W44 -> 0.0069444444 | AB44: 0.52430556
A45: 6 | B45: 9198 | C45: =VLOOKUP(B45,'[1]21-1-2026'!$B$3:$T$35,2,) -> دبابة | D45: =VLOOKUP(B45,'[1]21-1-2026'!$B$3:$T$35,3,) -> 0.020833333 | E45: جاردينيا | F45: كريم محمود | G45: 0.25 | H45: 0.25 | I45: =H45-G45 -> 0 | J45: 0.42361111 | K45: 0.45138889 | L45: عمر ابراهيم | M45: عمر ابراهيم | N45: =K45-J45 -> 0.027777778 | O45: =N45-D45 -> 0.0069444444 | P45: 0.0069444444 | Q45: 0.45138889 | R45: 0 | S45: 0.45833333 | T45: =VLOOKUP(E45,'[1]21-1-2026'!$E$36:$T$67,16,FALSE) -> 0.010416667 | U45: 0.53125 | V45: =U45-T45-S45 -> 0.0625 | W45: 0.03125 | X45: 0.53194444 | Y45: 0.55555556 | Z45: =Y45-X45 -> 0.023611111 | AA45: 0 | AB45: 0.55902778
A46: 7 | B46: 796 | C46: =VLOOKUP(B46,'[1]21-1-2026'!$B$3:$T$35,2,) -> دبابة | D46: =VLOOKUP(B46,'[1]21-1-2026'!$B$3:$T$35,3,) -> 0.020833333 | E46: اكتوبر | F46: عمرو عبد الرحمن | G46: 0.25 | H46: =VLOOKUP(F46,$F$3:$H$35,3,FALSE) -> 0.25 | I46: =H46-G46 -> 0 | J46: 0.4375 | K46: 0.45833333 | L46: ابو بكر | M46: ابو بكر | N46: =K46-J46 -> 0.020833333 | O46: =N46-D46 -> 0 | P46: 0.0069444444 | Q46: 0.45833333 | R46: 0 | S46: 0.46527778 | T46: =VLOOKUP(E46,'[1]21-1-2026'!$E$36:$T$67,16,FALSE) -> 0.041666667 | U46: 0.5 | V46: 0 | W46: 0.03125 | X46: 0.51736111 | Y46: 0.55902778 | Z46: =Y46-X46 -> 0.041666667 | AA46: =Z46-W46 -> 0.010416667 | AB46: 0.5625
A47: 8 | B47: 3783 | C47: =VLOOKUP(B47,'[1]21-1-2026'!$B$3:$T$35,2,) -> دبابة | D47: =VLOOKUP(B47,'[1]21-1-2026'!$B$3:$T$35,3,) -> 0.020833333 | E47: الشروق 3 | F47: الشناوي سرور | G47: 0.25 | H47: =VLOOKUP(F47,$F$3:$H$35,3,FALSE) -> 0.26041667 | I47: =H47-G47 -> 0.010416667 | J47: 0.43055556 | K47: 0.45833333 | L47: احمد فايز | M47: احمد فايز | N47: =K47-J47 -> 0.027777778 | O47: =N47-D47 -> 0.0069444444 | P47: 0.0069444444 | Q47: 0.45833333 | R47: 0 | S47: 0.46875 | T47: =VLOOKUP(E47,'[1]21-1-2026'!$E$36:$T$67,16,FALSE) -> 0.010416667 | U47: 0.50694444 | V47: =U47-T47-S47 -> 0.027777778 | W47: 0.03125 | X47: 0.51041667 | Y47: 0.55208333 | Z47: =Y47-X47 -> 0.041666667 | AA47: =Z47-W47 -> 0.010416667 | AB47: 0.55555556
A48: 9 | B48: 3495 | C48: =VLOOKUP(B48,'[1]21-1-2026'!$B$3:$T$35,2,) -> تلتين | D48: =VLOOKUP(B48,'[1]21-1-2026'!$B$3:$T$35,3,) -> 0.03125 | E48: عباس | F48: محمد صلاح | G48: 0.25 | H48: =VLOOKUP(F48,$F$3:$H$35,3,FALSE) -> 0.25694444 | I48: =H48-G48 -> 0.0069444444 | J48: 0.45486111 | K48: 0.5 | L48: محمد عبد الله | M48: حسام جمال | N48: =K48-J48 -> 0.045138889 | O48: =N48-D48 -> 0.013888889 | P48: 0.0069444444 | Q48: 0.5 | R48: 0 | S48: 0.50694444 | T48: =VLOOKUP(E48,'[1]21-1-2026'!$E$36:$T$67,16,FALSE) -> 0.017361111 | U48: 0.53125 | V48: =U48-T48-S48 -> 0.0069444444 | W48: 0.041666667 | X48: 0.53472222 | Y48: 0.58333333 | Z48: =Y48-X48 -> 0.048611111 | AA48: =Z48-W48 -> 0.0069444444 | AB48: 0.58680556
A49: 10 | B49: 4987 | C49: =VLOOKUP(B49,'[1]21-1-2026'!$B$3:$T$35,2,) -> تلتين | D49: =VLOOKUP(B49,'[1]21-1-2026'!$B$3:$T$35,3,) -> 0.03125 | E49: العاشر | F49: علي حمدي | G49: 0.25 | H49: =VLOOKUP(F49,$F$3:$H$35,3,FALSE) -> 0.25 | I49: =H49-G49 -> 0 | J49: 0.44097222 | K49: 0.47569444 | L49: محمد رجب | M49: محمد رجب | N49: =K49-J49 -> 0.034722222 | O49: =N49-D49 -> 0.0034722222 | P49: 0.0069444444 | Q49: 0.47569444 | R49: 0 | S49: 0.48263889 | T49: =VLOOKUP(E49,'[1]21-1-2026'!$E$36:$T$67,16,FALSE) -> 0.027777778 | U49: 0.50694444 | V49: 0 | W49: 0.041666667 | X49: 0.51388889 | Y49: 0.55902778 | Z49: =Y49-X49 -> 0.045138889 | AA49: =Z49-W49 -> 0.0034722222 | AB49: 0.5625
A50: 11 | B50: 5898 | C50: =VLOOKUP(B50,'[1]21-1-2026'!$B$3:$T$35,2,) -> تلتين | D50: =VLOOKUP(B50,'[1]21-1-2026'!$B$3:$T$35,3,) -> 0.03125 | E50: التجمع 1 | F50: طه محسن | G50: 0.25 | H50: =VLOOKUP(F50,$F$3:$H$35,3,FALSE) -> 0.25 | I50: =H50-G50 -> 0 | J50: 0.45138889 | K50: 0.49305556 | L50: شريف ابراهيم | M50: شريف ابراهيم | N50: =K50-J50 -> 0.041666667 | O50: =N50-D50 -> 0.010416667 | P50: 0.0069444444 | Q50: 0.49305556 | R50: 0 | S50: 0.5 | T50: =VLOOKUP(E50,'[1]21-1-2026'!$E$36:$T$67,16,FALSE) -> 0.024305556 | U50: 0.51388889 | V50: 0 | W50: 0.03125 | X50: 0.52083333 | Y50: 0.56666667 | Z50: =Y50-X50 -> 0.045833333 | AA50: =Z50-W50 -> 0.014583333 | AB50: 0.56736111
A51: 12 | B51: 5898 | C51: =VLOOKUP(B51,'[1]21-1-2026'!$B$3:$T$35,2,) -> تلتين | D51: =VLOOKUP(B51,'[1]21-1-2026'!$B$3:$T$35,3,) -> 0.03125 | E51: التجمع 5 | F51: طه محسن | G51: 0.25 | H51: =VLOOKUP(F51,$F$3:$H$35,3,FALSE) -> 0.25 | I51: =H51-G51 -> 0 | J51: 0.45138889 | K51: 0.49305556 | L51: شريف ابراهيم | M51: شريف ابراهيم | N51: =K51-J51 -> 0.041666667 | O51: =N51-D51 -> 0.010416667 | P51: 0.0069444444 | Q51: 0.49305556 | R51: 0 | S51: 0.5 | T51: =VLOOKUP(E51,'[1]21-1-2026'!$E$36:$T$67,16,FALSE) -> 0.010416667 | U51: 0.58680556 | V51: =U51-T51-S51 -> 0.076388889 | W51: 0.041666667 | X51: 0.59027778 | Y51: 0.61111111 | Z51: =Y51-X51 -> 0.020833333 | AA51: 0 | AB51: 0.61458333
A52: 13 | B52: 2695 | C52: =VLOOKUP(B52,'[1]21-1-2026'!$B$3:$T$35,2,) -> تلتين | D52: =VLOOKUP(B52,'[1]21-1-2026'!$B$3:$T$35,3,) -> 0.03125 | E52: المعادي 1 | F52: وائل علي | G52: 0.25 | H52: =VLOOKUP(F52,$F$3:$H$35,3,FALSE) -> 0.25 | I52: =H52-G52 -> 0 | J52: 0.45138889 | K52: 0.5 | L52: اسلام الجندي | M52: اسلام الجندي | N52: =K52-J52 -> 0.048611111 | O52: =N52-D52 -> 0.017361111 | P52: 0.0069444444 | Q52: 0.5 | R52: 0 | S52: 0.50347222 | T52: =VLOOKUP(E52,'[1]21-1-2026'!$E$36:$T$67,16,FALSE) -> 0.034722222 | U52: 0.54513889 | V52: =U52-T52-S52 -> 0.0069444444 | W52: 0.03125 | X52: 0.54861111 | Y52: 0.59722222 | Z52: =Y52-X52 -> 0.048611111 | AA52: =Z52-W52 -> 0.017361111 | AB52: 0.60069444
A53: 14 | B53: 2695 | C53: =VLOOKUP(B53,'[1]21-1-2026'!$B$3:$T$35,2,) -> تلتين | D53: =VLOOKUP(B53,'[1]21-1-2026'!$B$3:$T$35,3,) -> 0.03125 | E53: المعادي 2 | F53: وائل علي | G53: 0.25 | H53: =VLOOKUP(F53,$F$3:$H$35,3,FALSE) -> 0.25 | I53: =H53-G53 -> 0 | J53: 0.45138889 | K53: 0.5 | L53: اسلام الجندي | M53: اسلام الجندي | N53: =K53-J53 -> 0.048611111 | O53: =N53-D53 -> 0.017361111 | P53: 0.0069444444 | Q53: 0.5 | R53: 0 | S53: 0.50347222 | T53: 0.010416667 | U53: 0.61111111 | V53: 0 | W53: 0.041666667 | X53: 0.61458333 | Y53: 0.63888889 | Z53: =Y53-X53 -> 0.024305556 | AA53: 0 | AB53: 0.64930556
A54: 15 | B54: 4879 | C54: =VLOOKUP(B54,'[1]21-1-2026'!$B$3:$T$35,2,) -> دبابة | D54: =VLOOKUP(B54,'[1]21-1-2026'!$B$3:$T$35,3,) -> 0.020833333 | E54: العاشر من رمضان | F54: جمال فؤاد | G54: 0.25 | H54: =VLOOKUP(F54,$F$3:$H$35,3,FALSE) -> 0.25 | I54: =H54-G54 -> 0 | J54: 0.46527778 | K54: 0.48958333 | L54: عمر ابراهيم | M54: عمر ابراهيم | N54: =K54-J54 -> 0.024305556 | O54: =N54-D54 -> 0.0034722222 | P54: 0.0069444444 | Q54: 0.48958333 | R54: 0 | S54: 0.49305556 | T54: =VLOOKUP(E54,'[1]21-1-2026'!$E$36:$T$67,16,FALSE) -> 0.0625 | U54: 0.54861111 | V54: 0 | W54: 0.03125 | X54: 0.55208333 | Y54: 0.59861111 | Z54: =Y54-X54 -> 0.046527778 | AA54: =Z54-W54 -> 0.015277778 | AB54: 0.60416667
A55: 16 | B55: 7435 | C55: =VLOOKUP(B55,'[1]21-1-2026'!$B$3:$T$35,2,) -> تلتين | D55: =VLOOKUP(B55,'[1]21-1-2026'!$B$3:$T$35,3,) -> 0.03125 | E55: الطوابق | F55: محمود ابو طالب | G55: 0.25 | H55: =VLOOKUP(F55,$F$3:$H$35,3,FALSE) -> 0.25 | I55: =H55-G55 -> 0 | J55: 0.48263889 | K55: 0.5 | L55: حسام خليل | M55: حسام خليل | N55: =K55-J55 -> 0.017361111 | O55: 0 | P55: 0.0069444444 | Q55: 0.5 | R55: 0 | S55: 0.50694444 | T55: =VLOOKUP(E55,'[1]21-1-2026'!$E$36:$T$67,16,FALSE) -> 0.034722222 | U55: 0.52986111 | V55: 0 | W55: 0.041666667 | X55: 0.53333333 | Y55: 0.57291667 | Z55: =Y55-X55 -> 0.039583333 | AA55: 0 | AB55: 0.575
A56: 17 | B56: 3793 | C56: =VLOOKUP(B56,'[1]21-1-2026'!$B$3:$T$35,2,) -> دبابة | D56: =VLOOKUP(B56,'[1]21-1-2026'!$B$3:$T$35,3,) -> 0.020833333 | E56: الشروق | F56: محمد مراد | G56: 0.25 | H56: =VLOOKUP(F56,$F$3:$H$35,3,FALSE) -> 0.25 | I56: =H56-G56 -> 0 | J56: 0.47222222 | K56: 0.49305556 | L56: اسلام محمد | M56: اسلام محمد | N56: =K56-J56 -> 0.020833333 | O56: =N56-D56 -> 6.9388939e-17 | P56: 0.0069444444 | Q56: 0.49305556 | R56: 0 | S56: 0.5 | T56: =VLOOKUP(E56,'[1]21-1-2026'!$E$36:$T$67,16,FALSE) -> 0.034722222 | U56: 0.53819444 | V56: =U56-T56-S56 -> 0.0034722222 | W56: 0.03125 | X56: 0.54027778 | Y56: 0.56388889 | Z56: =Y56-X56 -> 0.023611111 | AA56: 0 | AB56: 0.56597222
A57: 18 | B57: 3891 | C57: =VLOOKUP(B57,'[1]21-1-2026'!$B$3:$T$35,2,) -> تلتين | D57: =VLOOKUP(B57,'[1]21-1-2026'!$B$3:$T$35,3,) -> 0.03125 | E57: العبور | F57: علاء مجدي | G57: 0.25 | H57: =VLOOKUP(F57,$F$3:$H$35,3,FALSE) -> 0.25 | I57: =H57-G57 -> 0 | J57: 0.48611111 | K57: 0.52083333 | L57: محمد عادل | M57: محمد عادل | N57: =K57-J57 -> 0.034722222 | O57: =N57-D57 -> 0.0034722222 | P57: 0.0069444444 | Q57: 0.52083333 | R57: 0 | S57: 0.53125 | T57: =VLOOKUP(E57,'[1]21-1-2026'!$E$36:$T$67,16,FALSE) -> 0.027777778 | U57: 0.57430556 | V57: =U57-T57-S57 -> 0.015277778 | W57: 0.041666667 | X57: 0.57708333 | Y57: 0.64444444 | Z57: =Y57-X57 -> 0.067361111 | AA57: =Z57-W57 -> 0.025694444 | AB57: 0.64583333
A58: 19 | B58: 9652 | C58: خارجية | D58: 0.041666667 | E58: فيصل | F58: محمود عيد | G58: 0.25 | H58: =VLOOKUP(F58,$F$3:$H$35,3,FALSE) -> 0.25 | I58: =H58-G58 -> 0 | J58: 0.51041667 | K58: 0.54166667 | L58: محمد فؤاد | M58: محمد فؤاد | N58: =K58-J58 -> 0.03125 | O58: 0 | P58: 0.0069444444 | Q58: 0.54166667 | R58: 0 | S58: 0.54861111 | T58: =VLOOKUP(E58,'[1]21-1-2026'!$E$36:$T$67,16,FALSE) -> 0.034722222 | U58: 0 | V58: 0 | W58: 0.041666667 | X58: 0 | Y58: 0 | Z58: =Y58-X58 -> 0 | AA58: 0 | AB58: 0
A59: 20 | B59: 2714 | C59: =VLOOKUP(B59,'[1]21-1-2026'!$B$3:$T$35,2,) -> تلتين | D59: =VLOOKUP(B59,'[1]21-1-2026'!$B$3:$T$35,3,) -> 0.03125 | E59: مكرم | F59: علي النبوي | G59: 0.25 | H59: 0.25 | I59: =H59-G59 -> 0 | J59: 0.51041667 | K59: 0.54166667 | L59: اسلام الجندي | M59: اسلام الجندي | N59: =K59-J59 -> 0.03125 | O59: =N59-D59 -> 0 | P59: 0.0069444444 | Q59: 0.54166667 | R59: 0 | S59: 0.54513889 | T59: =VLOOKUP(E59,'[1]21-1-2026'!$E$36:$T$67,16,FALSE) -> 0.017361111 | U59: 0.5625 | V59: =U59-T59-S59 -> 0 | W59: 0.041666667 | X59: 0.56944444 | Y59: 0.61805556 | Z59: =Y59-X59 -> 0.048611111 | AA59: =Z59-W59 -> 0.0069444444 | AB59: 0.62152778
A60: 21 | B60: 3787 | C60: =VLOOKUP(B60,'[1]21-1-2026'!$B$3:$T$35,2,) -> دبابة | D60: =VLOOKUP(B60,'[1]21-1-2026'!$B$3:$T$35,3,) -> 0.020833333 | E60: الميرغني | F60: صبري إمام | G60: 0.25 | H60: =VLOOKUP(F60,$F$3:$H$35,3,FALSE) -> 0.25 | I60: =H60-G60 -> 0 | J60: 0.52083333 | K60: 0.56597222 | L60: محمد عبد الله | M60: حسام جمال | N60: =K60-J60 -> 0.045138889 | O60: =N60-D60 -> 0.024305556 | P60: 0.0069444444 | Q60: 0.56597222 | R60: 0 | S60: 0.55555556 | T60: =VLOOKUP(E60,'[1]21-1-2026'!$E$36:$T$67,16,FALSE) -> 0.013888889 | U60: 0.59027778 | V60: =U60-T60-S60 -> 0.020833333 | W60: 0.03125 | X60: 0.60763889 | Y60: 0.72569444 | Z60: =Y60-X60 -> 0.11805556 | AA60: =Z60-W60 -> 0.086805556 | AB60: 0.72708333
A61: 22 | B61: 6231 | C61: خارجية | D61: 0.041666667 | E61: الجسر | F61: سمير جمال | G61: 0.25 | H61: =VLOOKUP(F61,$F$3:$H$35,3,FALSE) -> 0.25 | I61: =H61-G61 -> 0 | J61: 0.50694444 | K61: 0.54513889 | L61: احمد فايز | M61: احمد فايز | N61: =K61-J61 -> 0.038194444 | O61: 0 | P61: 0.0069444444 | Q61: 0.54513889 | R61: 0 | S61: 0.55555556 | T61: =VLOOKUP(E61,'[1]21-1-2026'!$E$36:$T$67,16,FALSE) -> 0.010416667 | U61: 0 | V61: 0 | W61: 0.041666667 | X61: 0 | Y61: 0 | Z61: =Y61-X61 -> 0 | AA61: 0 | AB61: 0
A62: 23 | B62: 3492 | C62: =VLOOKUP(B62,'[1]21-1-2026'!$B$3:$T$35,2,) -> تلتين | D62: =VLOOKUP(B62,'[1]21-1-2026'!$B$3:$T$35,3,) -> 0.03125 | E62: الوايلي | F62: محمود عادل | G62: 0.25 | H62: =VLOOKUP(F62,$F$3:$H$35,3,FALSE) -> 0.25 | I62: =H62-G62 -> 0 | J62: 0.50347222 | K62: 0.54166667 | L62: عمر ابراهيم | M62: عمر ابراهيم | N62: =K62-J62 -> 0.038194444 | O62: =N62-D62 -> 0.0069444444 | P62: 0.0069444444 | Q62: 0.54166667 | R62: 0 | S62: 0.55555556 | T62: =VLOOKUP(E62,'[1]21-1-2026'!$E$36:$T$67,16,FALSE) -> 0.010416667 | U62: 0.56944444 | V62: =U62-T62-S62 -> 0.0034722222 | W62: 0.03125 | X62: 0.57638889 | Y62: 0.60416667 | Z62: =Y62-X62 -> 0.027777778 | AA62: 0 | AB62: 0.60763889
A63: 24 | B63: 3492 | C63: =VLOOKUP(B63,'[1]21-1-2026'!$B$3:$T$35,2,) -> تلتين | D63: =VLOOKUP(B63,'[1]21-1-2026'!$B$3:$T$35,3,) -> 0.03125 | E63: العباسية | F63: محمود عادل | G63: 0.25 | H63: =VLOOKUP(F63,$F$3:$H$35,3,FALSE) -> 0.25 | I63: =H63-G63 -> 0 | J63: 0.50347222 | K63: 0.54166667 | L63: عمر ابراهيم | M63: عمر ابراهيم | N63: =K63-J63 -> 0.038194444 | O63: =N63-D63 -> 0.0069444444 | P63: 0.0069444444 | Q63: 0.54166667 | R63: 0 | S63: 0.55555556 | T63: =VLOOKUP(E63,'[1]21-1-2026'!$E$36:$T$67,16,FALSE) -> 0.020833333 | U63: 0.625 | V63: 0.0069444444 | W63: 0.041666667 | X63: 0.62847222 | Y63: 0.67361111 | Z63: =Y63-X63 -> 0.045138889 | AA63: =Z63-W63 -> 0.0034722222 | AB63: 0.67708333
A64: 25 | B64: 8527 | C64: خارجية | D64: 0.041666667 | E64: النزهة | F64: عاطف صابر | G64: 0.25 | H64: 0.25 | I64: =H64-G64 -> 0 | J64: 0.54861111 | K64: 0.56597222 | L64: محمد رجب | M64: محمد رجب | N64: =K64-J64 -> 0.017361111 | O64: 0 | P64: 0.0069444444 | Q64: 0.56597222 | R64: 0 | S64: 0.56944444 | T64: =VLOOKUP(E64,'[1]21-1-2026'!$E$36:$T$67,16,FALSE) -> 0.013888889 | U64: 0 | V64: 0 | W64: 0.041666667 | X64: 0 | Y64: 0 | Z64: =Y64-X64 -> 0 | AA64: 0 | AB64: 0
A65: 26 | B65: 1538 | C65: =VLOOKUP(B65,'[1]21-1-2026'!$B$3:$T$35,2,) -> تلتين | D65: =VLOOKUP(B65,'[1]21-1-2026'!$B$3:$T$35,3,) -> 0.03125 | E65: المنتزة | F65: احمد حسن | G65: 0.25 | H65: =VLOOKUP(F65,$F$3:$H$35,3,FALSE) -> 0.25 | I65: =H65-G65 -> 0 | J65: 0.53472222 | K65: 0.5625 | L65: ابو بكر | M65: ابو بكر | N65: =K65-J65 -> 0.027777778 | O65: 0 | P65: 0.0069444444 | Q65: 0.5625 | R65: 0 | S65: 0.56944444 | T65: =VLOOKUP(E65,'[1]21-1-2026'!$E$36:$T$67,16,FALSE) -> 0.010416667 | U65: 0.59027778 | V65: =U65-T65-S65 -> 0.010416667 | W65: 0.03125 | X65: 0.59583333 | Y65: 0.61805556 | Z65: =Y65-X65 -> 0.022222222 | AA65: 0 | AB65: 0.61944444
A66: 27 | B66: 1538 | C66: =VLOOKUP(B66,'[1]21-1-2026'!$B$3:$T$35,2,) -> تلتين | D66: =VLOOKUP(B66,'[1]21-1-2026'!$B$3:$T$35,3,) -> 0.03125 | E66: الكوربة | F66: احمد حسن | G66: 0.25 | H66: =VLOOKUP(F66,$F$3:$H$35,3,FALSE) -> 0.25 | I66: =H66-G66 -> 0 | J66: 0.53472222 | K66: 0.5625 | L66: ابو بكر | M66: ابو بكر | N66: =K66-J66 -> 0.027777778 | O66: 0 | P66: 0.0069444444 | Q66: 0.5625 | R66: 0 | S66: 0.56944444 | T66: =VLOOKUP(E66,'[1]21-1-2026'!$E$36:$T$67,16,FALSE) -> 0.013888889 | U66: 0.625 | V66: 0 | W66: 0.041666667 | X66: 0.62847222 | Y66: 0.65277778 | Z66: =Y66-X66 -> 0.024305556 | AA66: 0 | AB66: 0.65625
A67: 28 | B67: 7464 | C67: =VLOOKUP(B67,'[1]21-1-2026'!$B$3:$T$35,2,) -> تلتين | D67: =VLOOKUP(B67,'[1]21-1-2026'!$B$3:$T$35,3,) -> 0.03125 | E67: شبرا | F67: عمرو محمد | G67: 0.25 | H67: =VLOOKUP(F67,$F$3:$H$35,3,FALSE) -> 0.25 | I67: =H67-G67 -> 0 | J67: 0.52430556 | K67: 0.57291667 | L67: ابو بكر | M67: ابو بكر | N67: =K67-J67 -> 0.048611111 | O67: =N67-D67 -> 0.017361111 | P67: 0.0069444444 | Q67: 0.57986111 | R67: 0 | S67: 0.57986111 | T67: =VLOOKUP(E67,'[1]21-1-2026'!$E$36:$T$67,16,FALSE) -> 0.013888889 | U67: 0.60069444 | V67: =U67-T67-S67 -> 0.0069444444 | W67: 0.03125 | X67: 0.60416667 | Y67: 0.63194444 | Z67: =Y67-X67 -> 0.027777778 | AA67: 0 | AB67: 0.63541667
A68: 29 | B68: 7464 | C68: =VLOOKUP(B68,'[1]21-1-2026'!$B$3:$T$35,2,) -> تلتين | D68: =VLOOKUP(B68,'[1]21-1-2026'!$B$3:$T$35,3,) -> 0.03125 | E68: الدوران | F68: عمرو محمد | G68: 0.25 | H68: =VLOOKUP(F68,$F$3:$H$35,3,FALSE) -> 0.25 | I68: =H68-G68 -> 0 | J68: 0.52430556 | K68: 0.57291667 | L68: ابو بكر | M68: ابو بكر | N68: =K68-J68 -> 0.048611111 | O68: =N68-D68 -> 0.017361111 | P68: 0.0069444444 | Q68: 0.57986111 | R68: 0 | S68: 0.57986111 | T68: =VLOOKUP(E68,'[1]21-1-2026'!$E$36:$T$67,16,FALSE) -> 0.013888889 | U68: 0.64583333 | V68: 0 | W68: 0.041666667 | X68: 0.64930556 | Y68: 0.68611111 | Z68: =Y68-X68 -> 0.036805556 | AA68: 0 | AB68: 0.6875
A69: 30 | B69: 459 | C69: =VLOOKUP(B69,'[1]21-1-2026'!$B$3:$T$35,2,) -> دبابة | D69: =VLOOKUP(B69,'[1]21-1-2026'!$B$3:$T$35,3,) -> 0.020833333 | E69: المطرية | F69: علي عادل | G69: 0.25 | H69: =VLOOKUP(F69,$F$3:$H$35,3,FALSE) -> 0.25 | I69: =H69-G69 -> 0 | J69: 0.54861111 | K69: 0.5625 | L69: اسلام الجندي | M69: اسلام الجندي | N69: =K69-J69 -> 0.013888889 | O69: 0 | P69: 0.0069444444 | Q69: 0.5625 | R69: 0 | S69: 0.5625 | T69: =VLOOKUP(E69,'[1]21-1-2026'!$E$36:$T$67,16,FALSE) -> 0.0048611111 | U69: 0.57986111 | V69: =U69-T69-S69 -> 0.0125 | W69: 0.03125 | X69: 0.58125 | Y69: 0.59583333 | Z69: =Y69-X69 -> 0.014583333 | AA69: 0 | AB69: 0.60208333
A70: 31 | B70: 714 | C70: خارجية | D70: 0.041666667 | E70: مسطرد | F70: سائق خارجي | G70: 0.25 | H70: =VLOOKUP(F70,$F$3:$H$35,3,FALSE) -> 0.25 | I70: =H70-G70 -> 0 | J70: 0.625 | K70: 0.64930556 | L70: محمد فؤاد | M70: محمد فؤاد | N70: =K70-J70 -> 0.024305556 | O70: 0 | P70: 0.0069444444 | Q70: 0.64930556 | R70: 0 | S70: 0.64930556 | T70: =VLOOKUP(E70,'[1]21-1-2026'!$E$36:$T$67,16,FALSE) -> 0.0034722222 | U70: 0 | V70: 0 | W70: 0.03125 | X70: 0 | Y70: 0 | Z70: =Y70-X70 -> 0 | AA70: 0 | AB70: 0
A71: 32 | B71: 714 | C71: خارجية | D71: 0.041666667 | E71: السواح | F71: سائق خارجي | G71: 0.25 | H71: =VLOOKUP(F71,$F$3:$H$35,3,FALSE) -> 0.25 | I71: =H71-G71 -> 0 | J71: 0.625 | K71: 0.64930556 | L71: محمد فؤاد | M71: محمد فؤاد | N71: =K71-J71 -> 0.024305556 | O71: 0 | P71: 0.0069444444 | Q71: 0.64930556 | R71: 0 | S71: 0.64930556 | T71: =VLOOKUP(E71,'[1]21-1-2026'!$E$36:$T$67,16,FALSE) -> 0.010416667 | U71: 0 | V71: 0 | W71: 0.041666667 | X71: 0 | Y71: 0 | Z71: =Y71-X71 -> 0 | AA71: 0 | AB71: 0
B72: 2474 | C72: =VLOOKUP(B72,'[1]21-1-2026'!$B$3:$T$35,2,) -> دبابة | D72: 0.020833333
B73: 6143 | C73: تلتين | D73: 0.03125
B74: 6142 | C74: تلتين | D74: 0.03125
B75: 2694 | C75: =VLOOKUP(B75,'[1]21-1-2026'!$B$3:$T$35,2,) -> تلتين | D75: 0.03125
A76: 1 | B76: 634 | C76: =VLOOKUP(B76,'[1]21-1-2026'!$B$3:$T$35,2,) -> دبابة | D76: =VLOOKUP(B76,'[1]21-1-2026'!$B$3:$T$35,3,) -> 0.020833333 | E76: الشروق | F76: احمد عواد | G76: 0.25 | H76: =VLOOKUP(F76,$F$3:$H$35,3,FALSE) -> 0.25 | I76: =H76-G76 -> 0 | J76: 0.58333333 | K76: 0.60763889 | L76: عبد الرحمن ابراهيم | M76: عبد الرحمن ابراهيم | N76: =K76-J76 -> 0.024305556 | O76: =N76-D76 -> 0.0034722222 | P76: 0.0069444444 | Q76: 0.62847222 | R76: =Q76-P76-K76 -> 0.013888889 | S76: 0.62847222 | T76: 0.034722222 | U76: 0.66666667 | V76: =U76-T76-S76 -> 0.0034722222 | W76: 0.020833333 | X76: 0.67708333 | Y76: 0.68888889 | Z76: =Y76-X76 -> 0.011805556 | AA76: 0 | AB76: 0.69097222 | AD76: رحلة ثالثة ( شرقى وغربى ومخبوزات )
A77: 2 | B77: 634 | C77: =VLOOKUP(B77,'[1]21-1-2026'!$B$3:$T$35,2,) -> دبابة | D77: =VLOOKUP(B77,'[1]21-1-2026'!$B$3:$T$35,3,) -> 0.020833333 | E77: الشروق 3 | F77: احمد عواد | G77: 0.25 | H77: =VLOOKUP(F77,$F$3:$H$35,3,FALSE) -> 0.25 | I77: =H77-G77 -> 0 | J77: 0.58333333 | K77: 0.60763889 | L77: عبد الرحمن ابراهيم | M77: عبد الرحمن ابراهيم | N77: =K77-J77 -> 0.024305556 | O77: =N77-D77 -> 0.0034722222 | P77: 0.0069444444 | Q77: 0.62847222 | R77: =Q77-P77-K77 -> 0.013888889 | S77: 0.62847222 | T77: 0.010416667 | U77: 0.71180556 | V77: 0.017361111 | W77: 0.03125 | X77: 0.71527778 | Y77: 0.72569444 | Z77: =Y77-X77 -> 0.010416667 | AA77: 0 | AB77: 0.72916667
A78: 3 | B78: 745 | C78: =VLOOKUP(B78,'[1]21-1-2026'!$B$3:$T$35,2,) -> دبابة | D78: =VLOOKUP(B78,'[1]21-1-2026'!$B$3:$T$35,3,) -> 0.020833333 | E78: المعادي 1 | F78: جمعة السيد | G78: 0.25 | H78: =VLOOKUP(F78,$F$3:$H$35,3,FALSE) -> 0.25 | I78: =H78-G78 -> 0 | J78: 0.625 | K78: 0.64236111 | L78: عمر ابراهيم | M78: عمر ابراهيم | N78: =K78-J78 -> 0.017361111 | O78: 0 | P78: 0.0069444444 | Q78: 0.64236111 | R78: 0 | S78: 0.64236111 | T78: =VLOOKUP(E78,'[1]21-1-2026'!$E$68:$T$96,16,FALSE) -> 0.020833333 | U78: 0.68055556 | V78: =U78-T78-S78 -> 0.017361111 | W78: 0.020833333 | X78: 0.6875 | Y78: 0.69791667 | Z78: =Y78-X78 -> 0.010416667 | AA78: 0 | AB78: 0.70138889
A79: 4 | B79: 745 | C79: =VLOOKUP(B79,'[1]21-1-2026'!$B$3:$T$35,2,) -> دبابة | D79: =VLOOKUP(B79,'[1]21-1-2026'!$B$3:$T$35,3,) -> 0.020833333 | E79: المعادي 2 | F79: جمعة السيد | G79: 0.25 | H79: =VLOOKUP(F79,$F$3:$H$35,3,FALSE) -> 0.25 | I79: =H79-G79 -> 0 | J79: 0.625 | K79: 0.64236111 | L79: عمر ابراهيم | M79: عمر ابراهيم | N79: =K79-J79 -> 0.017361111 | O79: 0 | P79: 0.0069444444 | Q79: 0.64236111 | R79: 0 | S79: 0.64236111 | T79: =VLOOKUP(E79,'[1]21-1-2026'!$E$68:$T$96,16,FALSE) -> 0.010416667 | U79: 0.70833333 | V79: 0 | W79: 0.03125 | X79: 0.71180556 | Y79: 0.71666667 | Z79: =Y79-X79 -> 0.0048611111 | AA79: 0 | AB79: 0.71875
A80: 5 | B80: 2917 | C80: =VLOOKUP(B80,'[1]21-1-2026'!$B$3:$T$35,2,) -> تلتين | D80: =VLOOKUP(B80,'[1]21-1-2026'!$B$3:$T$35,3,) -> 0.03125 | E80: العاشر | F80: رجب محمد | G80: 0.25 | H80: =VLOOKUP(F80,$F$3:$H$35,3,FALSE) -> 0.25347222 | I80: =H80-G80 -> 0.0034722222 | J80: 0.56597222 | K80: 0.57986111 | L80: اسلام محمد | M80: اسلام محمد | N80: =K80-J80 -> 0.013888889 | O80: 0 | P80: 0.0069444444 | Q80: 0.59722222 | R80: =Q80-P80-K80 -> 0.010416667 | S80: 0.59722222 | T80: =VLOOKUP(E80,'[1]21-1-2026'!$E$68:$T$96,16,FALSE) -> 0.027777778 | U80: 0.63541667 | V80: =U80-T80-S80 -> 0.010416667 | W80: 0.041666667 | X80: 0.66666667 | Y80: 0.70486111 | Z80: =Y80-X80 -> 0.038194444 | AA80: 0 | AB80: 0.70833333
A81: 6 | B81: 9198 | C81: =VLOOKUP(B81,'[1]21-1-2026'!$B$3:$T$35,2,) -> دبابة | D81: =VLOOKUP(B81,'[1]21-1-2026'!$B$3:$T$35,3,) -> 0.020833333 | E81: التجمع 1 | F81: كريم محمود | G81: 0.25 | H81: 0.25 | I81: =H81-G81 -> 0 | J81: 0.59722222 | K81: 0.61805556 | L81: احمد فايز | M81: احمد فايز | N81: =K81-J81 -> 0.020833333 | O81: =N81-D81 -> 6.9388939e-17 | P81: 0.0069444444 | Q81: 0.63541667 | R81: =Q81-P81-K81 -> 0.010416667 | S81: 0.63541667 | T81: =VLOOKUP(E81,'[1]21-1-2026'!$E$68:$T$96,16,FALSE) -> 0.024305556 | U81: 0.65625 | V81: 0 | W81: 0.020833333 | X81: 0.65972222 | Y81: 0.67708333 | Z81: =Y81-X81 -> 0.017361111 | AA81: 0 | AB81: 0.67916667
A82: 7 | B82: 9198 | C82: =VLOOKUP(B82,'[1]21-1-2026'!$B$3:$T$35,2,) -> دبابة | D82: =VLOOKUP(B82,'[1]21-1-2026'!$B$3:$T$35,3,) -> 0.020833333 | E82: التجمع 5 | F82: كريم محمود | G82: 0.25 | H82: 0.25 | I82: =H82-G82 -> 0 | J82: 0.59722222 | K82: 0.61805556 | L82: احمد فايز | M82: احمد فايز | N82: =K82-J82 -> 0.020833333 | O82: =N82-D82 -> 6.9388939e-17 | P82: 0.0069444444 | Q82: 0.63541667 | R82: =Q82-P82-K82 -> 0.010416667 | S82: 0.63541667 | T82: =VLOOKUP(E82,'[1]21-1-2026'!$E$68:$T$96,16,FALSE) -> 0.010416667 | U82: 0.69444444 | V82: 0.0048611111 | W82: 0.03125 | X82: 0.69791667 | Y82: 0.71180556 | Z82: =Y82-X82 -> 0.013888889 | AA82: 0 | AB82: 0.71527778
A83: 8 | B83: 3495 | C83: =VLOOKUP(B83,'[1]21-1-2026'!$B$3:$T$35,2,) -> تلتين | D83: =VLOOKUP(B83,'[1]21-1-2026'!$B$3:$T$35,3,) -> 0.03125 | E83: شبرا | F83: محمد صلاح | G83: 0.25 | H83: =VLOOKUP(F83,$F$3:$H$35,3,FALSE) -> 0.25694444 | I83: =H83-G83 -> 0.0069444444 | J83: 0.62847222 | K83: 0.63541667 | L83: اسلام محمد | M83: اسلام محمد | N83: =K83-J83 -> 0.0069444444 | O83: 0 | P83: 0.0069444444 | Q83: 0.65625 | R83: =Q83-P83-K83 -> 0.013888889 | S83: 0.65625 | T83: =VLOOKUP(E83,'[1]21-1-2026'!$E$68:$T$96,16,FALSE) -> 0.013888889 | U83: 0.67708333 | V83: =U83-T83-S83 -> 0.0069444444 | W83: 0.03125 | X83: 0.68055556 | Y83: 0.7 | Z83: =Y83-X83 -> 0.019444444 | AA83: 0 | AB83: 0.70138889
A84: 9 | B84: 3495 | C84: =VLOOKUP(B84,'[1]21-1-2026'!$B$3:$T$35,2,) -> تلتين | D84: =VLOOKUP(B84,'[1]21-1-2026'!$B$3:$T$35,3,) -> 0.03125 | E84: الدوران | F84: محمد صلاح | G84: 0.25 | H84: =VLOOKUP(F84,$F$3:$H$35,3,FALSE) -> 0.25694444 | I84: =H84-G84 -> 0.0069444444 | J84: 0.62847222 | K84: 0.63541667 | L84: اسلام محمد | M84: اسلام محمد | N84: =K84-J84 -> 0.0069444444 | O84: 0 | P84: 0.0069444444 | Q84: 0.65625 | R84: =Q84-P84-K84 -> 0.013888889 | S84: 0.65625 | T84: =VLOOKUP(E84,'[1]21-1-2026'!$E$68:$T$96,16,FALSE) -> 0.013888889 | U84: 0.70833333 | V84: 0 | W84: 0.041666667 | X84: 0.71180556 | Y84: 0.73263889 | Z84: =Y84-X84 -> 0.020833333 | AA84: 0 | AB84: 0.73611111
A85: 10 | B85: 8527 | C85: خارجية | D85: 0.041666667 | E85: النزهة | F85: سائق خارجي | G85: 0.25 | H85: =VLOOKUP(F85,$F$3:$H$35,3,FALSE) -> 0.25 | I85: =H85-G85 -> 0 | J85: 0.54861111 | K85: 0.56597222 | L85: محمد رجب | M85: محمد رجب | N85: =K85-J85 -> 0.017361111 | O85: 0 | P85: 0.0069444444 | Q85: 0 | R85: 0 | S85: 0 | T85: =VLOOKUP(E85,'[1]21-1-2026'!$E$68:$T$96,16,FALSE) -> 0.013888889 | U85: 0 | V85: 0 | W85: 0.041666667 | X85: 0 | Y85: 0 | Z85: =Y85-X85 -> 0 | AA85: 0 | AB85: 0
A86: 11 | B86: 4987 | C86: =VLOOKUP(B86,'[1]21-1-2026'!$B$3:$T$35,2,) -> تلتين | D86: =VLOOKUP(B86,'[1]21-1-2026'!$B$3:$T$35,3,) -> 0.03125 | E86: العبور | F86: علي حمدي | G86: 0.25 | H86: =VLOOKUP(F86,$F$3:$H$35,3,FALSE) -> 0.25 | I86: =H86-G86 -> 0 | J86: 0.59722222 | K86: 0.625 | L86: محمد رجب | M86: محمد رجب | N86: =K86-J86 -> 0.027777778 | O86: 0 | P86: 0.0069444444 | Q86: 0.625 | R86: 0 | S86: 0.625 | T86: =VLOOKUP(E86,'[1]21-1-2026'!$E$68:$T$96,16,FALSE) -> 0.027777778 | U86: 0.67013889 | V86: =U86-T86-S86 -> 0.017361111 | W86: 0.041666667 | X86: 0.67708333 | Y86: 0.70486111 | Z86: =Y86-X86 -> 0.027777778 | AA86: 0 | AB86: 0.70833333
A87: 12 | B87: 796 | C87: =VLOOKUP(B87,'[1]21-1-2026'!$B$3:$T$35,2,) -> دبابة | D87: =VLOOKUP(B87,'[1]21-1-2026'!$B$3:$T$35,3,) -> 0.020833333 | E87: مسطرد | F87: عمرو عبد الرحمن | G87: 0.25 | H87: =VLOOKUP(F87,$F$3:$H$35,3,FALSE) -> 0.25 | I87: =H87-G87 -> 0 | J87: 0.63888889 | K87: 0.65625 | L87: محمد عادل | M87: محمد عادل | N87: =K87-J87 -> 0.017361111 | O87: 0 | P87: 0.0069444444 | Q87: 0.67361111 | R87: =Q87-P87-K87 -> 0.010416667 | S87: 0.67361111 | T87: =VLOOKUP(E87,'[1]21-1-2026'!$E$68:$T$96,16,FALSE) -> 0.0034722222 | U87: 0.67708333 | V87: =U87-T87-S87 -> 0 | W87: 0.020833333 | X87: 0.68055556 | Y87: 0.6875 | Z87: =Y87-X87 -> 0.0069444444 | AA87: 0 | AB87: 0.69097222
A88: 13 | B88: 796 | C88: =VLOOKUP(B88,'[1]21-1-2026'!$B$3:$T$35,2,) -> دبابة | D88: =VLOOKUP(B88,'[1]21-1-2026'!$B$3:$T$35,3,) -> 0.020833333 | E88: العباسية | F88: عمرو عبد الرحمن | G88: 0.25 | H88: =VLOOKUP(F88,$F$3:$H$35,3,FALSE) -> 0.25 | I88: =H88-G88 -> 0 | J88: 0.63888889 | K88: 0.65625 | L88: محمد عادل | M88: محمد عادل | N88: =K88-J88 -> 0.017361111 | O88: 0 | P88: 0.0069444444 | Q88: 0.67361111 | R88: =Q88-P88-K88 -> 0.010416667 | S88: 0.67361111 | T88: =VLOOKUP(E88,'[1]21-1-2026'!$E$68:$T$96,16,FALSE) -> 0.020833333 | U88: 0.70833333 | V88: =U88-T88-S88 -> 0.013888889 | W88: 0.03125 | X88: 0.71180556 | Y88: 0.72916667 | Z88: =Y88-X88 -> 0.017361111 | AA88: 0 | AB88: 0.73263889
A89: 14 | B89: 3783 | C89: =VLOOKUP(B89,'[1]21-1-2026'!$B$3:$T$35,2,) -> دبابة | D89: =VLOOKUP(B89,'[1]21-1-2026'!$B$3:$T$35,3,) -> 0.020833333 | E89: الشيراتون | F89: الشناوي سرور | G89: 0.25 | H89: =VLOOKUP(F89,$F$3:$H$35,3,FALSE) -> 0.26041667 | I89: =H89-G89 -> 0.010416667 | J89: 0.60069444 | K89: 0.62847222 | L89: اسلام الجندي | M89: اسلام الجندي | N89: =K89-J89 -> 0.027777778 | O89: =N89-D89 -> 0.0069444444 | P89: 0.0069444444 | Q89: 0.63888889 | R89: =Q89-P89-K89 -> 0.0034722222 | S89: 0.63888889 | T89: =VLOOKUP(E89,'[1]21-1-2026'!$E$68:$T$96,16,FALSE) -> 0.020833333 | U89: 0.65833333 | V89: 0 | W89: 0.020833333 | X89: 0.65972222 | Y89: 0.6875 | Z89: =Y89-X89 -> 0.027777778 | AA89: =Z89-W89 -> 0.0069444444 | AB89: 0.69097222
A90: 15 | B90: 3783 | C90: =VLOOKUP(B90,'[1]21-1-2026'!$B$3:$T$35,2,) -> دبابة | D90: =VLOOKUP(B90,'[1]21-1-2026'!$B$3:$T$35,3,) -> 0.020833333 | E90: جاردينيا | F90: الشناوي سرور | G90: 0.25 | H90: =VLOOKUP(F90,$F$3:$H$35,3,FALSE) -> 0.26041667 | I90: =H90-G90 -> 0.010416667 | J90: 0.60069444 | K90: 0.62847222 | L90: اسلام الجندي | M90: اسلام الجندي | N90: =K90-J90 -> 0.027777778 | O90: =N90-D90 -> 0.0069444444 | P90: 0.0069444444 | Q90: 0.63888889 | R90: =Q90-P90-K90 -> 0.0034722222 | S90: 0.63888889 | T90: =VLOOKUP(E90,'[1]21-1-2026'!$E$68:$T$96,16,FALSE) -> 0.010416667 | U90: 0.70138889 | V90: 0 | W90: 0.03125 | X90: 0.70486111 | Y90: 0.74305556 | Z90: =Y90-X90 -> 0.038194444 | AA90: =Z90-W90 -> 0.0069444444 | AB90: 0.74652778
A91: 16 | B91: 459 | C91: =VLOOKUP(B91,'[1]21-1-2026'!$B$3:$T$35,2,) -> دبابة | D91: =VLOOKUP(B91,'[1]21-1-2026'!$B$3:$T$35,3,) -> 0.020833333 | E91: العاشر من رمضان | F91: علي عادل | G91: 0.25 | H91: =VLOOKUP(F91,$F$3:$H$35,3,FALSE) -> 0.25 | I91: =H91-G91 -> 0 | J91: 0.63194444 | K91: 0.64583333 | L91: محمد دسوقي | M91: محمد دسوقي | N91: =K91-J91 -> 0.013888889 | O91: 0 | P91: 0.0069444444 | Q91: 0.65625 | R91: =Q91-P91-K91 -> 0.0034722222 | S91: 0.65625 | T91: =VLOOKUP(E91,'[1]21-1-2026'!$E$68:$T$96,16,FALSE) -> 0.0625 | U91: 0.70486111 | V91: 0 | W91: 0.03125 | X91: 0.70833333 | Y91: 0.72569444 | Z91: =Y91-X91 -> 0.017361111 | AA91: 0 | AB91: 0.73263889
A92: 17 | B92: 1538 | C92: =VLOOKUP(B92,'[1]21-1-2026'!$B$3:$T$35,2,) -> تلتين | D92: =VLOOKUP(B92,'[1]21-1-2026'!$B$3:$T$35,3,) -> 0.03125 | E92: الوايلي | F92: احمد حسن | G92: 0.25 | H92: =VLOOKUP(F92,$F$3:$H$35,3,FALSE) -> 0.25 | I92: =H92-G92 -> 0 | J92: 0.69444444 | K92: 0.71180556 | L92: محمد دسوقي | M92: محمد دسوقي | N92: =K92-J92 -> 0.017361111 | O92: 0 | P92: 0.0069444444 | Q92: 0.73263889 | R92: =Q92-P92-K92 -> 0.013888889 | S92: 0.73263889 | T92: =VLOOKUP(E92,'[1]21-1-2026'!$E$68:$T$96,16,FALSE) -> 0.010416667 | U92: 0.74652778 | V92: =U92-T92-S92 -> 0.0034722222 | W92: 0.03125 | X92: 0.75694444 | Y92: 0.76597222 | Z92: =Y92-X92 -> 0.0090277778 | AA92: 0 | AB92: 0.76736111
A93: 18 | B93: 1538 | C93: =VLOOKUP(B93,'[1]21-1-2026'!$B$3:$T$35,2,) -> تلتين | D93: =VLOOKUP(B93,'[1]21-1-2026'!$B$3:$T$35,3,) -> 0.03125 | E93: السواح | F93: احمد حسن | G93: 0.25 | H93: =VLOOKUP(F93,$F$3:$H$35,3,FALSE) -> 0.25 | I93: =H93-G93 -> 0 | J93: 0.69444444 | K93: 0.71180556 | L93: محمد دسوقي | M93: محمد دسوقي | N93: =K93-J93 -> 0.017361111 | O93: 0 | P93: 0.0069444444 | Q93: 0.73263889 | R93: =Q93-P93-K93 -> 0.013888889 | S93: 0.73263889 | T93: =VLOOKUP(E93,'[1]21-1-2026'!$E$68:$T$96,16,FALSE) -> 0.010416667 | U93: 0.77430556 | V93: 0 | W93: 0.03125 | X93: 0.78472222 | Y93: 0.81111111 | Z93: =Y93-X93 -> 0.026388889 | AA93: 0 | AB93: 0.8125
A94: 19 | B94: 1538 | C94: =VLOOKUP(B94,'[1]21-1-2026'!$B$3:$T$35,2,) -> تلتين | D94: =VLOOKUP(B94,'[1]21-1-2026'!$B$3:$T$35,3,) -> 0.03125 | E94: المطرية | F94: احمد حسن | G94: 0.25 | H94: =VLOOKUP(F94,$F$3:$H$35,3,FALSE) -> 0.25 | I94: =H94-G94 -> 0 | J94: 0.69444444 | K94: 0.71180556 | L94: محمد دسوقي | M94: محمد دسوقي | N94: =K94-J94 -> 0.017361111 | O94: 0 | P94: 0.0069444444 | Q94: 0.73263889 | R94: =Q94-P94-K94 -> 0.013888889 | S94: 0.73263889 | T94: =VLOOKUP(E94,'[1]21-1-2026'!$E$68:$T$96,16,FALSE) -> 0.0048611111 | U94: 0.81944444 | V94: 0 | W94: 0.041666667 | X94: 0.82291667 | Y94: 0.82986111 | Z94: =Y94-X94 -> 0.0069444444 | AA94: 0 | AB94: 0.83888889
A95: 20 | B95: 1537 | C95: =VLOOKUP(B95,'[1]21-1-2026'!$B$3:$T$35,2,) -> تلتين | D95: =VLOOKUP(B95,'[1]21-1-2026'!$B$3:$T$35,3,) -> 0.03125 | E95: فيصل | F95: محمد حسان | G95: 0.25 | H95: 0.25 | I95: =H95-G95 -> 0 | J95: 0.61111111 | K95: 0.63541667 | L95: حسام خليل | M95: حسام خليل | N95: =K95-J95 -> 0.024305556 | O95: 0 | P95: 0.0069444444 | Q95: 0.63888889 | R95: 0 | S95: 0.63888889 | T95: =VLOOKUP(E95,'[1]21-1-2026'!$E$68:$T$96,16,FALSE) -> 0.034722222 | U95: 0.66666667 | V95: 0 | W95: 0.03125 | X95: 0.67708333 | Y95: 0.6875 | Z95: =Y95-X95 -> 0.010416667 | AA95: 0 | AB95: 0.69097222
A96: 21 | B96: 1537 | C96: =VLOOKUP(B96,'[1]21-1-2026'!$B$3:$T$35,2,) -> تلتين | D96: =VLOOKUP(B96,'[1]21-1-2026'!$B$3:$T$35,3,) -> 0.03125 | E96: الطوابق | F96: محمد حسان | G96: 0.25 | H96: 0.25 | I96: =H96-G96 -> 0 | J96: 0.61111111 | K96: 0.63541667 | L96: حسام خليل | M96: حسام خليل | N96: =K96-J96 -> 0.024305556 | O96: 0 | P96: 0.0069444444 | Q96: 0.63888889 | R96: 0 | S96: 0.63888889 | T96: =VLOOKUP(E96,'[1]21-1-2026'!$E$68:$T$96,16,FALSE) -> 0.010416667 | U96: 0.70833333 | V96: 0.0069444444 | W96: 0.041666667 | X96: 0.71180556 | Y96: 0.72222222 | Z96: =Y96-X96 -> 0.010416667 | AA96: 0 | AB96: 0.72569444
A97: 22 | B97: 675 | C97: =VLOOKUP(B97,'[1]21-1-2026'!$B$3:$T$35,2,) -> جامبو | D97: =VLOOKUP(B97,'[1]21-1-2026'!$B$3:$T$35,3,) -> 0.041666667 | E97: الشريف | F97: كارم سعيد | G97: 0.29166667 | H97: 0.29166667 | I97: =H97-G97 -> 0 | J97: 0.75347222 | K97: 0.77430556 | L97: ابو بكر | M97: ابو بكر | N97: =K97-J97 -> 0.020833333 | O97: 0 | P97: 0.0069444444 | Q97: 0.79513889 | R97: =Q97-P97-K97 -> 0.013888889 | S97: 0.79513889 | T97: =VLOOKUP(E97,'[1]21-1-2026'!$E$68:$T$96,16,FALSE) -> 0.017361111 | U97: 0.81736111 | V97: =U97-T97-S97 -> 0.0048611111 | W97: 0.020833333 | X97: 0.81944444 | Y97: 0.82569444 | Z97: =Y97-X97 -> 0.00625 | AA97: 0 | AB97: 0.82638889
A98: 23 | B98: 529 | C98: =VLOOKUP(B98,'[1]21-1-2026'!$B$3:$T$35,2,) -> تويوتا | D98: =VLOOKUP(B98,'[1]21-1-2026'!$B$3:$T$35,3,) -> 0.020833333 | E98: الوسط | F98: كارم سعيد | G98: 0.29166667 | H98: 0.29166667 | I98: =H98-G98 -> 0 | J98: 0.75347222 | K98: 0.77430556 | L98: ابو بكر | M98: ابو بكر | N98: =K98-J98 -> 0.020833333 | O98: 0 | P98: 0.0069444444 | Q98: 0.79513889 | R98: =Q98-P98-K98 -> 0.013888889 | S98: 0.79513889 | T98: =VLOOKUP(E98,'[1]21-1-2026'!$E$68:$T$96,16,FALSE) -> 0.010416667 | U98: 0.83333333 | V98: =U98-T98-S98 -> 0.027777778 | W98: 0.03125 | X98: 0.83680556 | Y98: 0.85069444 | Z98: =Y98-X98 -> 0.013888889 | AA98: 0 | AB98: 0.85416667
A99: 24 | B99: 7435 | C99: =VLOOKUP(B99,'[1]21-1-2026'!$B$3:$T$35,2,) -> تلتين | D99: =VLOOKUP(B99,'[1]21-1-2026'!$B$3:$T$35,3,) -> 0.03125 | E99: عرابي | F99: محمود ابو طالب | G99: 0.25 | H99: =VLOOKUP(F99,$F$3:$H$35,3,FALSE) -> 0.25 | I99: =H99-G99 -> 0 | J99: 0.625 | K99: 0.64930556 | L99: محمد فؤاد | M99: محمد فؤاد | N99: =K99-J99 -> 0.024305556 | O99: 0 | P99: 0.0069444444 | Q99: 0.65625 | R99: =Q99-P99-K99 -> 0 | S99: 0.65625 | T99: =VLOOKUP(E99,'[1]21-1-2026'!$E$68:$T$96,16,FALSE) -> 0.017361111 | U99: 0.67708333 | V99: =U99-T99-S99 -> 0.0034722222 | W99: 0.03125 | X99: 0.68611111 | Y99: 0.7 | Z99: =Y99-X99 -> 0.013888889 | AA99: 0 | AB99: 0.70138889
A100: 25 | B100: 7435 | C100: =VLOOKUP(B100,'[1]21-1-2026'!$B$3:$T$35,2,) -> تلتين | D100: =VLOOKUP(B100,'[1]21-1-2026'!$B$3:$T$35,3,) -> 0.03125 | E100: الدقي | F100: محمود ابو طالب | G100: 0.25 | H100: =VLOOKUP(F100,$F$3:$H$35,3,FALSE) -> 0.25 | I100: =H100-G100 -> 0 | J100: 0.625 | K100: 0.64930556 | L100: محمد فؤاد | M100: محمد فؤاد | N100: =K100-J100 -> 0.024305556 | O100: 0 | P100: 0.0069444444 | Q100: 0.65625 | R100: =Q100-P100-K100 -> 0 | S100: 0.65625 | T100: =VLOOKUP(E100,'[1]21-1-2026'!$E$68:$T$96,16,FALSE) -> 0.010416667 | U100: 0.70833333 | V100: 0 | W100: 0.041666667 | X100: 0.71180556 | Y100: 0.73611111 | Z100: =Y100-X100 -> 0.024305556 | AA100: 0 | AB100: 0.7375
...

Sheet 21-4-2026
A1: شيت دخول وخروج السيارات ايتوال عن يوم الثلاثاء الموافق 21/4/2026
A2: م | B2: رقم السيارة | C2: نوع السيارة | D2: الزمن المعيارى للتحميل | E2: اسم الفرع | F2: اسم السائق | G2: وقت الحضور المقرر | H2: الحضور فعلى | I2: مدة التأخير | J2: دخول الكيدج | K2: نزول من الكيدج | L2: أخصائى الدفترى | M2: أخصائى السيستم | N2: مدة التحميل | O2: مدة انحراف التحميل | P2: الزمن المعيارى لنزول الاذن | Q2: وقت نزول الاذن | R2: مدة انحراف نزول الاذن | S2: خروج من المصنع | T2: الزمن المعيارى لدخول الفرع | U2: دخول الفرع | V2: مدة انحراف دخول الفرع | W2: الزمن المعيارى لنزول المنتجات | X2: فتح السياره | Y2: غلق السياره | Z2: الوقت المستغرق | AA2: مدة انحراف نزول المنتجات فى الفرع | AB2: خروج من الفرع | AC2: ملاحظات
A3: 1 | B3: 4987 | C3: =VLOOKUP(B3,داتا!$B$3:$D$107,2,FALSE) -> تلتين | D3: =VLOOKUP(B3,داتا!$B$3:$D$107,3,FALSE) -> 0.03125 | E3: النزهة | F3: عمرو المهدي | G3: 0.25 | H3: 0.23958333 | I3: 0 | J3: 0.18402778 | K3: 0.20138889 | L3: عبدالرحمن هشام | M3: عبدالرحمن هشام | N3: =K3-J3 -> 0.017361111 | O3: 0 | P3: 0.0069444444 | Q3: 0.21180556 | R3: =Q3-P3-K3 -> 0.0034722222 | S3: 0.24652778 | T3: =VLOOKUP(E3,'[2]21-3-2026'!E$3:T$35,16,FALSE) -> 0.013888889 | U3: 0.26041667 | V3: =U3-T3-S3 -> 0 | W3: 0.041666667 | X3: 0.3 | Y3: 0.33680556 | Z3: =Y3-X3 -> 0.036805556 | AA3: 0 | AB3: 0.34027778 | AD3: رحلة اولى ( شرقى ومخبوزات وغربى )
A4: 2 | B4: 3495 | C4: =VLOOKUP(B4,داتا!$B$3:$D$107,2,FALSE) -> تلتين | D4: =VLOOKUP(B4,داتا!$B$3:$D$107,3,FALSE) -> 0.03125 | E4: اكتوبر | F4: رامي حسن | G4: 0.25 | H4: 0.22916667 | I4: 0 | J4: 0.21041667 | K4: 0.23611111 | L4: عبدالرحمن هشام | M4: عبدالرحمن هشام | N4: =K4-J4 -> 0.025694444 | O4: 0 | P4: 0.0069444444 | Q4: 0.24652778 | R4: =Q4-P4-K4 -> 0.0034722222 | S4: 0.24652778 | T4: =VLOOKUP(E4,'[2]21-3-2026'!E$3:T$35,16,FALSE) -> 0.041666667 | U4: 0.30208333 | V4: =U4-T4-S4 -> 0.013888889 | W4: 0.041666667 | X4: 0.33680556 | Y4: 0.37847222 | Z4: =Y4-X4 -> 0.041666667 | AA4: 0 | AB4: 0.38194444
A5: 3 | B5: 1451 | C5: تلتين | D5: 0.03125 | E5: الجسر | F5: مصطفى احمد | G5: 0.25 | H5: 0.25 | I5: =H5-G5 -> 0 | J5: 0.24652778 | K5: 0.26388889 | L5: عبدالرحمن هشام | M5: عبدالرحمن هشام | N5: =K5-J5 -> 0.017361111 | O5: 0 | P5: 0.0069444444 | Q5: 0.27430556 | R5: =Q5-P5-K5 -> 0.0034722222 | S5: 0.27430556 | T5: =VLOOKUP(E5,'[2]21-3-2026'!E$3:T$35,16,FALSE) -> 0.010416667 | U5: 0.29513889 | V5: =U5-T5-S5 -> 0.010416667 | W5: 0.041666667 | X5: 0.34236111 | Y5: 0.38888889 | Z5: =Y5-X5 -> 0.046527778 | AA5: =Z5-W5 -> 0.0048611111 | AB5: 0.39722222
A6: 4 | B6: 2714 | C6: =VLOOKUP(B6,داتا!$B$3:$D$107,2,FALSE) -> تلتين | D6: =VLOOKUP(B6,داتا!$B$3:$D$107,3,FALSE) -> 0.03125 | E6: العباسية | F6: علي النبوي | G6: 0.25 | H6: 0.26180556 | I6: =H6-G6 -> 0.011805556 | J6: 0.26736111 | K6: 0.29861111 | L6: عبدالرحمن هشام | M6: عبدالرحمن هشام | N6: =K6-J6 -> 0.03125 | O6: =N6-D6 -> 0 | P6: 0.0069444444 | Q6: 0.3125 | R6: =Q6-P6-K6 -> 0.0069444444 | S6: 0.3125 | T6: =VLOOKUP(E6,'[2]21-3-2026'!E$3:T$35,16,FALSE) -> 0.020833333 | U6: 0.34444444 | V6: =U6-T6-S6 -> 0.011111111 | W6: 0.041666667 | X6: 0.34861111 | Y6: 0.37916667 | Z6: =Y6-X6 -> 0.030555556 | AA6: 0 | AB6: 0.38194444
A7: 5 | B7: 3891 | C7: =VLOOKUP(B7,داتا!$B$3:$D$107,2,FALSE) -> تلتين | D7: =VLOOKUP(B7,داتا!$B$3:$D$107,3,FALSE) -> 0.03125 | E7: العاشر | F7: محمد صلاح | G7: 0.25 | H7: 0.24305556 | I7: 0 | J7: 0.1875 | K7: 0.21527778 | L7: محمد علي | M7: محمد علي | N7: =K7-J7 -> 0.027777778 | O7: 0 | P7: 0.0069444444 | Q7: 0.22569444 | R7: =Q7-P7-K7 -> 0.0034722222 | S7: 0.24305556 | T7: =VLOOKUP(E7,'[2]21-3-2026'!E$3:T$35,16,FALSE) -> 0.010416667 | U7: 0.27777778 | V7: =U7-T7-S7 -> 0.024305556 | W7: 0.041666667 | X7: 0.29861111 | Y7: 0.32638889 | Z7: =Y7-X7 -> 0.027777778 | AA7: 0 | AB7: 0.32986111
A8: 6 | B8: 3787 | C8: =VLOOKUP(B8,داتا!$B$3:$D$107,2,FALSE) -> دبابة | D8: =VLOOKUP(B8,داتا!$B$3:$D$107,3,FALSE) -> 0.020833333 | E8: الوسط | F8: جمعة السيد | G8: 0.25 | H8: 0.23958333 | I8: 0 | J8: 0.22222222 | K8: 0.24305556 | L8: محمد علي | M8: محمد علي | N8: =K8-J8 -> 0.020833333 | O8: =N8-D8 -> 4.1633363e-17 | P8: 0.0069444444 | Q8: 0.25694444 | R8: =Q8-P8-K8 -> 0.0069444444 | S8: 0.28125 | T8: =VLOOKUP(E8,'[2]21-3-2026'!E$3:T$35,16,FALSE) -> 0.017361111 | U8: 0.30555556 | V8: =U8-T8-S8 -> 0.0069444444 | W8: 0.03125 | X8: 0.30902778 | Y8: 0.32291667 | Z8: =Y8-X8 -> 0.013888889 | AA8: 0 | AB8: 0.32638889
A9: 7 | B9: 1537 | C9: =VLOOKUP(B9,داتا!$B$3:$D$107,2,FALSE) -> تلتين | D9: =VLOOKUP(B9,داتا!$B$3:$D$107,3,FALSE) -> 0.03125 | E9: المعادي 1 | F9: خالد محمد | G9: 0.25 | H9: 0.25694444 | I9: =H9-G9 -> 0.0069444444 | J9: 0.25 | K9: 0.27777778 | L9: محمد علي | M9: محمد علي | N9: =K9-J9 -> 0.027777778 | O9: 0 | P9: 0.0069444444 | Q9: 0.28472222 | R9: =Q9-P9-K9 -> 0 | S9: 0.28125 | T9: =VLOOKUP(E9,'[2]21-3-2026'!E$3:T$35,16,FALSE) -> 0.034722222 | U9: 0.32291667 | V9: =U9-T9-S9 -> 0.0069444444 | W9: 0.041666667 | X9: 0.33333333 | Y9: 0.37152778 | Z9: =Y9-X9 -> 0.038194444 | AA9: 0 | AB9: 0.375
A10: 8 | B10: 3783 | C10: =VLOOKUP(B10,داتا!$B$3:$D$107,2,FALSE) -> دبابة | D10: =VLOOKUP(B10,داتا!$B$3:$D$107,3,FALSE) -> 0.020833333 | E10: المعادي 2 | F10: الشناوي سرور | G10: 0.25 | H10: 0.25347222 | I10: =H10-G10 -> 0.0034722222 | J10: 0.28472222 | K10: 0.29513889 | L10: محمد علي | M10: محمد علي | N10: =K10-J10 -> 0.010416667 | O10: 0 | P10: 0.0069444444 | Q10: 0.29861111 | R10: 0 | S10: 0.29861111 | T10: =VLOOKUP(E10,'[2]21-3-2026'!E$3:T$35,16,FALSE) -> 0.034722222 | U10: 0.33680556 | V10: =U10-T10-S10 -> 0.0034722222 | W10: 0.03125 | X10: 0.34375 | Y10: 0.37152778 | Z10: =Y10-X10 -> 0.027777778 | AA10: 0 | AB10: 0.38194444
A11: 9 | B11: 6143 | C11: =VLOOKUP(B11,داتا!$B$3:$D$107,2,FALSE) -> تلتين | D11: =VLOOKUP(B11,داتا!$B$3:$D$107,3,FALSE) -> 0.03125 | E11: مكرم | F11: محمد حسان | G11: 0.25 | H11: 0.23958333 | I11: 0 | J11: 0.18402778 | K11: 0.23611111 | L11: محمد صادق | M11: محمد صادق | N11: =K11-J11 -> 0.052083333 | O11: =N11-D11 -> 0.020833333 | P11: 0.0069444444 | Q11: 0.24652778 | R11: =Q11-P11-K11 -> 0.0034722222 | S11: 0.24305556 | T11: =VLOOKUP(E11,'[2]21-3-2026'!E$3:T$35,16,FALSE) -> 0.017361111 | U11: 0.25833333 | V11: 0 | W11: 0.03125 | X11: 0.29513889 | Y11: 0.32291667 | Z11: =Y11-X11 -> 0.027777778 | AA11: 0 | AB11: 0.32638889
A12: 10 | B12: 6143 | C12: =VLOOKUP(B12,داتا!$B$3:$D$107,2,FALSE) -> تلتين | D12: =VLOOKUP(B12,داتا!$B$3:$D$107,3,FALSE) -> 0.03125 | E12: جاردينيا | F12: محمد حسان | G12: 0.25 | H12: 0.23958333 | I12: 0 | J12: 0.18402778 | K12: 0.23611111 | L12: محمد صادق | M12: محمد صادق | N12: =K12-J12 -> 0.052083333 | O12: =N12-D12 -> 0.020833333 | P12: 0.0069444444 | Q12: 0.24652778 | R12: =Q12-P12-K12 -> 0.0034722222 | S12: 0.24305556 | T12: =VLOOKUP(E12,'[2]21-3-2026'!E$3:T$35,16,FALSE) -> 0.010416667 | U12: 0.34375 | V12: 0.0069444444 | W12: 0.041666667 | X12: 0.35416667 | Y12: 0.375 | Z12: =Y12-X12 -> 0.020833333 | AA12: 0 | AB12: 0.38541667
A13: 11 | B13: 2917 | C13: =VLOOKUP(B13,داتا!$B$3:$D$107,2,FALSE) -> تلتين | D13: =VLOOKUP(B13,داتا!$B$3:$D$107,3,FALSE) -> 0.03125 | E13: الشروق | F13: رجب محمد | G13: 0.25 | H13: 0.24305556 | I13: 0 | J13: 0.24305556 | K13: 0.29166667 | L13: محمد صادق | M13: محمد صادق | N13: =K13-J13 -> 0.048611111 | O13: =N13-D13 -> 0.017361111 | P13: 0.0069444444 | Q13: 0.29861111 | R13: =Q13-P13-K13 -> 0 | S13: 0.29861111 | T13: =VLOOKUP(E13,'[2]21-3-2026'!E$3:T$35,16,FALSE) -> 0.034722222 | U13: 0.34375 | V13: =U13-T13-S13 -> 0.010416667 | W13: 0.03125 | X13: 0.34513889 | Y13: 0.36319444 | Z13: =Y13-X13 -> 0.018055556 | AA13: 0 | AB13: 0.36458333
A14: 12 | B14: 2917 | C14: =VLOOKUP(B14,داتا!$B$3:$D$107,2,FALSE) -> تلتين | D14: =VLOOKUP(B14,داتا!$B$3:$D$107,3,FALSE) -> 0.03125 | E14: الشروق 3 | F14: رجب محمد | G14: 0.25 | H14: 0.24305556 | I14: 0 | J14: 0.24305556 | K14: 0.29166667 | L14: محمد صادق | M14: محمد صادق | N14: =K14-J14 -> 0.048611111 | O14: =N14-D14 -> 0.017361111 | P14: 0.0069444444 | Q14: 0.29861111 | R14: =Q14-P14-K14 -> 0 | S14: 0.29861111 | T14: 0.010416667 | U14: 0.38055556 | V14: 0.0055555556 | W14: 0.041666667 | X14: 0.38541667 | Y14: 0.42013889 | Z14: =Y14-X14 -> 0.034722222 | AA14: 0 | AB14: 0.42361111
A15: 13 | B15: 5898 | C15: =VLOOKUP(B15,داتا!$B$3:$D$107,2,FALSE) -> تلتين | D15: =VLOOKUP(B15,داتا!$B$3:$D$107,3,FALSE) -> 0.03125 | E15: الدقي | F15: علاء مجدي | G15: 0.25 | H15: 0.23958333 | I15: 0 | J15: 0.1875 | K15: 0.23611111 | L15: عمر الجوهري | M15: عمر الجوهري | N15: =K15-J15 -> 0.048611111 | O15: =N15-D15 -> 0.017361111 | P15: 0.0069444444 | Q15: 0.24305556 | R15: =Q15-P15-K15 -> 0 | S15: 0.25 | T15: =VLOOKUP(E15,'[2]21-3-2026'!E$3:T$35,16,FALSE) -> 0.013888889 | U15: 0.29166667 | V15: =U15-T15-S15 -> 0.027777778 | W15: 0.03125 | X15: 0.30208333 | Y15: 0.33958333 | Z15: =Y15-X15 -> 0.0375 | AA15: =Z15-W15 -> 0.00625 | AB15: 0.34027778
A16: 14 | B16: 5898 | C16: =VLOOKUP(B16,داتا!$B$3:$D$107,2,FALSE) -> تلتين | D16: =VLOOKUP(B16,داتا!$B$3:$D$107,3,FALSE) -> 0.03125 | E16: عرابي | F16: علاء مجدي | G16: 0.25 | H16: 0.23958333 | I16: 0 | J16: 0.1875 | K16: 0.23611111 | L16: عمر الجوهري | M16: عمر الجوهري | N16: =K16-J16 -> 0.048611111 | O16: =N16-D16 -> 0.017361111 | P16: 0.0069444444 | Q16: 0.24305556 | R16: =Q16-P16-K16 -> 0 | S16: 0.25 | T16: =VLOOKUP(E16,'[2]21-3-2026'!E$3:T$35,16,FALSE) -> 0.017361111 | U16: 0.35416667 | V16: 0 | W16: 0.041666667 | X16: 0.35763889 | Y16: 0.39236111 | Z16: =Y16-X16 -> 0.034722222 | AA16: 0 | AB16: 0.39583333
A17: 15 | B17: 2695 | C17: =VLOOKUP(B17,داتا!$B$3:$D$107,2,FALSE) -> تلتين | D17: =VLOOKUP(B17,داتا!$B$3:$D$107,3,FALSE) -> 0.03125 | E17: الوايلي | F17: رامي عادل | G17: 0.25 | H17: 0.25347222 | I17: =H17-G17 -> 0.0034722222 | J17: 0.23958333 | K17: 0.26388889 | L17: عمر الجوهري | M17: عمر الجوهري | N17: =K17-J17 -> 0.024305556 | O17: 0 | P17: 0.0069444444 | Q17: 0.27430556 | R17: =Q17-P17-K17 -> 0.0034722222 | S17: 0.27430556 | T17: =VLOOKUP(E17,'[2]21-3-2026'!E$3:T$35,16,FALSE) -> 0.010416667 | U17: 0.28819444 | V17: =U17-T17-S17 -> 0.0034722222 | W17: 0.03125 | X17: 0.30138889 | Y17: 0.32986111 | Z17: =Y17-X17 -> 0.028472222 | AA17: 0 | AB17: 0.33333333
A18: 16 | B18: 2695 | C18: =VLOOKUP(B18,داتا!$B$3:$D$107,2,FALSE) -> تلتين | D18: =VLOOKUP(B18,داتا!$B$3:$D$107,3,FALSE) -> 0.03125 | E18: المنتزة | F18: رامي عادل | G18: 0.25 | H18: 0.25347222 | I18: =H18-G18 -> 0.0034722222 | J18: 0.23958333 | K18: 0.26388889 | L18: عمر الجوهري | M18: عمر الجوهري | N18: =K18-J18 -> 0.024305556 | O18: 0 | P18: 0.0069444444 | Q18: 0.27430556 | R18: =Q18-P18-K18 -> 0.0034722222 | S18: 0.27430556 | T18: =VLOOKUP(E18,'[2]21-3-2026'!E$3:T$35,16,FALSE) -> 0.010416667 | U18: 0.35763889 | V18: 0.013888889 | W18: 0.041666667 | X18: 0.36111111 | Y18: 0.37847222 | Z18: =Y18-X18 -> 0.017361111 | AA18: 0 | AB18: 0.38194444
A19: 17 | B19: 459 | C19: =VLOOKUP(B19,داتا!$B$3:$D$107,2,FALSE) -> دبابة | D19: =VLOOKUP(B19,داتا!$B$3:$D$107,3,FALSE) -> 0.020833333 | E19: الشريف | F19: عبدالرحمن محمد | G19: 0.25 | H19: 0.26041667 | I19: =H19-G19 -> 0.010416667 | J19: 0.26736111 | K19: 0.29166667 | L19: عمر الجوهري | M19: عمر الجوهري | N19: =K19-J19 -> 0.024305556 | O19: =N19-D19 -> 0.0034722222 | P19: 0.0069444444 | Q19: 0.29861111 | R19: =Q19-P19-K19 -> 0 | S19: 0.29861111 | T19: =VLOOKUP(E19,'[2]21-3-2026'!E$3:T$35,16,FALSE) -> 0.017361111 | U19: 0.31597222 | V19: =U19-T19-S19 -> 0 | W19: 0.03125 | X19: 0.33333333 | Y19: 0.37152778 | Z19: =Y19-X19 -> 0.038194444 | AA19: =Z19-W19 -> 0.0069444444 | AB19: 0.375
A20: 18 | B20: 1538 | C20: =VLOOKUP(B20,داتا!$B$3:$D$107,2,FALSE) -> تلتين | D20: =VLOOKUP(B20,داتا!$B$3:$D$107,3,FALSE) -> 0.03125 | E20: فيصل | F20: اسامه مصطفى | G20: 0.25 | H20: 0.24305556 | I20: 0 | J20: 0.19791667 | K20: 0.21875 | L20: احمد امام | M20: احمد امام | N20: =K20-J20 -> 0.020833333 | O20: 0 | P20: 0.0069444444 | Q20: 0.22222222 | R20: 0 | S20: 0.24305556 | T20: =VLOOKUP(E20,'[2]21-3-2026'!E$3:T$35,16,FALSE) -> 0.034722222 | U20: 0.27986111 | V20: =U20-T20-S20 -> 0.0020833333 | W20: 0.041666667 | X20: 0.29513889 | Y20: 0.33263889 | Z20: =Y20-X20 -> 0.0375 | AA20: 0 | AB20: 0.33888889
A21: 19 | B21: 2694 | C21: =VLOOKUP(B21,داتا!$B$3:$D$107,2,FALSE) -> تلتين | D21: =VLOOKUP(B21,داتا!$B$3:$D$107,3,FALSE) -> 0.03125 | E21: الطوابق | F21: رضا معروف | G21: 0.25 | H21: 0.26388889 | I21: =H21-G21 -> 0.013888889 | J21: 0.22222222 | K21: 0.24305556 | L21: احمد امام | M21: احمد امام | N21: =K21-J21 -> 0.020833333 | O21: 0 | P21: 0.0069444444 | Q21: 0.25347222 | R21: =Q21-P21-K21 -> 0.0034722222 | S21: 0.26736111 | T21: =VLOOKUP(E21,'[2]21-3-2026'!E$3:T$35,16,FALSE) -> 0.034722222 | U21: 0.30208333 | V21: =U21-T21-S21 -> 0 | W21: 0.041666667 | X21: 0.34166667 | Y21: 0.37847222 | Z21: =Y21-X21 -> 0.036805556 | AA21: 0 | AB21: 0.38541667
A22: 20 | B22: 4879 | C22: =VLOOKUP(B22,داتا!$B$3:$D$107,2,FALSE) -> دبابة | D22: =VLOOKUP(B22,داتا!$B$3:$D$107,3,FALSE) -> 0.020833333 | E22: الشيراتون | F22: جمال فؤاد | G22: 0.25 | H22: 0.25 | I22: =H22-G22 -> 0 | J22: 0.24652778 | K22: 0.26388889 | L22: احمد امام | M22: احمد امام | N22: =K22-J22 -> 0.017361111 | O22: 0 | P22: 0.0069444444 | Q22: 0.26736111 | R22: 0 | S22: 0.26041667 | T22: =VLOOKUP(E22,'[2]21-3-2026'!E$3:T$35,16,FALSE) -> 0.020833333 | U22: 0.28125 | V22: =U22-T22-S22 -> 0 | W22: 0.03125 | X22: 0.33680556 | Y22: 0.36458333 | Z22: =Y22-X22 -> 0.027777778 | AA22: 0 | AB22: 0.36805556
A23: 21 | B23: 675 | C23: =VLOOKUP(B23,داتا!$B$3:$D$107,2,FALSE) -> جامبو | D23: =VLOOKUP(B23,داتا!$B$3:$D$107,3,FALSE) -> 0.041666667 | E23: السواح | F23: عبدالرحمن عاطف | G23: 0.25 | H23: 0.26180556 | I23: =H23-G23 -> 0.011805556 | J23: 0.26736111 | K23: 0.29513889 | L23: احمد امام | M23: احمد امام | N23: =K23-J23 -> 0.027777778 | O23: 0 | P23: 0.0069444444 | Q23: 0.29861111 | R23: 0 | S23: 0.29861111 | T23: =VLOOKUP(E23,'[2]21-3-2026'!E$3:T$35,16,FALSE) -> 0.010416667 | U23: 0.31597222 | V23: =U23-T23-S23 -> 0.0069444444 | W23: 0.0625 | X23: 0.33680556 | Y23: 0.38194444 | Z23: =Y23-X23 -> 0.045138889 | AA23: 0 | AB23: 0.38541667
A24: 22 | B24: 7464 | C24: =VLOOKUP(B24,داتا!$B$3:$D$107,2,FALSE) -> تلتين | D24: =VLOOKUP(B24,داتا!$B$3:$D$107,3,FALSE) -> 0.03125 | E24: التجمع 1 | F24: عمرو محمد | G24: 0.25 | H24: 0.25347222 | I24: =H24-G24 -> 0.0034722222 | J24: 0.1875 | K24: 0.22222222 | L24: احمد خيري | M24: احمد خيري | N24: =K24-J24 -> 0.034722222 | O24: =N24-D24 -> 0.0034722222 | P24: 0.0069444444 | Q24: 0.23263889 | R24: =Q24-P24-K24 -> 0.0034722222 | S24: 0.25694444 | T24: =VLOOKUP(E24,'[2]21-3-2026'!E$3:T$35,16,FALSE) -> 0.024305556 | U24: 0.28125 | V24: =U24-T24-S24 -> 0 | W24: 0.03125 | X24: 0.29861111 | Y24: 0.32638889 | Z24: =Y24-X24 -> 0.027777778 | AA24: 0 | AB24: 0.32986111
A25: 23 | B25: 7464 | C25: =VLOOKUP(B25,داتا!$B$3:$D$107,2,FALSE) -> تلتين | D25: =VLOOKUP(B25,داتا!$B$3:$D$107,3,FALSE) -> 0.03125 | E25: التجمع 5 | F25: عمرو محمد | G25: 0.25 | H25: 0.25347222 | I25: =H25-G25 -> 0.0034722222 | J25: 0.1875 | K25: 0.22222222 | L25: احمد خيري | M25: احمد خيري | N25: =K25-J25 -> 0.034722222 | O25: =N25-D25 -> 0.0034722222 | P25: 0.0069444444 | Q25: 0.23263889 | R25: =Q25-P25-K25 -> 0.0034722222 | S25: 0.25694444 | T25: =VLOOKUP(E25,'[2]21-3-2026'!E$3:T$35,16,FALSE) -> 0.010416667 | U25: 0.35069444 | V25: 0.010416667 | W25: 0.041666667 | X25: 0.35416667 | Y25: 0.38888889 | Z25: =Y25-X25 -> 0.034722222 | AA25: 0 | AB25: 0.39236111
A26: 24 | B26: 586 | C26: =VLOOKUP(B26,داتا!$B$3:$D$107,2,FALSE) -> سوزوكي | D26: =VLOOKUP(B26,داتا!$B$3:$D$107,3,FALSE) -> 0.020833333 | E26: الدوران | F26: خالد صبري | G26: 0.25 | H26: 0.26388889 | I26: =H26-G26 -> 0.013888889 | J26: 0.22916667 | K26: 0.23263889 | L26: احمد خيري | M26: احمد خيري | N26: =K26-J26 -> 0.0034722222 | O26: 0 | P26: 0.0069444444 | Q26: 0.23958333 | R26: =Q26-P26-K26 -> 0 | S26: 0.26736111 | T26: =VLOOKUP(E26,'[2]21-3-2026'!E$3:T$35,16,FALSE) -> 0.013888889 | U26: 0.29166667 | V26: =U26-T26-S26 -> 0.010416667 | W26: 0.03125 | X26: 0.34027778 | Y26: 0.35416667 | Z26: =Y26-X26 -> 0.013888889 | AA26: 0 | AB26: 0.36458333
A27: 25 | B27: 1454 | C27: =VLOOKUP(B27,داتا!$B$3:$D$107,2,FALSE) -> تلتين | D27: =VLOOKUP(B27,داتا!$B$3:$D$107,3,FALSE) -> 0.03125 | E27: شبرا | F27: احمد فوزي | G27: 0.25 | H27: 0.26319444 | I27: =H27-G27 -> 0.013194444 | J27: 0.23611111 | K27: 0.26041667 | L27: احمد خيري | M27: احمد خيري | N27: =K27-J27 -> 0.024305556 | O27: 0 | P27: 0.0069444444 | Q27: 0.27777778 | R27: =Q27-P27-K27 -> 0.010416667 | S27: 0.27083333 | T27: =VLOOKUP(E27,'[2]21-3-2026'!E$3:T$35,16,FALSE) -> 0.013888889 | U27: 0.28263889 | V27: 0 | W27: 0.03125 | X27: 0.33333333 | Y27: 0.36805556 | Z27: =Y27-X27 -> 0.034722222 | AA27: =Z27-W27 -> 0.0034722222 | AB27: 0.37152778
A28: 26 | B28: 1454 | C28: =VLOOKUP(B28,داتا!$B$3:$D$107,2,FALSE) -> تلتين | D28: =VLOOKUP(B28,داتا!$B$3:$D$107,3,FALSE) -> 0.03125 | E28: الدوران | F28: احمد فوزي | G28: 0.25 | H28: 0.26319444 | I28: =H28-G28 -> 0.013194444 | J28: 0.23611111 | K28: 0.26041667 | L28: احمد خيري | M28: احمد خيري | N28: =K28-J28 -> 0.024305556 | O28: 0 | P28: 0.0069444444 | Q28: 0.27777778 | R28: =Q28-P28-K28 -> 0.010416667 | S28: 0.27083333 | T28: =VLOOKUP(E28,'[2]21-3-2026'!E$3:T$35,16,FALSE) -> 0.013888889 | U28: 0.38194444 | V28: 0 | W28: 0.041666667 | X28: 0.38888889 | Y28: 0.41319444 | Z28: =Y28-X28 -> 0.024305556 | AA28: 0 | AB28: 0.41666667
A29: 27 | B29: 9198 | C29: =VLOOKUP(B29,داتا!$B$3:$D$107,2,FALSE) -> دبابة | D29: =VLOOKUP(B29,داتا!$B$3:$D$107,3,FALSE) -> 0.020833333 | E29: مسطرد | F29: كريم محمود | G29: 0.25 | H29: 0.27083333 | I29: =H29-G29 -> 0.020833333 | J29: 0.27430556 | K29: 0.28819444 | L29: احمد خيري | M29: احمد خيري | N29: =K29-J29 -> 0.013888889 | O29: 0 | P29: 0.0069444444 | Q29: 0.29513889 | R29: =Q29-P29-K29 -> 0 | S29: 0.29166667 | T29: =VLOOKUP(E29,'[2]21-3-2026'!E$3:T$35,16,FALSE) -> 0.0034722222 | U29: 0.29513889 | V29: =U29-T29-S29 -> 0 | W29: 0.03125 | X29: 0.33333333 | Y29: 0.37152778 | Z29: =Y29-X29 -> 0.038194444 | AA29: =Z29-W29 -> 0.0069444444 | AB29: 0.375
A30: 28 | B30: 634 | C30: =VLOOKUP(B30,داتا!$B$3:$D$107,2,FALSE) -> دبابة | D30: =VLOOKUP(B30,داتا!$B$3:$D$107,3,FALSE) -> 0.020833333 | E30: المطرية | F30: محمود عبدالفتاح | G30: 0.29166667 | H30: 0.28472222 | I30: 0 | J30: 0.29166667 | K30: 0.30555556 | L30: احمد خيري | M30: احمد خيري | N30: =K30-J30 -> 0.013888889 | O30: 0 | P30: 0.0069444444 | Q30: 0.3125 | R30: =Q30-P30-K30 -> 0 | S30: 0.31597222 | T30: =VLOOKUP(E30,'[2]21-3-2026'!E$3:T$35,16,FALSE) -> 0.0048611111 | U30: 0.32986111 | V30: =U30-T30-S30 -> 0.0090277778 | W30: 0.03125 | X30: 0.33333333 | Y30: 0.36805556 | Z30: =Y30-X30 -> 0.034722222 | AA30: =Z30-W30 -> 0.0034722222 | AB30: 0.36875
A31: 29 | B31: 6142 | C31: =VLOOKUP(B31,داتا!$B$3:$D$107,2,FALSE) -> تلتين | D31: =VLOOKUP(B31,داتا!$B$3:$D$107,3,FALSE) -> 0.03125 | E31: عباس | F31: علي عادل | G31: 0.25 | H31: 0.25 | I31: =H31-G31 -> 0 | J31: 0.1875 | K31: 0.23263889 | L31: سيد رزق | M31: احمد حسين | N31: =K31-J31 -> 0.045138889 | O31: =N31-D31 -> 0.013888889 | P31: 0.0069444444 | Q31: 0.23958333 | R31: =Q31-P31-K31 -> 0 | S31: 0.25347222 | T31: =VLOOKUP(E31,'[2]21-3-2026'!E$3:T$35,16,FALSE) -> 0.017361111 | U31: 0.27083333 | V31: =U31-T31-S31 -> 0 | W31: 0.03125 | X31: 0.29861111 | Y31: 0.32638889 | Z31: =Y31-X31 -> 0.027777778 | AA31: 0 | AB31: 0.32986111
A32: 30 | B32: 6142 | C32: =VLOOKUP(B32,داتا!$B$3:$D$107,2,FALSE) -> تلتين | D32: =VLOOKUP(B32,داتا!$B$3:$D$107,3,FALSE) -> 0.03125 | E32: الميرغني | F32: علي عادل | G32: 0.25 | H32: 0.25 | I32: =H32-G32 -> 0 | J32: 0.1875 | K32: 0.23263889 | L32: سيد رزق | M32: احمد حسين | N32: =K32-J32 -> 0.045138889 | O32: =N32-D32 -> 0.013888889 | P32: 0.0069444444 | Q32: 0.23958333 | R32: =Q32-P32-K32 -> 0 | S32: 0.25347222 | T32: =VLOOKUP(E32,'[2]21-3-2026'!E$3:T$35,16,FALSE) -> 0.013888889 | U32: 0.34097222 | V32: 0 | W32: 0.041666667 | X32: 0.34236111 | Y32: 0.36458333 | Z32: =Y32-X32 -> 0.022222222 | AA32: 0 | AB32: 0.36805556
A33: 31 | B33: 2474 | C33: =VLOOKUP(B33,داتا!$B$3:$D$107,2,FALSE) -> دبابة | D33: =VLOOKUP(B33,داتا!$B$3:$D$107,3,FALSE) -> 0.020833333 | E33: العاشر من رمضان | F33: احمد سعيد | G33: 0.25 | H33: 0.25347222 | I33: =H33-G33 -> 0.0034722222 | J33: 0.23958333 | K33: 0.25347222 | L33: سيد رزق | M33: احمد حسين | N33: =K33-J33 -> 0.013888889 | O33: 0 | P33: 0.0069444444 | Q33: 0.26041667 | R33: =Q33-P33-K33 -> 0 | S33: 0.26041667 | T33: =VLOOKUP(E33,'[2]21-3-2026'!E$3:T$35,16,FALSE) -> 0.0625 | U33: 0.30555556 | V33: 0 | W33: 0.03125 | X33: 0.33680556 | Y33: 0.36805556 | Z33: =Y33-X33 -> 0.03125 | AA33: =Z33-W33 -> 0 | AB33: 0.37152778
A34: 32 | B34: 3492 | C34: =VLOOKUP(B34,داتا!$B$3:$D$107,2,FALSE) -> تلتين | D34: =VLOOKUP(B34,داتا!$B$3:$D$107,3,FALSE) -> 0.03125 | E34: العبور | F34: محمود ابو طالب | G34: 0.25 | H34: 0.25347222 | I34: =H34-G34 -> 0.0034722222 | J34: 0.26041667 | K34: 0.27777778 | L34: سيد رزق | M34: احمد حسين | N34: =K34-J34 -> 0.017361111 | O34: 0 | P34: 0.0069444444 | Q34: 0.28472222 | R34: =Q34-P34-K34 -> 0 | S34: 0.27777778 | T34: =VLOOKUP(E34,'[2]21-3-2026'!E$3:T$35,16,FALSE) -> 0.027777778 | U34: 0.3125 | V34: =U34-T34-S34 -> 0.0069444444 | W34: 0.041666667 | X34: 0.34027778 | Y34: 0.37152778 | Z34: =Y34-X34 -> 0.03125 | AA34: 0 | AB34: 0.37847222
A35: 33 | B35: 796 | C35: =VLOOKUP(B35,داتا!$B$3:$D$107,2,FALSE) -> دبابة | D35: =VLOOKUP(B35,داتا!$B$3:$D$107,3,FALSE) -> 0.020833333 | E35: الكوربة | F35: محمد عباس | G35: 0.25 | H35: 0.26041667 | I35: =H35-G35 -> 0.010416667 | J35: 0.28819444 | K35: 0.30555556 | L35: سيد رزق | M35: احمد حسين | N35: =K35-J35 -> 0.017361111 | O35: 0 | P35: 0.0069444444 | Q35: 0.3125 | R35: =Q35-P35-K35 -> 0 | S35: 0.31597222 | T35: =VLOOKUP(E35,'[2]21-3-2026'!E$3:T$35,16,FALSE) -> 0.013888889 | U35: 0.34722222 | V35: =U35-T35-S35 -> 0.017361111 | W35: 0.03125 | X35: 0.34861111 | Y35: 0.375 | Z35: =Y35-X35 -> 0.026388889 | AA35: 0 | AB35: 0.37847222
A36: 1 | B36: 634 | C36: =VLOOKUP(B36,داتا!$B$3:$D$107,2,FALSE) -> دبابة | D36: =VLOOKUP(B36,داتا!$B$3:$D$107,3,FALSE) -> 0.020833333 | E36: الشيراتون | F36: محمود عبدالفتاح | G36: 0.25 | H36: =VLOOKUP(F36,$F$3:$H$35,3,FALSE) -> 0.28472222 | I36: =H36-G36 -> 0.034722222 | J36: 0.40277778 | K36: 0.41319444 | L36: محمد امام | M36: محمد امام | N36: =K36-J36 -> 0.010416667 | O36: 0 | P36: 0.0069444444 | Q36: 0.41666667 | R36: 0 | S36: 0.41666667 | T36: =VLOOKUP(E36,'[2]21-3-2026'!E$3:T$35,16,FALSE) -> 0.020833333 | U36: 0.45486111 | V36: =U36-T36-S36 -> 0.017361111 | W36: 0.020833333 | X36: 0.45833333 | Y36: 0.46875 | Z36: =Y36-X36 -> 0.010416667 | AA36: 0 | AB36: 0.47222222 | AD36: رحلة ثانية ( شرقى وغربى ومخبوزات )
A37: 2 | B37: 634 | C37: =VLOOKUP(B37,داتا!$B$3:$D$107,2,FALSE) -> دبابة | D37: =VLOOKUP(B37,داتا!$B$3:$D$107,3,FALSE) -> 0.020833333 | E37: جاردينيا | F37: محمود عبدالفتاح | G37: 0.25 | H37: =VLOOKUP(F37,$F$3:$H$35,3,FALSE) -> 0.28472222 | I37: =H37-G37 -> 0.034722222 | J37: 0.40277778 | K37: 0.41319444 | L37: محمد امام | M37: محمد امام | N37: =K37-J37 -> 0.010416667 | O37: 0 | P37: 0.0069444444 | Q37: 0.41666667 | R37: 0 | S37: 0.41666667 | T37: =VLOOKUP(E37,'[2]21-3-2026'!E$3:T$35,16,FALSE) -> 0.010416667 | U37: 0.48958333 | V37: 0.0069444444 | W37: 0.03125 | X37: 0.49305556 | Y37: 0.50694444 | Z37: =Y37-X37 -> 0.013888889 | AA37: 0 | AB37: 0.51736111
A38: 3 | B38: 459 | C38: =VLOOKUP(B38,داتا!$B$3:$D$107,2,FALSE) -> دبابة | D38: =VLOOKUP(B38,داتا!$B$3:$D$107,3,FALSE) -> 0.020833333 | E38: المنتزة | F38: عبدالرحمن محمد | G38: 0.25 | H38: =VLOOKUP(F38,$F$3:$H$35,3,FALSE) -> 0.26041667 | I38: =H38-G38 -> 0.010416667 | J38: 0.42361111 | K38: 0.4375 | L38: محمد امام | M38: محمد امام | N38: =K38-J38 -> 0.013888889 | O38: 0 | P38: 0.0069444444 | Q38: 0.44097222 | R38: 0 | S38: 0.44097222 | T38: =VLOOKUP(E38,'[2]21-3-2026'!E$3:T$35,16,FALSE) -> 0.010416667 | U38: 0.45625 | V38: =U38-T38-S38 -> 0.0048611111 | W38: 0.020833333 | X38: 0.45833333 | Y38: 0.47083333 | Z38: =Y38-X38 -> 0.0125 | AA38: 0 | AB38: 0.47222222
A39: 4 | B39: 459 | C39: =VLOOKUP(B39,داتا!$B$3:$D$107,2,FALSE) -> دبابة | D39: =VLOOKUP(B39,داتا!$B$3:$D$107,3,FALSE) -> 0.020833333 | E39: الكوربة | F39: عبدالرحمن محمد | G39: 0.25 | H39: =VLOOKUP(F39,$F$3:$H$35,3,FALSE) -> 0.26041667 | I39: =H39-G39 -> 0.010416667 | J39: 0.42361111 | K39: 0.4375 | L39: محمد امام | M39: محمد امام | N39: =K39-J39 -> 0.013888889 | O39: 0 | P39: 0.0069444444 | Q39: 0.44097222 | R39: 0 | S39: 0.44097222 | T39: =VLOOKUP(E39,'[2]21-3-2026'!E$3:T$35,16,FALSE) -> 0.013888889 | U39: 0.47916667 | V39: 0 | W39: 0.03125 | X39: 0.48263889 | Y39: 0.49305556 | Z39: =Y39-X39 -> 0.010416667 | AA39: 0 | AB39: 0.49652778
A40: 5 | B40: 3783 | C40: =VLOOKUP(B40,داتا!$B$3:$D$107,2,FALSE) -> دبابة | D40: =VLOOKUP(B40,داتا!$B$3:$D$107,3,FALSE) -> 0.020833333 | E40: الشروق 3 | F40: الشناوي سرور | G40: 0.25 | H40: =VLOOKUP(F40,$F$3:$H$35,3,FALSE) -> 0.25347222 | I40: =H40-G40 -> 0.0034722222 | J40: 0.45138889 | K40: 0.49305556 | L40: محمد امام | M40: محمد امام | N40: =K40-J40 -> 0.041666667 | O40: =N40-D40 -> 0.020833333 | P40: 0.0069444444 | Q40: 0.49305556 | R40: 0 | S40: 0.49305556 | T40: =VLOOKUP(E40,'[2]21-3-2026'!E$3:T$35,16,FALSE) -> 0.038194444 | U40: 0.52083333 | V40: 0 | W40: 0.020833333 | X40: 0.53472222 | Y40: 0.54166667 | Z40: =Y40-X40 -> 0.0069444444 | AA40: 0 | AB40: 0.54513889
A41: 6 | B41: 3783 | C41: =VLOOKUP(B41,داتا!$B$3:$D$107,2,FALSE) -> دبابة | D41: =VLOOKUP(B41,داتا!$B$3:$D$107,3,FALSE) -> 0.020833333 | E41: الشروق | F41: الشناوي سرور | G41: 0.25 | H41: =VLOOKUP(F41,$F$3:$H$35,3,FALSE) -> 0.25347222 | I41: =H41-G41 -> 0.0034722222 | J41: 0.45138889 | K41: 0.49305556 | L41: محمد امام | M41: محمد امام | N41: =K41-J41 -> 0.041666667 | O41: =N41-D41 -> 0.020833333 | P41: 0.0069444444 | Q41: 0.49305556 | R41: 0 | S41: 0.49305556 | T41: 0.010416667 | U41: 0.55694444 | V41: 0 | W41: 0.03125 | X41: 0.55902778 | Y41: 0.57638889 | Z41: =Y41-X41 -> 0.017361111 | AA41: 0 | AB41: 0.57847222
A42: 7 | B42: 3787 | C42: =VLOOKUP(B42,داتا!$B$3:$D$107,2,FALSE) -> دبابة | D42: =VLOOKUP(B42,داتا!$B$3:$D$107,3,FALSE) -> 0.020833333 | E42: الشريف | F42: جمعة السيد | G42: 0.25 | H42: =VLOOKUP(F42,$F$3:$H$35,3,FALSE) -> 0.23958333 | I42: 0 | J42: 0.39930556 | K42: 0.42361111 | L42: محمد فؤاد | M42: محمد فؤاد | N42: =K42-J42 -> 0.024305556 | O42: =N42-D42 -> 0.0034722222 | P42: 0.0069444444 | Q42: 0.43402778 | R42: =Q42-P42-K42 -> 0.0034722222 | S42: 0.43402778 | T42: =VLOOKUP(E42,'[2]21-3-2026'!E$3:T$35,16,FALSE) -> 0.017361111 | U42: 0 | V42: 0 | W42: 0.020833333 | X42: 0 | Y42: 0 | Z42: 0 | AA42: 0 | AB42: 0
A43: 8 | B43: 3787 | C43: =VLOOKUP(B43,داتا!$B$3:$D$107,2,FALSE) -> دبابة | D43: =VLOOKUP(B43,داتا!$B$3:$D$107,3,FALSE) -> 0.020833333 | E43: الوسط | F43: جمعة السيد | G43: 0.25 | H43: =VLOOKUP(F43,$F$3:$H$35,3,FALSE) -> 0.23958333 | I43: 0 | J43: 0.39930556 | K43: 0.42361111 | L43: محمد فؤاد | M43: محمد فؤاد | N43: =K43-J43 -> 0.024305556 | O43: =N43-D43 -> 0.0034722222 | P43: 0.0069444444 | Q43: 0.43402778 | R43: =Q43-P43-K43 -> 0.0034722222 | S43: 0.43402778 | T43: =VLOOKUP(E43,'[2]21-3-2026'!E$3:T$35,16,FALSE) -> 0.017361111 | U43: 0 | V43: 0 | W43: 0.03125 | X43: 0 | Y43: 0 | Z43: 0 | AA43: 0 | AB43: 0
A44: 9 | B44: 6143 | C44: =VLOOKUP(B44,داتا!$B$3:$D$107,2,FALSE) -> تلتين | D44: =VLOOKUP(B44,داتا!$B$3:$D$107,3,FALSE) -> 0.03125 | E44: الجسر | F44: محمد حسان | G44: 0.25 | H44: =VLOOKUP(F44,$F$3:$H$35,3,FALSE) -> 0.23958333 | I44: 0 | J44: 0.43402778 | K44: 0.45833333 | L44: محمد فؤاد | M44: محمد فؤاد | N44: =K44-J44 -> 0.024305556 | O44: 0 | P44: 0.0069444444 | Q44: 0.46180556 | R44: 0 | S44: 0.46180556 | T44: =VLOOKUP(E44,'[2]21-3-2026'!E$3:T$35,16,FALSE) -> 0.010416667 | U44: 0.48263889 | V44: =U44-T44-S44 -> 0.010416667 | W44: 0.041666667 | X44: 0.48958333 | Y44: 0.52083333 | Z44: =Y44-X44 -> 0.03125 | AA44: 0 | AB44: 0.52430556
A45: 10 | B45: 3495 | C45: =VLOOKUP(B45,داتا!$B$3:$D$107,2,FALSE) -> تلتين | D45: =VLOOKUP(B45,داتا!$B$3:$D$107,3,FALSE) -> 0.03125 | E45: النزهة | F45: رامي حسن | G45: 0.25 | H45: =VLOOKUP(F45,$F$3:$H$35,3,FALSE) -> 0.22916667 | I45: 0 | J45: 0.47222222 | K45: 0.48263889 | L45: محمد فؤاد | M45: محمد فؤاد | N45: =K45-J45 -> 0.010416667 | O45: 0 | P45: 0.0069444444 | Q45: 0.48263889 | R45: 0 | S45: 0.48263889 | T45: =VLOOKUP(E45,'[2]21-3-2026'!E$3:T$35,16,FALSE) -> 0.013888889 | U45: 0.5 | V45: =U45-T45-S45 -> 0.0034722222 | W45: 0.041666667 | X45: 0.50347222 | Y45: 0.52777778 | Z45: =Y45-X45 -> 0.024305556 | AA45: 0 | AB45: 0.53125
A46: 11 | B46: 4879 | C46: =VLOOKUP(B46,داتا!$B$3:$D$107,2,FALSE) -> دبابة | D46: =VLOOKUP(B46,داتا!$B$3:$D$107,3,FALSE) -> 0.020833333 | E46: العاشر من رمضان | F46: جمال فؤاد | G46: 0.25 | H46: =VLOOKUP(F46,$F$3:$H$35,3,FALSE) -> 0.25 | I46: =H46-G46 -> 0 | J46: 0.48611111 | K46: 0.5 | L46: محمد فؤاد | M46: محمد فؤاد | N46: =K46-J46 -> 0.013888889 | O46: 0 | P46: 0.0069444444 | Q46: 0.5 | R46: 0 | S46: 0.5 | T46: =VLOOKUP(E46,'[2]21-3-2026'!E$3:T$35,16,FALSE) -> 0.0625 | U46: 0.54513889 | V46: 0 | W46: 0.03125 | X46: 0.54861111 | Y46: 0.5625 | Z46: =Y46-X46 -> 0.013888889 | AA46: 0 | AB46: 0.56597222
A47: 12 | B47: 3891 | C47: =VLOOKUP(B47,داتا!$B$3:$D$107,2,FALSE) -> تلتين | D47: =VLOOKUP(B47,داتا!$B$3:$D$107,3,FALSE) -> 0.03125 | E47: المعادي 1 | F47: محمد صلاح | G47: 0.25 | H47: =VLOOKUP(F47,$F$3:$H$35,3,FALSE) -> 0.24305556 | I47: 0 | J47: 0.39236111 | K47: 0.41666667 | L47: محمد عادل | M47: محمد عادل | N47: =K47-J47 -> 0.024305556 | O47: 0 | P47: 0.0069444444 | Q47: 0.42013889 | R47: 0 | S47: 0.42013889 | T47: =VLOOKUP(E47,'[2]21-3-2026'!E$3:T$35,16,FALSE) -> 0.034722222 | U47: 0.46527778 | V47: =U47-T47-S47 -> 0.010416667 | W47: 0.03125 | X47: 0.46875 | Y47: 0.48958333 | Z47: =Y47-X47 -> 0.020833333 | AA47: 0 | AB47: 0.49652778
A48: 13 | B48: 3891 | C48: =VLOOKUP(B48,داتا!$B$3:$D$107,2,FALSE) -> تلتين | D48: =VLOOKUP(B48,داتا!$B$3:$D$107,3,FALSE) -> 0.03125 | E48: المعادي 2 | F48: محمد صلاح | G48: 0.25 | H48: =VLOOKUP(F48,$F$3:$H$35,3,FALSE) -> 0.24305556 | I48: 0 | J48: 0.39236111 | K48: 0.41666667 | L48: محمد عادل | M48: محمد عادل | N48: =K48-J48 -> 0.024305556 | O48: 0 | P48: 0.0069444444 | Q48: 0.42013889 | R48: 0 | S48: 0.42013889 | T48: 0.010416667 | U48: 0.50694444 | V48: 0 | W48: 0.041666667 | X48: 0.51041667 | Y48: 0.51388889 | Z48: =Y48-X48 -> 0.0034722222 | AA48: 0 | AB48: 0.51736111
A49: 14 | B49: 2714 | C49: =VLOOKUP(B49,داتا!$B$3:$D$107,2,FALSE) -> تلتين | D49: =VLOOKUP(B49,داتا!$B$3:$D$107,3,FALSE) -> 0.03125 | E49: مكرم | F49: علي النبوي | G49: 0.25 | H49: =VLOOKUP(F49,$F$3:$H$35,3,FALSE) -> 0.26180556 | I49: =H49-G49 -> 0.011805556 | J49: 0.42361111 | K49: 0.44444444 | L49: محمد عادل | M49: محمد عادل | N49: =K49-J49 -> 0.020833333 | O49: 0 | P49: 0.0069444444 | Q49: 0.45138889 | R49: =Q49-P49-K49 -> 0 | S49: 0.45138889 | T49: =VLOOKUP(E49,'[2]21-3-2026'!E$3:T$35,16,FALSE) -> 0.017361111 | U49: 0.47569444 | V49: =U49-T49-S49 -> 0.0069444444 | W49: 0.03125 | X49: 0.47916667 | Y49: 0.5 | Z49: =Y49-X49 -> 0.020833333 | AA49: 0 | AB49: 0.50347222
A50: 15 | B50: 2714 | C50: =VLOOKUP(B50,داتا!$B$3:$D$107,2,FALSE) -> تلتين | D50: =VLOOKUP(B50,داتا!$B$3:$D$107,3,FALSE) -> 0.03125 | E50: العاشر | F50: علي النبوي | G50: 0.25 | H50: =VLOOKUP(F50,$F$3:$H$35,3,FALSE) -> 0.26180556 | I50: =H50-G50 -> 0.011805556 | J50: 0.42361111 | K50: 0.44444444 | L50: محمد عادل | M50: محمد عادل | N50: =K50-J50 -> 0.020833333 | O50: 0 | P50: 0.0069444444 | Q50: 0.45138889 | R50: =Q50-P50-K50 -> 0 | S50: 0.45138889 | T50: =VLOOKUP(E50,'[2]21-3-2026'!E$3:T$35,16,FALSE) -> 0.010416667 | U50: 0.51388889 | V50: 0 | W50: 0.041666667 | X50: 0.51736111 | Y50: 0.55555556 | Z50: =Y50-X50 -> 0.038194444 | AA50: 0 | AB50: 0.55902778
A51: 16 | B51: 796 | C51: =VLOOKUP(B51,داتا!$B$3:$D$107,2,FALSE) -> دبابة | D51: =VLOOKUP(B51,داتا!$B$3:$D$107,3,FALSE) -> 0.020833333 | E51: اكتوبر | F51: محمد عباس | G51: 0.25 | H51: =VLOOKUP(F51,$F$3:$H$35,3,FALSE) -> 0.26041667 | I51: =H51-G51 -> 0.010416667 | J51: 0.45833333 | K51: 0.48958333 | L51: محمد عادل | M51: محمد عادل | N51: =K51-J51 -> 0.03125 | O51: =N51-D51 -> 0.010416667 | P51: 0.0069444444 | Q51: 0.49652778 | R51: =Q51-P51-K51 -> 0 | S51: 0.49652778 | T51: =VLOOKUP(E51,'[2]21-3-2026'!E$3:T$35,16,FALSE) -> 0.041666667 | U51: 0.53819444 | V51: =U51-T51-S51 -> 0 | W51: 0.03125 | X51: 0.54166667 | Y51: 0.57291667 | Z51: =Y51-X51 -> 0.03125 | AA51: =Z51-W51 -> 0 | AB51: 0.57638889
A52: 17 | B52: 1538 | C52: =VLOOKUP(B52,داتا!$B$3:$D$107,2,FALSE) -> تلتين | D52: =VLOOKUP(B52,داتا!$B$3:$D$107,3,FALSE) -> 0.03125 | E52: عرابي | F52: اسامه مصطفى | G52: 0.25 | H52: =VLOOKUP(F52,$F$3:$H$35,3,FALSE) -> 0.24305556 | I52: 0 | J52: 0.39583333 | K52: 0.41666667 | L52: حسام خليل | M52: حسام خليل | N52: =K52-J52 -> 0.020833333 | O52: 0 | P52: 0.0069444444 | Q52: 0.42013889 | R52: 0 | S52: 0.42013889 | T52: =VLOOKUP(E52,'[2]21-3-2026'!E$3:T$35,16,FALSE) -> 0.017361111 | U52: 0.45 | V52: =U52-T52-S52 -> 0.0125 | W52: 0.03125 | X52: 0.45347222 | Y52: 0.48611111 | Z52: =Y52-X52 -> 0.032638889 | AA52: =Z52-W52 -> 0.0013888889 | AB52: 0.48958333
A53: 18 | B53: 1538 | C53: =VLOOKUP(B53,داتا!$B$3:$D$107,2,FALSE) -> تلتين | D53: =VLOOKUP(B53,داتا!$B$3:$D$107,3,FALSE) -> 0.03125 | E53: الدقي | F53: اسامه مصطفى | G53: 0.25 | H53: =VLOOKUP(F53,$F$3:$H$35,3,FALSE) -> 0.24305556 | I53: 0 | J53: 0.39583333 | K53: 0.41666667 | L53: حسام خليل | M53: حسام خليل | N53: =K53-J53 -> 0.020833333 | O53: 0 | P53: 0.0069444444 | Q53: 0.42013889 | R53: 0 | S53: 0.42013889 | T53: =VLOOKUP(E53,'[2]21-3-2026'!E$3:T$35,16,FALSE) -> 0.013888889 | U53: 0.5 | V53: 0 | W53: 0.041666667 | X53: 0.50347222 | Y53: 0.51944444 | Z53: =Y53-X53 -> 0.015972222 | AA53: 0 | AB53: 0.52083333
A54: 19 | B54: 3492 | C54: =VLOOKUP(B54,داتا!$B$3:$D$107,2,FALSE) -> تلتين | D54: =VLOOKUP(B54,داتا!$B$3:$D$107,3,FALSE) -> 0.03125 | E54: المطرية | F54: محمود ابوطالب | G54: 0.25 | H54: 0.25 | I54: =H54-G54 -> 0 | J54: 0.42708333 | K54: 0.45833333 | L54: حسام خليل | M54: حسام خليل | N54: =K54-J54 -> 0.03125 | O54: =N54-D54 -> 0 | P54: 0.0069444444 | Q54: 0.46527778 | R54: =Q54-P54-K54 -> 0 | S54: 0.46527778 | T54: =VLOOKUP(E54,'[2]21-3-2026'!E$3:T$35,16,FALSE) -> 0.0048611111 | U54: 0.47222222 | V54: =U54-T54-S54 -> 0.0020833333 | W54: 0.03125 | X54: 0.47291667 | Y54: 0.48611111 | Z54: =Y54-X54 -> 0.013194444 | AA54: 0 | AB54: 0.49444444
A55: 20 | B55: 3492 | C55: =VLOOKUP(B55,داتا!$B$3:$D$107,2,FALSE) -> تلتين | D55: =VLOOKUP(B55,داتا!$B$3:$D$107,3,FALSE) -> 0.03125 | E55: السواح | F55: محمود ابوطالب | G55: 0.25 | H55: 0.25 | I55: =H55-G55 -> 0 | J55: 0.42708333 | K55: 0.45833333 | L55: حسام خليل | M55: حسام خليل | N55: =K55-J55 -> 0.03125 | O55: =N55-D55 -> 0 | P55: 0.0069444444 | Q55: 0.46527778 | R55: =Q55-P55-K55 -> 0 | S55: 0.46527778 | T55: =VLOOKUP(E55,'[2]21-3-2026'!E$3:T$35,16,FALSE) -> 0.010416667 | U55: 0.50347222 | V55: 0 | W55: 0.041666667 | X55: 0.50694444 | Y55: 0.52777778 | Z55: =Y55-X55 -> 0.020833333 | AA55: 0 | AB55: 0.53125
A56: 21 | B56: 1454 | C56: =VLOOKUP(B56,داتا!$B$3:$D$107,2,FALSE) -> تلتين | D56: =VLOOKUP(B56,داتا!$B$3:$D$107,3,FALSE) -> 0.03125 | E56: التجمع 1 | F56: احمد فوزي | G56: 0.25 | H56: =VLOOKUP(F56,$F$3:$H$35,3,FALSE) -> 0.26319444 | I56: =H56-G56 -> 0.013194444 | J56: 0.47916667 | K56: 0.5 | L56: حسام خليل | M56: حسام خليل | N56: =K56-J56 -> 0.020833333 | O56: 0 | P56: 0.0069444444 | Q56: 0.50347222 | R56: 0 | S56: 0.50347222 | T56: =VLOOKUP(E56,'[2]21-3-2026'!E$3:T$35,16,FALSE) -> 0.024305556 | U56: 0.52430556 | V56: 0 | W56: 0.03125 | X56: 0.52777778 | Y56: 0.54513889 | Z56: =Y56-X56 -> 0.017361111 | AA56: 0 | AB56: 0.54861111
A57: 22 | B57: 1454 | C57: =VLOOKUP(B57,داتا!$B$3:$D$107,2,FALSE) -> تلتين | D57: =VLOOKUP(B57,داتا!$B$3:$D$107,3,FALSE) -> 0.03125 | E57: التجمع 5 | F57: احمد فوزي | G57: 0.25 | H57: =VLOOKUP(F57,$F$3:$H$35,3,FALSE) -> 0.26319444 | I57: =H57-G57 -> 0.013194444 | J57: 0.47916667 | K57: 0.5 | L57: حسام خليل | M57: حسام خليل | N57: =K57-J57 -> 0.020833333 | O57: 0 | P57: 0.0069444444 | Q57: 0.50347222 | R57: 0 | S57: 0.50347222 | T57: =VLOOKUP(E57,'[2]21-3-2026'!E$3:T$35,16,FALSE) -> 0.010416667 | U57: 0.55555556 | V57: 0 | W57: 0.041666667 | X57: 0.55902778 | Y57: 0.57986111 | Z57: =Y57-X57 -> 0.020833333 | AA57: 0 | AB57: 0.58333333
A58: 23 | B58: 2695 | C58: =VLOOKUP(B58,داتا!$B$3:$D$107,2,FALSE) -> تلتين | D58: =VLOOKUP(B58,داتا!$B$3:$D$107,3,FALSE) -> 0.03125 | E58: شبرا | F58: رامي عادل | G58: 0.25 | H58: =VLOOKUP(F58,$F$3:$H$35,3,FALSE) -> 0.25347222 | I58: =H58-G58 -> 0.0034722222 | J58: 0.39583333 | K58: 0.42708333 | L58: عبدالرحمن ابراهيم | M58: عبدالرحمن ابراهيم | N58: =K58-J58 -> 0.03125 | O58: =N58-D58 -> 0 | P58: 0.0069444444 | Q58: 0.42708333 | R58: 0 | S58: 0.42708333 | T58: =VLOOKUP(E58,'[2]21-3-2026'!E$3:T$35,16,FALSE) -> 0.013888889 | U58: 0.44444444 | V58: =U58-T58-S58 -> 0.0034722222 | W58: 0.03125 | X58: 0.44791667 | Y58: 0.46805556 | Z58: =Y58-X58 -> 0.020138889 | AA58: 0 | AB58: 0.46875
A59: 24 | B59: 2695 | C59: =VLOOKUP(B59,داتا!$B$3:$D$107,2,FALSE) -> تلتين | D59: =VLOOKUP(B59,داتا!$B$3:$D$107,3,FALSE) -> 0.03125 | E59: الدوران | F59: رامي عادل | G59: 0.25 | H59: =VLOOKUP(F59,$F$3:$H$35,3,FALSE) -> 0.25347222 | I59: =H59-G59 -> 0.0034722222 | J59: 0.39583333 | K59: 0.42708333 | L59: عبدالرحمن ابراهيم | M59: عبدالرحمن ابراهيم | N59: =K59-J59 -> 0.03125 | O59: =N59-D59 -> 0 | P59: 0.0069444444 | Q59: 0.42708333 | R59: 0 | S59: 0.42708333 | T59: =VLOOKUP(E59,'[2]21-3-2026'!E$3:T$35,16,FALSE) -> 0.013888889 | U59: 0.47569444 | V59: 0 | W59: 0.041666667 | X59: 0.47916667 | Y59: 0.49652778 | Z59: =Y59-X59 -> 0.017361111 | AA59: 0 | AB59: 0.5
A60: 25 | B60: 2694 | C60: =VLOOKUP(B60,داتا!$B$3:$D$107,2,FALSE) -> تلتين | D60: =VLOOKUP(B60,داتا!$B$3:$D$107,3,FALSE) -> 0.03125 | E60: العبور | F60: رضا معروف | G60: 0.25 | H60: =VLOOKUP(F60,$F$3:$H$35,3,FALSE) -> 0.26388889 | I60: =H60-G60 -> 0.013888889 | J60: 0.4375 | K60: 0.48958333 | L60: عبدالرحمن ابراهيم | M60: عبدالرحمن ابراهيم | N60: =K60-J60 -> 0.052083333 | O60: =N60-D60 -> 0.020833333 | P60: 0.0069444444 | Q60: 0.49305556 | R60: 0 | S60: 0.49305556 | T60: =VLOOKUP(E60,'[2]21-3-2026'!E$3:T$35,16,FALSE) -> 0.027777778 | U60: 0.52708333 | V60: =U60-T60-S60 -> 0.00625 | W60: 0.041666667 | X60: 0.53125 | Y60: 0.5625 | Z60: =Y60-X60 -> 0.03125 | AA60: 0 | AB60: 0.56597222
A61: 26 | B61: 2474 | C61: =VLOOKUP(B61,داتا!$B$3:$D$107,2,FALSE) -> دبابة | D61: =VLOOKUP(B61,داتا!$B$3:$D$107,3,FALSE) -> 0.020833333 | E61: مسطرد | F61: احمد سعيد | G61: 0.25 | H61: =VLOOKUP(F61,$F$3:$H$35,3,FALSE) -> 0.25347222 | I61: =H61-G61 -> 0.0034722222 | J61: 0.49305556 | K61: 0.51041667 | L61: عبدالرحمن ابراهيم | M61: عبدالرحمن ابراهيم | N61: =K61-J61 -> 0.017361111 | O61: 0 | P61: 0.0069444444 | Q61: 0.51388889 | R61: 0 | S61: 0.51388889 | T61: =VLOOKUP(E61,'[2]21-3-2026'!E$3:T$35,16,FALSE) -> 0.0034722222 | U61: 0.51736111 | V61: =U61-T61-S61 -> 0 | W61: 0.03125 | X61: 0.52083333 | Y61: 0.54166667 | Z61: =Y61-X61 -> 0.020833333 | AA61: 0 | AB61: 0.54513889
A62: 27 | B62: 4987 | C62: =VLOOKUP(B62,داتا!$B$3:$D$107,2,FALSE) -> تلتين | D62: =VLOOKUP(B62,داتا!$B$3:$D$107,3,FALSE) -> 0.03125 | E62: الميرغني | F62: عمرو المهدي | G62: 0.25 | H62: =VLOOKUP(F62,$F$3:$H$35,3,FALSE) -> 0.23958333 | I62: 0 | J62: 0.38541667 | K62: 0.41666667 | L62: محمد رجب | M62: محمد رجب | N62: =K62-J62 -> 0.03125 | O62: =N62-D62 -> 0 | P62: 0.0069444444 | Q62: 0.42013889 | R62: 0 | S62: 0.42013889 | T62: =VLOOKUP(E62,'[2]21-3-2026'!E$3:T$35,16,FALSE) -> 0.013888889 | U62: 0.4375 | V62: =U62-T62-S62 -> 0.0034722222 | W62: 0.03125 | X62: 0.44097222 | Y62: 0.44652778 | Z62: =Y62-X62 -> 0.0055555556 | AA62: 0 | AB62: 0.44791667
A63: 28 | B63: 4987 | C63: =VLOOKUP(B63,داتا!$B$3:$D$107,2,FALSE) -> تلتين | D63: =VLOOKUP(B63,داتا!$B$3:$D$107,3,FALSE) -> 0.03125 | E63: عباس | F63: عمرو المهدي | G63: 0.25 | H63: =VLOOKUP(F63,$F$3:$H$35,3,FALSE) -> 0.23958333 | I63: 0 | J63: 0.38541667 | K63: 0.41666667 | L63: محمد رجب | M63: محمد رجب | N63: =K63-J63 -> 0.03125 | O63: =N63-D63 -> 0 | P63: 0.0069444444 | Q63: 0.42013889 | R63: 0 | S63: 0.42013889 | T63: 0.010416667 | U63: 0.45486111 | V63: 0 | W63: 0.041666667 | X63: 0.45833333 | Y63: 0.47916667 | Z63: =Y63-X63 -> 0.020833333 | AA63: 0 | AB63: 0.48263889
A64: 29 | B64: 1537 | C64: =VLOOKUP(B64,داتا!$B$3:$D$107,2,FALSE) -> تلتين | D64: =VLOOKUP(B64,داتا!$B$3:$D$107,3,FALSE) -> 0.03125 | E64: الوايلي | F64: خالد محمد | G64: 0.25 | H64: =VLOOKUP(F64,$F$3:$H$35,3,FALSE) -> 0.25694444 | I64: =H64-G64 -> 0.0069444444 | J64: 0.42361111 | K64: 0.45138889 | L64: محمد رجب | M64: محمد رجب | N64: =K64-J64 -> 0.027777778 | O64: 0 | P64: 0.0069444444 | Q64: 0.45833333 | R64: =Q64-P64-K64 -> 0 | S64: 0.45833333 | T64: =VLOOKUP(E64,'[2]21-3-2026'!E$3:T$35,16,FALSE) -> 0.010416667 | U64: 0.47222222 | V64: =U64-T64-S64 -> 0.0034722222 | W64: 0.03125 | X64: 0.47569444 | Y64: 0.4875 | Z64: =Y64-X64 -> 0.011805556 | AA64: 0 | AB64: 0.48958333
A65: 30 | B65: 1537 | C65: =VLOOKUP(B65,داتا!$B$3:$D$107,2,FALSE) -> تلتين | D65: =VLOOKUP(B65,داتا!$B$3:$D$107,3,FALSE) -> 0.03125 | E65: العباسية | F65: خالد محمد | G65: 0.25 | H65: =VLOOKUP(F65,$F$3:$H$35,3,FALSE) -> 0.25694444 | I65: =H65-G65 -> 0.0069444444 | J65: 0.42361111 | K65: 0.45138889 | L65: محمد رجب | M65: محمد رجب | N65: =K65-J65 -> 0.027777778 | O65: 0 | P65: 0.0069444444 | Q65: 0.45833333 | R65: =Q65-P65-K65 -> 0 | S65: 0.45833333 | T65: =VLOOKUP(E65,'[2]21-3-2026'!E$3:T$35,16,FALSE) -> 0.020833333 | U65: 0.50416667 | V65: 0.0041666667 | W65: 0.041666667 | X65: 0.50833333 | Y65: 0.52569444 | Z65: =Y65-X65 -> 0.017361111 | AA65: 0 | AB65: 0.53055556
A66: 31 | B66: 5898 | C66: =VLOOKUP(B66,داتا!$B$3:$D$107,2,FALSE) -> تلتين | D66: =VLOOKUP(B66,داتا!$B$3:$D$107,3,FALSE) -> 0.03125 | E66: فيصل | F66: علاء مجدي | G66: 0.25 | H66: =VLOOKUP(F66,$F$3:$H$35,3,FALSE) -> 0.23958333 | I66: 0 | J66: 0.47222222 | K66: 0.52083333 | L66: محمد رجب | M66: محمد رجب | N66: =K66-J66 -> 0.048611111 | O66: =N66-D66 -> 0.017361111 | P66: 0.0069444444 | Q66: 0.52083333 | R66: 0 | S66: 0.52083333 | T66: =VLOOKUP(E66,'[2]21-3-2026'!E$3:T$35,16,FALSE) -> 0.034722222 | U66: 0.55555556 | V66: =U66-T66-S66 -> 0 | W66: 0.03125 | X66: 0.55902778 | Y66: 0.58333333 | Z66: =Y66-X66 -> 0.024305556 | AA66: 0 | AB66: 0.59027778
A67: 32 | B67: 5898 | C67: =VLOOKUP(B67,داتا!$B$3:$D$107,2,FALSE) -> تلتين | D67: =VLOOKUP(B67,داتا!$B$3:$D$107,3,FALSE) -> 0.03125 | E67: الطوابق | F67: علاء مجدي | G67: 0.25 | H67: =VLOOKUP(F67,$F$3:$H$35,3,FALSE) -> 0.23958333 | I67: 0 | J67: 0.47222222 | K67: 0.52083333 | L67: محمد رجب | M67: محمد رجب | N67: =K67-J67 -> 0.048611111 | O67: =N67-D67 -> 0.017361111 | P67: 0.0069444444 | Q67: 0.52083333 | R67: 0 | S67: 0.52083333 | T67: 0.010416667 | U67: 0.60763889 | V67: 0.0069444444 | W67: 0.041666667 | X67: 0.61111111 | Y67: 0.63541667 | Z67: =Y67-X67 -> 0.024305556 | AA67: 0 | AB67: 0.63888889
A68: 1 | B68: 2917 | C68: =VLOOKUP(B68,داتا!$B$3:$D$107,2,FALSE) -> تلتين | D68: =VLOOKUP(B68,داتا!$B$3:$D$107,3,FALSE) -> 0.03125 | E68: العاشر | F68: جمال حامد | G68: 0.083333333 | H68: 0.076388889 | I68: 0 | J68: 0.55902778 | K68: 0.59027778 | L68: حسام خليل | M68: حسام خليل | N68: =K68-J68 -> 0.03125 | O68: =N68-D68 -> 0 | P68: 0.0069444444 | Q68: 0.59375 | R68: 0 | S68: 0.59375 | T68: =VLOOKUP(E68,'[2]21-3-2026'!E$3:T$35,16,FALSE) -> 0.010416667 | U68: 0.625 | V68: =U68-T68-S68 -> 0.020833333 | W68: 0.03125 | X68: 0.63055556 | Y68: 0.64236111 | Z68: =Y68-X68 -> 0.011805556 | AA68: 0 | AB68: 0.64583333 | AD68: رحلة ثالثة ( شرقى وغربى ومخبوزات )
A69: 2 | B69: 2917 | C69: =VLOOKUP(B69,داتا!$B$3:$D$107,2,FALSE) -> تلتين | D69: =VLOOKUP(B69,داتا!$B$3:$D$107,3,FALSE) -> 0.03125 | E69: المعادي 1 | F69: جمال حامد | G69: 0.083333333 | H69: 0.076388889 | I69: 0 | J69: 0.55902778 | K69: 0.59027778 | L69: حسام خليل | M69: حسام خليل | N69: =K69-J69 -> 0.03125 | O69: =N69-D69 -> 0 | P69: 0.0069444444 | Q69: 0.59375 | R69: 0 | S69: 0.59375 | T69: 0.013888889 | U69: 0.65972222 | V69: 0 | W69: 0.03125 | X69: 0.66319444 | Y69: 0.68402778 | Z69: =Y69-X69 -> 0.020833333 | AA69: 0 | AB69: 0.6875
A70: 3 | B70: 2917 | C70: =VLOOKUP(B70,داتا!$B$3:$D$107,2,FALSE) -> تلتين | D70: =VLOOKUP(B70,داتا!$B$3:$D$107,3,FALSE) -> 0.03125 | E70: المعادي 2 | F70: جمال حامد | G70: 0.083333333 | H70: 0.076388889 | I70: 0 | J70: 0.55902778 | K70: 0.59027778 | L70: حسام خليل | M70: حسام خليل | N70: =K70-J70 -> 0.03125 | O70: =N70-D70 -> 0 | P70: 0.0069444444 | Q70: 0.59375 | R70: 0 | S70: 0.59375 | T70: =VLOOKUP(E70,'[2]21-3-2026'!E$3:T$35,16,FALSE) -> 0.034722222 | U70: 0.69791667 | V70: 0 | W70: 0.041666667 | X70: 0.70138889 | Y70: 0.70833333 | Z70: =Y70-X70 -> 0.0069444444 | AA70: 0 | AB70: 0.71527778
A71: 4 | B71: 1538 | C71: =VLOOKUP(B71,داتا!$B$3:$D$107,2,FALSE) -> تلتين | D71: =VLOOKUP(B71,داتا!$B$3:$D$107,3,FALSE) -> 0.03125 | E71: الميرغني | F71: مصطفى عيسى | G71: 0.083333333 | H71: 0.083333333 | I71: =H71-G71 -> 0 | J71: 0.56944444 | K71: 0.58680556 | L71: محمد امام | M71: محمد امام | N71: =K71-J71 -> 0.017361111 | O71: 0 | P71: 0.0069444444 | Q71: 0.59375 | R71: =Q71-P71-K71 -> 0 | S71: 0.59375 | T71: =VLOOKUP(E71,'[2]21-3-2026'!E$3:T$35,16,FALSE) -> 0.013888889 | U71: 0.61805556 | V71: =U71-T71-S71 -> 0.010416667 | W71: 0.03125 | X71: 0.62152778 | Y71: 0.62847222 | Z71: =Y71-X71 -> 0.0069444444 | AA71: 0 | AB71: 0.63194444
A72: 5 | B72: 1538 | C72: =VLOOKUP(B72,داتا!$B$3:$D$107,2,FALSE) -> تلتين | D72: =VLOOKUP(B72,داتا!$B$3:$D$107,3,FALSE) -> 0.03125 | E72: عباس | F72: مصطفى عيسى | G72: 0.083333333 | H72: 0.083333333 | I72: =H72-G72 -> 0 | J72: 0.56944444 | K72: 0.58680556 | L72: محمد امام | M72: محمد امام | N72: =K72-J72 -> 0.017361111 | O72: 0 | P72: 0.0069444444 | Q72: 0.59375 | R72: =Q72-P72-K72 -> 0 | S72: 0.59375 | T72: =VLOOKUP(E72,'[2]21-3-2026'!E$3:T$35,16,FALSE) -> 0.017361111 | U72: 0.63888889 | V72: 0 | W72: 0.03125 | X72: 0.64236111 | Y72: 0.66319444 | Z72: =Y72-X72 -> 0.020833333 | AA72: 0 | AB72: 0.66527778
A73: 6 | B73: 1538 | C73: =VLOOKUP(B73,داتا!$B$3:$D$107,2,FALSE) -> تلتين | D73: =VLOOKUP(B73,داتا!$B$3:$D$107,3,FALSE) -> 0.03125 | E73: مكرم | F73: مصطفى عيسى | G73: 0.083333333 | H73: 0.083333333 | I73: =H73-G73 -> 0 | J73: 0.56944444 | K73: 0.58680556 | L73: محمد امام | M73: محمد امام | N73: =K73-J73 -> 0.017361111 | O73: 0 | P73: 0.0069444444 | Q73: 0.59375 | R73: =Q73-P73-K73 -> 0 | S73: 0.59375 | T73: =VLOOKUP(E73,'[2]21-3-2026'!E$3:T$35,16,FALSE) -> 0.017361111 | U73: 0.67013889 | V73: 0 | W73: 0.041666667 | X73: 0.67361111 | Y73: 0.69444444 | Z73: =Y73-X73 -> 0.020833333 | AA73: 0 | AB73: 0.69791667
A74: 7 | B74: 459 | C74: =VLOOKUP(B74,داتا!$B$3:$D$107,2,FALSE) -> دبابة | D74: =VLOOKUP(B74,داتا!$B$3:$D$107,3,FALSE) -> 0.020833333 | E74: الشريف | F74: كارم سعيد | G74: 0.083333333 | H74: 0.090277778 | I74: =H74-G74 -> 0.0069444444 | J74: 0.56597222 | K74: 0.57986111 | L74: محمد فؤاد | M74: محمد فؤاد | N74: =K74-J74 -> 0.013888889 | O74: 0 | P74: 0.0069444444 | Q74: 0.59027778 | R74: =Q74-P74-K74 -> 0.0034722222 | S74: 0.59027778 | T74: =VLOOKUP(E74,'[2]21-3-2026'!E$3:T$35,16,FALSE) -> 0.017361111 | U74: 0.63194444 | V74: =U74-T74-S74 -> 0.024305556 | W74: 0.020833333 | X74: 0.63333333 | Y74: 0.64236111 | Z74: =Y74-X74 -> 0.0090277778 | AA74: 0 | AB74: 0.64583333
A75: 8 | B75: 459 | C75: =VLOOKUP(B75,داتا!$B$3:$D$107,2,FALSE) -> دبابة | D75: =VLOOKUP(B75,داتا!$B$3:$D$107,3,FALSE) -> 0.020833333 | E75: الوسط | F75: كارم سعيد | G75: 0.083333333 | H75: 0.090277778 | I75: =H75-G75 -> 0.0069444444 | J75: 0.56597222 | K75: 0.57986111 | L75: محمد فؤاد | M75: محمد فؤاد | N75: =K75-J75 -> 0.013888889 | O75: 0 | P75: 0.0069444444 | Q75: 0.59027778 | R75: =Q75-P75-K75 -> 0.0034722222 | S75: 0.59027778 | T75: =VLOOKUP(E75,'[2]21-3-2026'!E$3:T$35,16,FALSE) -> 0.017361111 | U75: 0.65625 | V75: 0 | W75: 0.03125 | X75: 0.65972222 | Y75: 0.66666667 | Z75: =Y75-X75 -> 0.0069444444 | AA75: 0 | AB75: 0.67013889
A76: 9 | B76: 3495 | C76: =VLOOKUP(B76,داتا!$B$3:$D$107,2,FALSE) -> تلتين | D76: =VLOOKUP(B76,داتا!$B$3:$D$107,3,FALSE) -> 0.03125 | E76: النزهة | F76: محمد ابراهيم | G76: 0.083333333 | H76: 0.083333333 | I76: =H76-G76 -> 0 | J76: 0.58333333 | K76: 0.60069444 | L76: محمد فؤاد | M76: محمد فؤاد | N76: =K76-J76 -> 0.017361111 | O76: 0 | P76: 0.0069444444 | Q76: 0.60416667 | R76: 0 | S76: 0.60416667 | T76: =VLOOKUP(E76,'[2]21-3-2026'!E$3:T$35,16,FALSE) -> 0.013888889 | U76: 0.625 | V76: =U76-T76-S76 -> 0.0069444444 | W76: 0.03125 | X76: 0.62847222 | Y76: 0.63541667 | Z76: =Y76-X76 -> 0.0069444444 | AA76: 0 | AB76: 0.63888889
A77: 10 | B77: 3495 | C77: =VLOOKUP(B77,داتا!$B$3:$D$107,2,FALSE) -> تلتين | D77: =VLOOKUP(B77,داتا!$B$3:$D$107,3,FALSE) -> 0.03125 | E77: الجسر | F77: محمد ابراهيم | G77: 0.083333333 | H77: 0.083333333 | I77: =H77-G77 -> 0 | J77: 0.58333333 | K77: 0.60069444 | L77: محمد فؤاد | M77: محمد فؤاد | N77: =K77-J77 -> 0.017361111 | O77: 0 | P77: 0.0069444444 | Q77: 0.60416667 | R77: 0 | S77: 0.60416667 | T77: =VLOOKUP(E77,'[2]21-3-2026'!E$3:T$35,16,FALSE) -> 0.010416667 | U77: 0.64791667 | V77: 0 | W77: 0.041666667 | X77: 0.65069444 | Y77: 0.6625 | Z77: =Y77-X77 -> 0.011805556 | AA77: 0 | AB77: 0.66666667
A78: 11 | B78: 634 | C78: =VLOOKUP(B78,داتا!$B$3:$D$107,2,FALSE) -> دبابة | D78: =VLOOKUP(B78,داتا!$B$3:$D$107,3,FALSE) -> 0.020833333 | E78: الوايلي | F78: سعيد محمد | G78: 0.083333333 | H78: 0.083333333 | I78: =H78-G78 -> 0 | J78: 0.56944444 | K78: 0.58333333 | L78: محمد رجب | M78: محمد رجب | N78: =K78-J78 -> 0.013888889 | O78: 0 | P78: 0.0069444444 | Q78: 0.59027778 | R78: =Q78-P78-K78 -> 0 | S78: 0.59027778 | T78: =VLOOKUP(E78,'[2]21-3-2026'!E$3:T$35,16,FALSE) -> 0.010416667 | U78: 0.61111111 | V78: =U78-T78-S78 -> 0.010416667 | W78: 0.020833333 | X78: 0.61458333 | Y78: 0.62013889 | Z78: =Y78-X78 -> 0.0055555556 | AA78: 0 | AB78: 0.625
A79: 12 | B79: 634 | C79: =VLOOKUP(B79,داتا!$B$3:$D$107,2,FALSE) -> دبابة | D79: =VLOOKUP(B79,داتا!$B$3:$D$107,3,FALSE) -> 0.020833333 | E79: العباسية | F79: سعيد محمد | G79: 0.083333333 | H79: 0.083333333 | I79: =H79-G79 -> 0 | J79: 0.56944444 | K79: 0.58333333 | L79: محمد رجب | M79: محمد رجب | N79: =K79-J79 -> 0.013888889 | O79: 0 | P79: 0.0069444444 | Q79: 0.59027778 | R79: =Q79-P79-K79 -> 0 | S79: 0.59027778 | T79: =VLOOKUP(E79,'[2]21-3-2026'!E$3:T$35,16,FALSE) -> 0.020833333 | U79: 0.64513889 | V79: 0 | W79: 0.03125 | X79: 0.65 | Y79: 0.66527778 | Z79: =Y79-X79 -> 0.015277778 | AA79: 0 | AB79: 0.66666667
A80: 13 | B80: 3891 | C80: =VLOOKUP(B80,داتا!$B$3:$D$107,2,FALSE) -> تلتين | D80: =VLOOKUP(B80,داتا!$B$3:$D$107,3,FALSE) -> 0.03125 | E80: الدقي | F80: احمد سعيد | G80: 0.083333333 | H80: 0.083333333 | I80: 0 | J80: 0.59722222 | K80: 0.61111111 | L80: محمد رجب | M80: محمد رجب | N80: =K80-J80 -> 0.013888889 | O80: 0 | P80: 0.0069444444 | Q80: 0.625 | R80: =Q80-P80-K80 -> 0.0069444444 | S80: 0.625 | T80: =VLOOKUP(E80,'[2]21-3-2026'!E$3:T$35,16,FALSE) -> 0.013888889 | U80: 0.6875 | V80: 0 | W80: 0.03125 | X80: 0.69097222 | Y80: 0.71319444 | Z80: =Y80-X80 -> 0.022222222 | AA80: 0 | AB80: 0.71388889
A81: 14 | B81: 3492 | C81: =VLOOKUP(B81,داتا!$B$3:$D$107,2,FALSE) -> تلتين | D81: =VLOOKUP(B81,داتا!$B$3:$D$107,3,FALSE) -> 0.03125 | E81: مسطرد | F81: مدحت محمد | G81: 0.083333333 | H81: 0.097222222 | I81: =H81-G81 -> 0.013888889 | J81: 0.56944444 | K81: 0.60763889 | L81: عبدالرحمن ابراهيم | M81: عبدالرحمن ابراهيم | N81: =K81-J81 -> 0.038194444 | O81: =N81-D81 -> 0.0069444444 | P81: 0.0069444444 | Q81: 0.60763889 | R81: 0 | S81: 0.60763889 | T81: =VLOOKUP(E81,'[2]21-3-2026'!E$3:T$35,16,FALSE) -> 0.0034722222 | U81: 0.61458333 | V81: =U81-T81-S81 -> 0.0034722222 | W81: 0.03125 | X81: 0.61805556 | Y81: 0.62847222 | Z81: =Y81-X81 -> 0.010416667 | AA81: 0 | AB81: 0.63194444
A82: 15 | B82: 3492 | C82: =VLOOKUP(B82,داتا!$B$3:$D$107,2,FALSE) -> تلتين | D82: =VLOOKUP(B82,داتا!$B$3:$D$107,3,FALSE) -> 0.03125 | E82: شبرا | F82: مدحت محمد | G82: 0.083333333 | H82: 0.097222222 | I82: =H82-G82 -> 0.013888889 | J82: 0.56944444 | K82: 0.60763889 | L82: عبدالرحمن ابراهيم | M82: عبدالرحمن ابراهيم | N82: =K82-J82 -> 0.038194444 | O82: =N82-D82 -> 0.0069444444 | P82: 0.0069444444 | Q82: 0.60763889 | R82: 0 | S82: 0.60763889 | T82: =VLOOKUP(E82,'[2]21-3-2026'!E$3:T$35,16,FALSE) -> 0.013888889 | U82: 0.64236111 | V82: 0 | W82: 0.03125 | X82: 0.64583333 | Y82: 0.66666667 | Z82: =Y82-X82 -> 0.020833333 | AA82: 0 | AB82: 0.67013889
A83: 16 | B83: 3492 | C83: =VLOOKUP(B83,داتا!$B$3:$D$107,2,FALSE) -> تلتين | D83: =VLOOKUP(B83,داتا!$B$3:$D$107,3,FALSE) -> 0.03125 | E83: الدوران | F83: مدحت محمد | G83: 0.083333333 | H83: 0.097222222 | I83: =H83-G83 -> 0.013888889 | J83: 0.56944444 | K83: 0.60763889 | L83: عبدالرحمن ابراهيم | M83: عبدالرحمن ابراهيم | N83: =K83-J83 -> 0.038194444 | O83: =N83-D83 -> 0.0069444444 | P83: 0.0069444444 | Q83: 0.60763889 | R83: 0 | S83: 0.60763889 | T83: =VLOOKUP(E83,'[2]21-3-2026'!E$3:T$35,16,FALSE) -> 0.013888889 | U83: 0.68055556 | V83: 0 | W83: 0.041666667 | X83: 0.68402778 | Y83: 0.69791667 | Z83: =Y83-X83 -> 0.013888889 | AA83: 0 | AB83: 0.70138889
A84: 17 | B84: 3891 | C84: =VLOOKUP(B84,داتا!$B$3:$D$107,2,FALSE) -> تلتين | D84: =VLOOKUP(B84,داتا!$B$3:$D$107,3,FALSE) -> 0.03125 | E84: عرابي | F84: احمد حسين | G84: 0.083333333 | H84: 0.083333333 | I84: =H84-G84 -> 0 | J84: 0.59722222 | K84: 0.61111111 | L84: محمد رجب | M84: محمد رجب | N84: =K84-J84 -> 0.013888889 | O84: 0 | P84: 0.0069444444 | Q84: 0.625 | R84: =Q84-P84-K84 -> 0.0069444444 | S84: 0.625 | T84: =VLOOKUP(E84,'[2]21-3-2026'!E$3:T$35,16,FALSE) -> 0.017361111 | U84: 0.64583333 | V84: =U84-T84-S84 -> 0.0034722222 | W84: 0.041666667 | X84: 0.64930556 | Y84: 0.67361111 | Z84: =Y84-X84 -> 0.024305556 | AA84: 0 | AB84: 0.67708333
A85: 18 | B85: 2474 | C85: =VLOOKUP(B85,داتا!$B$3:$D$107,2,FALSE) -> دبابة | D85: =VLOOKUP(B85,داتا!$B$3:$D$107,3,FALSE) -> 0.020833333 | E85: المنتزة | F85: حسين حامد | G85: 0.083333333 | H85: 0.072916667 | I85: 0 | J85: 0.5625 | K85: 0.58333333 | L85: محمد عادل | M85: محمد عادل | N85: =K85-J85 -> 0.020833333 | O85: =N85-D85 -> 3.8163916e-17 | P85: 0.0069444444 | Q85: 0.59027778 | R85: =Q85-P85-K85 -> 0 | S85: 0.59027778 | T85: =VLOOKUP(E85,'[2]21-3-2026'!E$3:T$35,16,FALSE) -> 0.010416667 | U85: 0.60763889 | V85: =U85-T85-S85 -> 0.0069444444 | W85: 0.020833333 | X85: 0.60902778 | Y85: 0.61805556 | Z85: =Y85-X85 -> 0.0090277778 | AA85: 0 | AB85: 0.62152778
A86: 19 | B86: 2474 | C86: =VLOOKUP(B86,داتا!$B$3:$D$107,2,FALSE) -> دبابة | D86: =VLOOKUP(B86,داتا!$B$3:$D$107,3,FALSE) -> 0.020833333 | E86: الكوربة | F86: حسين حامد | G86: 0.083333333 | H86: 0.072916667 | I86: 0 | J86: 0.5625 | K86: 0.58333333 | L86: محمد عادل | M86: محمد عادل | N86: =K86-J86 -> 0.020833333 | O86: =N86-D86 -> 3.8163916e-17 | P86: 0.0069444444 | Q86: 0.59027778 | R86: =Q86-P86-K86 -> 0 | S86: 0.59027778 | T86: =VLOOKUP(E86,'[2]21-3-2026'!E$3:T$35,16,FALSE) -> 0.013888889 | U86: 0.63194444 | V86: 0 | W86: 0.020833333 | X86: 0.63541667 | Y86: 0.64375 | Z86: =Y86-X86 -> 0.0083333333 | AA86: 0 | AB86: 0.64583333
A87: 20 | B87: 2474 | C87: =VLOOKUP(B87,داتا!$B$3:$D$107,2,FALSE) -> دبابة | D87: =VLOOKUP(B87,داتا!$B$3:$D$107,3,FALSE) -> 0.020833333 | E87: الشيراتون | F87: حسين حامد | G87: 0.083333333 | H87: 0.072916667 | I87: 5 | J87: 0.5625 | K87: 0.58333333 | L87: محمد عادل | M87: محمد عادل | N87: =K87-J87 -> 0.020833333 | O87: =N87-D87 -> 3.8163916e-17 | P87: 0.0069444444 | Q87: 0.59027778 | R87: =Q87-P87-K87 -> 0 | S87: 0.59027778 | T87: =VLOOKUP(E87,'[2]21-3-2026'!E$3:T$35,16,FALSE) -> 0.020833333 | U87: 0.65625 | V87: 0 | W87: 0.020833333 | X87: 0.65972222 | Y87: 0.67013889 | Z87: =Y87-X87 -> 0.010416667 | AA87: 0 | AB87: 0.67361111
A88: 21 | B88: 2474 | C88: =VLOOKUP(B88,داتا!$B$3:$D$107,2,FALSE) -> دبابة | D88: =VLOOKUP(B88,داتا!$B$3:$D$107,3,FALSE) -> 0.020833333 | E88: جاردينيا | F88: حسين حامد | G88: 0.083333333 | H88: 0.072916667 | I88: 0 | J88: 0.5625 | K88: 0.58333333 | L88: محمد عادل | M88: محمد عادل | N88: =K88-J88 -> 0.020833333 | O88: =N88-D88 -> 3.8163916e-17 | P88: 0.0069444444 | Q88: 0.59027778 | R88: =Q88-P88-K88 -> 0 | S88: 0.59027778 | T88: =VLOOKUP(E88,'[2]21-3-2026'!E$3:T$35,16,FALSE) -> 0.010416667 | U88: 0.68402778 | V88: 0 | W88: 0.03125 | X88: 0.6875 | Y88: 0.69791667 | Z88: =Y88-X88 -> 0.010416667 | AA88: 0 | AB88: 0.70138889
A89: 22 | B89: 1537 | C89: =VLOOKUP(B89,داتا!$B$3:$D$107,2,FALSE) -> تلتين | D89: =VLOOKUP(B89,داتا!$B$3:$D$107,3,FALSE) -> 0.03125 | E89: المطرية | F89: احمد سعيد | G89: 0.083333333 | H89: 0.083333333 | I89: =H89-G89 -> 0 | J89: 0.60069444 | K89: 0.61458333 | L89: محمد عادل | M89: محمد عادل | N89: =K89-J89 -> 0.013888889 | O89: 0 | P89: 0.0069444444 | Q89: 0.625 | R89: =Q89-P89-K89 -> 0.0034722222 | S89: 0.625 | T89: =VLOOKUP(E89,'[2]21-3-2026'!E$3:T$35,16,FALSE) -> 0.0048611111 | U89: 0.63333333 | V89: =U89-T89-S89 -> 0.0034722222 | W89: 0.03125 | X89: 0.63472222 | Y89: 0.65208333 | Z89: =Y89-X89 -> 0.017361111 | AA89: 0 | AB89: 0.65347222
A90: 23 | B90: 1537 | C90: =VLOOKUP(B90,داتا!$B$3:$D$107,2,FALSE) -> تلتين | D90: =VLOOKUP(B90,داتا!$B$3:$D$107,3,FALSE) -> 0.03125 | E90: السواح | F90: احمد سعيد | G90: 0.083333333 | H90: 0.083333333 | I90: =H90-G90 -> 0 | J90: 0.60069444 | K90: 0.61458333 | L90: محمد عادل | M90: محمد عادل | N90: =K90-J90 -> 0.013888889 | O90: 0 | P90: 0.0069444444 | Q90: 0.625 | R90: =Q90-P90-K90 -> 0.0034722222 | S90: 0.625 | T90: =VLOOKUP(E90,'[2]21-3-2026'!E$3:T$35,16,FALSE) -> 0.010416667 | U90: 0.65625 | V90: 0 | W90: 0.041666667 | X90: 0.66666667 | Y90: 0.68333333 | Z90: =Y90-X90 -> 0.016666667 | AA90: 0 | AB90: 0.68402778

Sheet 22-4-2026
A1: شيت دخول وخروج السيارات ايتوال عن يوم الاربعاء الموافق 22/4/2026
A2: م | B2: رقم السيارة | C2: نوع السيارة | D2: الزمن المعيارى للتحميل | E2: اسم الفرع | F2: اسم السائق | G2: وقت الحضور المقرر | H2: الحضور فعلى | I2: مدة التأخير | J2: دخول الكيدج | K2: نزول من الكيدج | L2: أخصائى الدفترى | M2: أخصائى السيستم | N2: مدة التحميل | O2: مدة انحراف التحميل | P2: الزمن المعيارى لنزول الاذن | Q2: وقت نزول الاذن | R2: مدة انحراف نزول الاذن | S2: خروج من المصنع | T2: الزمن المعيارى لدخول الفرع | U2: دخول الفرع | V2: مدة انحراف دخول الفرع | W2: الزمن المعيارى لنزول المنتجات | X2: فتح السياره | Y2: غلق السياره | Z2: الوقت المستغرق | AA2: مدة انحراف نزول المنتجات فى الفرع | AB2: خروج من الفرع | AC2: ملاحظات
A3: 1 | B3: 3495 | C3: =VLOOKUP(B3,داتا!$B$3:$D$107,2,FALSE) -> تلتين | D3: =VLOOKUP(B3,داتا!$B$3:$D$107,3,FALSE) -> 0.03125 | E3: النزهة | F3: رامي حسن | G3: 0.25 | H3: 0.22569444 | I3: 0 | J3: 0.18402778 | K3: 0.20138889 | L3: عبدالرحمن هشام | M3: عبدالرحمن هشام | N3: =K3-J3 -> 0.017361111 | O3: 0 | P3: 0.0069444444 | Q3: 0.20833333 | R3: =Q3-P3-K3 -> 0 | S3: 0.24652778 | T3: =VLOOKUP(E3,'[2]21-3-2026'!E$3:T$35,16,FALSE) -> 0.013888889 | U3: 0.26111111 | V3: =U3-T3-S3 -> 0.00069444444 | W3: 0.041666667 | X3: 0.30208333 | Y3: 0.33333333 | Z3: =Y3-X3 -> 0.03125 | AA3: 0 | AB3: 0.33680556 | AD3: رحلة اولى ( شرقى ومخبوزات وغربى )
A4: 2 | B4: 1538 | C4: =VLOOKUP(B4,داتا!$B$3:$D$107,2,FALSE) -> تلتين | D4: =VLOOKUP(B4,داتا!$B$3:$D$107,3,FALSE) -> 0.03125 | E4: اكتوبر | F4: عمرو المهدي | G4: 0.25 | H4: 0.23958333 | I4: 0 | J4: 0.20486111 | K4: 0.23611111 | L4: عبدالرحمن هشام | M4: عبدالرحمن هشام | N4: =K4-J4 -> 0.03125 | O4: =N4-D4 -> 0 | P4: 0.0069444444 | Q4: 0.24652778 | R4: =Q4-P4-K4 -> 0.0034722222 | S4: 0.25 | T4: =VLOOKUP(E4,'[2]21-3-2026'!E$3:T$35,16,FALSE) -> 0.041666667 | U4: 0.29513889 | V4: =U4-T4-S4 -> 0.0034722222 | W4: 0.041666667 | X4: 0.33333333 | Y4: 0.36458333 | Z4: =Y4-X4 -> 0.03125 | AA4: 0 | AB4: 0.36805556
A5: 3 | B5: 2714 | C5: =VLOOKUP(B5,داتا!$B$3:$D$107,2,FALSE) -> تلتين | D5: =VLOOKUP(B5,داتا!$B$3:$D$107,3,FALSE) -> 0.03125 | E5: الجسر | F5: علي النبوي | G5: 0.25 | H5: 0.26736111 | I5: =H5-G5 -> 0.017361111 | J5: 0.23958333 | K5: 0.27430556 | L5: عبدالرحمن هشام | M5: عبدالرحمن هشام | N5: =K5-J5 -> 0.034722222 | O5: =N5-D5 -> 0.0034722222 | P5: 0.0069444444 | Q5: 0.28125 | R5: =Q5-P5-K5 -> 0 | S5: 0.28472222 | T5: =VLOOKUP(E5,'[2]21-3-2026'!E$3:T$35,16,FALSE) -> 0.010416667 | U5: 0.31597222 | V5: =U5-T5-S5 -> 0.020833333 | W5: 0.041666667 | X5: 0.33819444 | Y5: 0.39930556 | Z5: =Y5-X5 -> 0.061111111 | AA5: =Z5-W5 -> 0.019444444 | AB5: 0.40625
A6: 4 | B6: 4987 | C6: =VLOOKUP(B6,داتا!$B$3:$D$107,2,FALSE) -> تلتين | D6: =VLOOKUP(B6,داتا!$B$3:$D$107,3,FALSE) -> 0.03125 | E6: العباسية | F6: محمد عباس | G6: 0.25 | H6: 0.26041667 | I6: =H6-G6 -> 0.010416667 | J6: 0.28125 | K6: 0.29166667 | L6: عبدالرحمن هشام | M6: عبدالرحمن هشام | N6: =K6-J6 -> 0.010416667 | O6: 0 | P6: 0.0069444444 | Q6: 0.29166667 | R6: 0 | S6: 0.30208333 | T6: =VLOOKUP(E6,'[2]21-3-2026'!E$3:T$35,16,FALSE) -> 0.020833333 | U6: 0.34722222 | V6: =U6-T6-S6 -> 0.024305556 | W6: 0.041666667 | X6: 0.35069444 | Y6: 0.36805556 | Z6: =Y6-X6 -> 0.017361111 | AA6: 0 | AB6: 0.37152778
A7: 5 | B7: 2917 | C7: =VLOOKUP(B7,داتا!$B$3:$D$107,2,FALSE) -> تلتين | D7: =VLOOKUP(B7,داتا!$B$3:$D$107,3,FALSE) -> 0.03125 | E7: العاشر | F7: رجب محمد | G7: 0.25 | H7: 0.23958333 | I7: 0 | J7: 0.20833333 | K7: 0.25694444 | L7: محمد علي | M7: محمد علي | N7: =K7-J7 -> 0.048611111 | O7: =N7-D7 -> 0.017361111 | P7: 0.0069444444 | Q7: 0.26736111 | R7: =Q7-P7-K7 -> 0.0034722222 | S7: 0.26388889 | T7: =VLOOKUP(E7,'[2]21-3-2026'!E$3:T$35,16,FALSE) -> 0.010416667 | U7: 0.29166667 | V7: =U7-T7-S7 -> 0.017361111 | W7: 0.03125 | X7: 0.29652778 | Y7: 0.32083333 | Z7: =Y7-X7 -> 0.024305556 | AA7: 0 | AB7: 0.32291667
A8: 6 | B8: 2917 | C8: =VLOOKUP(B8,داتا!$B$3:$D$107,2,FALSE) -> تلتين | D8: =VLOOKUP(B8,داتا!$B$3:$D$107,3,FALSE) -> 0.03125 | E8: المعادي 1 | F8: رجب محمد | G8: 0.25 | H8: 0.23958333 | I8: 0 | J8: 0.20833333 | K8: 0.25694444 | L8: محمد علي | M8: محمد علي | N8: =K8-J8 -> 0.048611111 | O8: =N8-D8 -> 0.017361111 | P8: 0.0069444444 | Q8: 0.26736111 | R8: =Q8-P8-K8 -> 0.0034722222 | S8: 0.26388889 | T8: =VLOOKUP(E8,'[2]21-3-2026'!E$3:T$35,16,FALSE) -> 0.034722222 | U8: 0.33333333 | V8: 0 | W8: 0.041666667 | X8: 0.34027778 | Y8: 0.37152778 | Z8: =Y8-X8 -> 0.03125 | AA8: 0 | AB8: 0.375
A9: 7 | B9: 3793 | C9: =VLOOKUP(B9,داتا!$B$3:$D$107,2,FALSE) -> دبابة | D9: =VLOOKUP(B9,داتا!$B$3:$D$107,3,FALSE) -> 0.020833333 | E9: المعادي 2 | F9: محمد مراد | G9: 0.25 | H9: 0.26388889 | I9: =H9-G9 -> 0.013888889 | J9: 0.26388889 | K9: 0.27430556 | L9: محمد علي | M9: محمد علي | N9: =K9-J9 -> 0.010416667 | O9: 0 | P9: 0.0069444444 | Q9: 0.28819444 | R9: =Q9-P9-K9 -> 0.0069444444 | S9: 0.28472222 | T9: =VLOOKUP(E9,'[2]21-3-2026'!E$3:T$35,16,FALSE) -> 0.034722222 | U9: 0.32291667 | V9: =U9-T9-S9 -> 0.0034722222 | W9: 0.03125 | X9: 0.33680556 | Y9: 0.36458333 | Z9: =Y9-X9 -> 0.027777778 | AA9: 0 | AB9: 0.36805556
A10: 8 | B10: 5898 | C10: =VLOOKUP(B10,داتا!$B$3:$D$107,2,FALSE) -> تلتين | D10: =VLOOKUP(B10,داتا!$B$3:$D$107,3,FALSE) -> 0.03125 | E10: مكرم | F10: علاء مجدي | G10: 0.25 | H10: 0.23958333 | I10: 0 | J10: 0.1875 | K10: 0.21527778 | L10: مصطفى ابراهيم | M10: مصطفى ابراهيم | N10: =K10-J10 -> 0.027777778 | O10: 0 | P10: 0.0069444444 | Q10: 0.22916667 | R10: =Q10-P10-K10 -> 0.0069444444 | S10: 0.26388889 | T10: =VLOOKUP(E10,'[2]21-3-2026'!E$3:T$35,16,FALSE) -> 0.017361111 | U10: 0.28819444 | V10: =U10-T10-S10 -> 0.0069444444 | W10: 0.03125 | X10: 0.29166667 | Y10: 0.32986111 | Z10: =Y10-X10 -> 0.038194444 | AA10: =Z10-W10 -> 0.0069444444 | AB10: 0.33333333
A11: 9 | B11: 5898 | C11: =VLOOKUP(B11,داتا!$B$3:$D$107,2,FALSE) -> تلتين | D11: =VLOOKUP(B11,داتا!$B$3:$D$107,3,FALSE) -> 0.03125 | E11: جاردينيا | F11: علاء مجدي | G11: 0.25 | H11: 0.23958333 | I11: 0 | J11: 0.1875 | K11: 0.21527778 | L11: مصطفى ابراهيم | M11: مصطفى ابراهيم | N11: =K11-J11 -> 0.027777778 | O11: 0 | P11: 0.0069444444 | Q11: 0.22916667 | R11: =Q11-P11-K11 -> 0.0069444444 | S11: 0.26388889 | T11: =VLOOKUP(E11,'[2]21-3-2026'!E$3:T$35,16,FALSE) -> 0.010416667 | U11: 0.34027778 | V11: 0 | W11: 0.041666667 | X11: 0.34375 | Y11: 0.37847222 | Z11: =Y11-X11 -> 0.034722222 | AA11: 0 | AB11: 0.38194444
A12: 10 | B12: 7464 | C12: =VLOOKUP(B12,داتا!$B$3:$D$107,2,FALSE) -> تلتين | D12: =VLOOKUP(B12,داتا!$B$3:$D$107,3,FALSE) -> 0.03125 | E12: الشروق | F12: عمرو محمد | G12: 0.25 | H12: 0.25 | I12: 0 | J12: 0.22916667 | K12: 0.25694444 | L12: مصطفى ابراهيم | M12: مصطفى ابراهيم | N12: =K12-J12 -> 0.027777778 | O12: 0 | P12: 0.0069444444 | Q12: 0.26736111 | R12: =Q12-P12-K12 -> 0.0034722222 | S12: 0.26388889 | T12: =VLOOKUP(E12,'[2]21-3-2026'!E$3:T$35,16,FALSE) -> 0.034722222 | U12: 0.29861111 | V12: =U12-T12-S12 -> 0 | W12: 0.03125 | X12: 0.33472222 | Y12: 0.36111111 | Z12: =Y12-X12 -> 0.026388889 | AA12: 0 | AB12: 0.36319444
A13: 11 | B13: 7464 | C13: =VLOOKUP(B13,داتا!$B$3:$D$107,2,FALSE) -> تلتين | D13: =VLOOKUP(B13,داتا!$B$3:$D$107,3,FALSE) -> 0.03125 | E13: الشروق 3 | F13: عمرو محمد | G13: 0.25 | H13: 0.25 | I13: 0 | J13: 0.22916667 | K13: 0.25694444 | L13: مصطفى ابراهيم | M13: مصطفى ابراهيم | N13: =K13-J13 -> 0.027777778 | O13: 0 | P13: 0.0069444444 | Q13: 0.26736111 | R13: =Q13-P13-K13 -> 0.0034722222 | S13: 0.26388889 | T13: =VLOOKUP(E13,'[2]21-3-2026'!E$3:T$35,16,FALSE) -> 0.038194444 | U13: 0.37847222 | V13: 0 | W13: 0.041666667 | X13: 0.38194444 | Y13: 0.41319444 | Z13: =Y13-X13 -> 0.03125 | AA13: 0 | AB13: 0.41666667
A14: 12 | B14: 4879 | C14: =VLOOKUP(B14,داتا!$B$3:$D$107,2,FALSE) -> دبابة | D14: =VLOOKUP(B14,داتا!$B$3:$D$107,3,FALSE) -> 0.020833333 | E14: المطرية | F14: جمال فؤاد | G14: 0.25 | H14: 0.25 | I14: =H14-G14 -> 0 | J14: 0.26736111 | K14: 0.28125 | L14: مصطفى ابراهيم | M14: مصطفى ابراهيم | N14: =K14-J14 -> 0.013888889 | O14: 0 | P14: 0.0069444444 | Q14: 0.28472222 | R14: 0 | S14: 0.28472222 | T14: =VLOOKUP(E14,'[2]21-3-2026'!E$3:T$35,16,FALSE) -> 0.0048611111 | U14: 0.29861111 | V14: =U14-T14-S14 -> 0.0090277778 | W14: 0.03125 | X14: 0.33333333 | Y14: 0.36458333 | Z14: =Y14-X14 -> 0.03125 | AA14: =Z14-W14 -> 0 | AB14: 0.36736111
A15: 13 | B15: 1454 | C15: =VLOOKUP(B15,داتا!$B$3:$D$107,2,FALSE) -> تلتين | D15: =VLOOKUP(B15,داتا!$B$3:$D$107,3,FALSE) -> 0.03125 | E15: الدقي | F15: احمد فوزي | G15: 0.25 | H15: 0.25 | I15: 0 | J15: 0.1875 | K15: 0.22569444 | L15: عمر الجوهري | M15: عمر الجوهري | N15: =K15-J15 -> 0.038194444 | O15: =N15-D15 -> 0.0069444444 | P15: 0.0069444444 | Q15: 0.23263889 | R15: =Q15-P15-K15 -> 0 | S15: 0.26041667 | T15: =VLOOKUP(E15,'[2]21-3-2026'!E$3:T$35,16,FALSE) -> 0.013888889 | U15: 0.28819444 | V15: =U15-T15-S15 -> 0.013888889 | W15: 0.03125 | X15: 0.29513889 | Y15: 0.33333333 | Z15: =Y15-X15 -> 0.038194444 | AA15: =Z15-W15 -> 0.0069444444 | AB15: 0.33680556
A16: 14 | B16: 1454 | C16: =VLOOKUP(B16,داتا!$B$3:$D$107,2,FALSE) -> تلتين | D16: =VLOOKUP(B16,داتا!$B$3:$D$107,3,FALSE) -> 0.03125 | E16: عرابي | F16: احمد فوزي | G16: 0.25 | H16: 0.25 | I16: 0 | J16: 0.1875 | K16: 0.22569444 | L16: عمر الجوهري | M16: عمر الجوهري | N16: =K16-J16 -> 0.038194444 | O16: =N16-D16 -> 0.0069444444 | P16: 0.0069444444 | Q16: 0.23263889 | R16: =Q16-P16-K16 -> 0 | S16: 0.26041667 | T16: =VLOOKUP(E16,'[2]21-3-2026'!E$3:T$35,16,FALSE) -> 0.017361111 | U16: 0.34375 | V16: 0 | W16: 0.041666667 | X16: 0.35069444 | Y16: 0.39236111 | Z16: =Y16-X16 -> 0.041666667 | AA16: =Z16-W16 -> 0 | AB16: 0.39583333
A17: 15 | B17: 2694 | C17: =VLOOKUP(B17,داتا!$B$3:$D$107,2,FALSE) -> تلتين | D17: =VLOOKUP(B17,داتا!$B$3:$D$107,3,FALSE) -> 0.03125 | E17: الوايلي | F17: رضا معروف | G17: 0.25 | H17: 0.25 | I17: =H17-G17 -> 0 | J17: 0.23263889 | K17: 0.25694444 | L17: عمر الجوهري | M17: عمر الجوهري | N17: =K17-J17 -> 0.024305556 | O17: 0 | P17: 0.0069444444 | Q17: 0.26041667 | R17: 0 | S17: 0.26041667 | T17: =VLOOKUP(E17,'[2]21-3-2026'!E$3:T$35,16,FALSE) -> 0.010416667 | U17: 0.27430556 | V17: =U17-T17-S17 -> 0.0034722222 | W17: 0.03125 | X17: 0.30277778 | Y17: 0.32638889 | Z17: =Y17-X17 -> 0.023611111 | AA17: 0 | AB17: 0.32986111
A18: 16 | B18: 2694 | C18: =VLOOKUP(B18,داتا!$B$3:$D$107,2,FALSE) -> تلتين | D18: =VLOOKUP(B18,داتا!$B$3:$D$107,3,FALSE) -> 0.03125 | E18: المنتزة | F18: رضا معروف | G18: 0.25 | H18: 0.25 | I18: =H18-G18 -> 0 | J18: 0.23263889 | K18: 0.25694444 | L18: عمر الجوهري | M18: عمر الجوهري | N18: =K18-J18 -> 0.024305556 | O18: 0 | P18: 0.0069444444 | Q18: 0.26041667 | R18: 0 | S18: 0.26041667 | T18: =VLOOKUP(E18,'[2]21-3-2026'!E$3:T$35,16,FALSE) -> 0.010416667 | U18: 0.35069444 | V18: 0.010416667 | W18: 0.041666667 | X18: 0.35416667 | Y18: 0.37083333 | Z18: =Y18-X18 -> 0.016666667 | AA18: 0 | AB18: 0.38194444
A19: 17 | B19: 3783 | C19: =VLOOKUP(B19,داتا!$B$3:$D$107,2,FALSE) -> دبابة | D19: =VLOOKUP(B19,داتا!$B$3:$D$107,3,FALSE) -> 0.020833333 | E19: الوسط | F19: الشناوي سرور | G19: 0.25 | H19: 0.25 | I19: =H19-G19 -> 0 | J19: 0.26041667 | K19: 0.27083333 | L19: عمر الجوهري | M19: عمر الجوهري | N19: =K19-J19 -> 0.010416667 | O19: 0 | P19: 0.0069444444 | Q19: 0.28125 | R19: 5 | S19: 0.28472222 | T19: =VLOOKUP(E19,'[2]21-3-2026'!E$3:T$35,16,FALSE) -> 0.017361111 | U19: 0.29861111 | V19: 0 | W19: 0.03125 | X19: 0.30208333 | Y19: 0.31944444 | Z19: =Y19-X19 -> 0.017361111 | AA19: 0 | AB19: 0.32291667
A20: 18 | B20: 796 | C20: =VLOOKUP(B20,داتا!$B$3:$D$107,2,FALSE) -> دبابة | D20: =VLOOKUP(B20,داتا!$B$3:$D$107,3,FALSE) -> 0.020833333 | E20: الشريف | F20: عمرو عبدالرحمن | G20: 0.25 | H20: 0.27083333 | I20: =H20-G20 -> 0.020833333 | J20: 0.27430556 | K20: 0.29166667 | L20: عمر الجوهري | M20: عمر الجوهري | N20: =K20-J20 -> 0.017361111 | O20: 0 | P20: 0.0069444444 | Q20: 0.29166667 | R20: 0 | S20: 0.30555556 | T20: =VLOOKUP(E20,'[2]21-3-2026'!E$3:T$35,16,FALSE) -> 0.017361111 | U20: 0.32638889 | V20: =U20-T20-S20 -> 0.0034722222 | W20: 0.03125 | X20: 0.33819444 | Y20: 0.37083333 | Z20: =Y20-X20 -> 0.032638889 | AA20: =Z20-W20 -> 0.0013888889 | AB20: 0.375
A21: 19 | B21: 1537 | C21: =VLOOKUP(B21,داتا!$B$3:$D$107,2,FALSE) -> تلتين | D21: =VLOOKUP(B21,داتا!$B$3:$D$107,3,FALSE) -> 0.03125 | E21: فيصل | F21: اسامه مصطفى | G21: 0.25 | H21: 0.24305556 | I21: 0 | J21: 0.18402778 | K21: 0.21527778 | L21: محمد صادق | M21: محمد صادق | N21: =K21-J21 -> 0.03125 | O21: =N21-D21 -> 0 | P21: 0.0069444444 | Q21: 0.22222222 | R21: =Q21-P21-K21 -> 0 | S21: 0.26736111 | T21: =VLOOKUP(E21,'[2]21-3-2026'!E$3:T$35,16,FALSE) -> 0.034722222 | U21: 0.30277778 | V21: =U21-T21-S21 -> 0.00069444444 | W21: 0.041666667 | X21: 0.30555556 | Y21: 0.34513889 | Z21: =Y21-X21 -> 0.039583333 | AA21: 0 | AB21: 0.35069444
A22: 20 | B22: 3492 | C22: =VLOOKUP(B22,داتا!$B$3:$D$107,2,FALSE) -> تلتين | D22: =VLOOKUP(B22,داتا!$B$3:$D$107,3,FALSE) -> 0.03125 | E22: الطوابق | F22: علي الشحات | G22: 0.25 | H22: 0.24305556 | I22: 0 | J22: 0.21875 | K22: 0.24305556 | L22: محمد صادق | M22: محمد صادق | N22: =K22-J22 -> 0.024305556 | O22: 0 | P22: 0.0069444444 | Q22: 0.25 | R22: =Q22-P22-K22 -> 0 | S22: 0.26736111 | T22: =VLOOKUP(E22,'[2]21-3-2026'!E$3:T$35,16,FALSE) -> 0.034722222 | U22: 0.31597222 | V22: =U22-T22-S22 -> 0.013888889 | W22: 0.041666667 | X22: 0.34166667 | Y22: 0.38194444 | Z22: =Y22-X22 -> 0.040277778 | AA22: 0 | AB22: 0.38333333
A23: 21 | B23: 634 | C23: =VLOOKUP(B23,داتا!$B$3:$D$107,2,FALSE) -> دبابة | D23: =VLOOKUP(B23,داتا!$B$3:$D$107,3,FALSE) -> 0.020833333 | E23: الشيراتون | F23: احمد عواد | G23: 0.25 | H23: 0.22222222 | I23: 0 | J23: 0.24305556 | K23: 0.26736111 | L23: محمد صادق | M23: محمد صادق | N23: =K23-J23 -> 0.024305556 | O23: =N23-D23 -> 0.0034722222 | P23: 0.0069444444 | Q23: 0.26388889 | R23: 0 | S23: 0.26736111 | T23: =VLOOKUP(E23,'[2]21-3-2026'!E$3:T$35,16,FALSE) -> 0.020833333 | U23: 0.29166667 | V23: =U23-T23-S23 -> 0.0034722222 | W23: 0.03125 | X23: 0.33333333 | Y23: 0.36111111 | Z23: =Y23-X23 -> 0.027777778 | AA23: 0 | AB23: 0.36458333
A24: 22 | B24: 675 | C24: =VLOOKUP(B24,داتا!$B$3:$D$107,2,FALSE) -> جامبو | D24: =VLOOKUP(B24,داتا!$B$3:$D$107,3,FALSE) -> 0.041666667 | E24: السواح | F24: عبدالرحمن عاطف | G24: 0.25 | H24: 0.25 | I24: =H24-G24 -> 0 | J24: 0.27083333 | K24: 0.29861111 | L24: محمد صادق | M24: محمد صادق | N24: =K24-J24 -> 0.027777778 | O24: 0 | P24: 0.0069444444 | Q24: 0.29166667 | R24: 0 | S24: 0.30208333 | T24: =VLOOKUP(E24,'[2]21-3-2026'!E$3:T$35,16,FALSE) -> 0.010416667 | U24: 0.31944444 | V24: =U24-T24-S24 -> 0.0069444444 | W24: 0.0625 | X24: 0.33680556 | Y24: 0.38194444 | Z24: =Y24-X24 -> 0.045138889 | AA24: 0 | AB24: 0.38541667
A25: 23 | B25: 2695 | C25: =VLOOKUP(B25,داتا!$B$3:$D$107,2,FALSE) -> تلتين | D25: =VLOOKUP(B25,داتا!$B$3:$D$107,3,FALSE) -> 0.03125 | E25: التجمع 1 | F25: وائل علي | G25: 0.25 | H25: 0.25 | I25: =H25-G25 -> 0 | J25: 0.1875 | K25: 0.21180556 | L25: احمد خيري | M25: احمد خيري | N25: =K25-J25 -> 0.024305556 | O25: 0 | P25: 0.0069444444 | Q25: 0.25 | R25: =Q25-P25-K25 -> 0.03125 | S25: 0.25347222 | T25: =VLOOKUP(E25,'[2]21-3-2026'!E$3:T$35,16,FALSE) -> 0.024305556 | U25: 0.28472222 | V25: =U25-T25-S25 -> 0.0069444444 | W25: 0.03125 | X25: 0.30555556 | Y25: 0.32638889 | Z25: =Y25-X25 -> 0.020833333 | AA25: 0 | AB25: 0.32986111
A26: 24 | B26: 2695 | C26: =VLOOKUP(B26,داتا!$B$3:$D$107,2,FALSE) -> تلتين | D26: =VLOOKUP(B26,داتا!$B$3:$D$107,3,FALSE) -> 0.03125 | E26: التجمع 5 | F26: وائل علي | G26: 0.25 | H26: 0.25 | I26: =H26-G26 -> 0 | J26: 0.1875 | K26: 0.21180556 | L26: احمد خيري | M26: احمد خيري | N26: =K26-J26 -> 0.024305556 | O26: 0 | P26: 0.0069444444 | Q26: 0.25 | R26: =Q26-P26-K26 -> 0.03125 | S26: 0.25347222 | T26: =VLOOKUP(E26,'[2]21-3-2026'!E$3:T$35,16,FALSE) -> 0.010416667 | U26: 0.34722222 | V26: 0.0069444444 | W26: 0.041666667 | X26: 0.35069444 | Y26: 0.37847222 | Z26: =Y26-X26 -> 0.027777778 | AA26: 0 | AB26: 0.38194444
A27: 25 | B27: 586 | C27: =VLOOKUP(B27,داتا!$B$3:$D$107,2,FALSE) -> سوزوكي | D27: =VLOOKUP(B27,داتا!$B$3:$D$107,3,FALSE) -> 0.020833333 | E27: الدوران | F27: خالد عبدة | G27: 0.25 | H27: 0.26388889 | I27: =H27-G27 -> 0.013888889 | J27: 0.21527778 | K27: 0.21875 | L27: احمد خيري | M27: احمد خيري | N27: =K27-J27 -> 0.0034722222 | O27: 0 | P27: 0.0069444444 | Q27: 0.21875 | R27: 0 | S27: 0.27083333 | T27: =VLOOKUP(E27,'[2]21-3-2026'!E$3:T$35,16,FALSE) -> 0.013888889 | U27: 0.28819444 | V27: =U27-T27-S27 -> 0.0034722222 | W27: 0.03125 | X27: 0.34027778 | Y27: 0.35277778 | Z27: =Y27-X27 -> 0.0125 | AA27: 0 | AB27: 0.35416667
A28: 26 | B28: 6143 | C28: =VLOOKUP(B28,داتا!$B$3:$D$107,2,FALSE) -> تلتين | D28: =VLOOKUP(B28,داتا!$B$3:$D$107,3,FALSE) -> 0.03125 | E28: شبرا | F28: محمد حسان | G28: 0.25 | H28: 0.23958333 | I28: 0 | J28: 0.22222222 | K28: 0.23958333 | L28: احمد خيري | M28: احمد خيري | N28: =K28-J28 -> 0.017361111 | O28: 0 | P28: 0.0069444444 | Q28: 0.25694444 | R28: =Q28-P28-K28 -> 0.010416667 | S28: 0.30208333 | T28: =VLOOKUP(E28,'[2]21-3-2026'!E$3:T$35,16,FALSE) -> 0.013888889 | U28: 0.31944444 | V28: =U28-T28-S28 -> 0.0034722222 | W28: 0.03125 | X28: 0.34027778 | Y28: 0.36111111 | Z28: =Y28-X28 -> 0.020833333 | AA28: 0 | AB28: 0.36458333
A29: 27 | B29: 6143 | C29: =VLOOKUP(B29,داتا!$B$3:$D$107,2,FALSE) -> تلتين | D29: =VLOOKUP(B29,داتا!$B$3:$D$107,3,FALSE) -> 0.03125 | E29: الدوران | F29: محمد حسان | G29: 0.25 | H29: 0.23958333 | I29: 0 | J29: 0.22222222 | K29: 0.23958333 | L29: احمد خيري | M29: احمد خيري | N29: =K29-J29 -> 0.017361111 | O29: 0 | P29: 0.0069444444 | Q29: 0.25694444 | R29: =Q29-P29-K29 -> 0.010416667 | S29: 0.30208333 | T29: =VLOOKUP(E29,'[2]21-3-2026'!E$3:T$35,16,FALSE) -> 0.013888889 | U29: 0.37847222 | V29: 0.0034722222 | W29: 0.041666667 | X29: 0.38541667 | Y29: 0.40833333 | Z29: =Y29-X29 -> 0.022916667 | AA29: 0 | AB29: 0.40972222
A30: 28 | B30: 9198 | C30: =VLOOKUP(B30,داتا!$B$3:$D$107,2,FALSE) -> دبابة | D30: =VLOOKUP(B30,داتا!$B$3:$D$107,3,FALSE) -> 0.020833333 | E30: مسطرد | F30: كريم محمود | G30: 0.25 | H30: 0.27083333 | I30: =H30-G30 -> 0.020833333 | J30: 0.24652778 | K30: 0.25694444 | L30: احمد خيري | M30: احمد خيري | N30: =K30-J30 -> 0.010416667 | O30: 0 | P30: 0.0069444444 | Q30: 0.26736111 | R30: =Q30-P30-K30 -> 0.0034722222 | S30: 0.29513889 | T30: =VLOOKUP(E30,'[2]21-3-2026'!E$3:T$35,16,FALSE) -> 0.0034722222 | U30: 0.29861111 | V30: =U30-T30-S30 -> 0 | W30: 0.03125 | X30: 0.33333333 | Y30: 0.37847222 | Z30: =Y30-X30 -> 0.045138889 | AA30: =Z30-W30 -> 0.013888889 | AB30: 0.38194444
A31: 29 | B31: 459 | C31: =VLOOKUP(B31,داتا!$B$3:$D$107,2,FALSE) -> دبابة | D31: =VLOOKUP(B31,داتا!$B$3:$D$107,3,FALSE) -> 0.020833333 | E31: الكوربة | F31: محمود عبدالفتاح | G31: 0.25 | H31: 0.29166667 | I31: =H31-G31 -> 0.041666667 | J31: 0.27430556 | K31: 0.28819444 | L31: احمد خيري | M31: احمد خيري | N31: =K31-J31 -> 0.013888889 | O31: 0 | P31: 0.0069444444 | Q31: 0.29166667 | R31: 0 | S31: 0.29861111 | T31: =VLOOKUP(E31,'[2]21-3-2026'!E$3:T$35,16,FALSE) -> 0.013888889 | U31: 0.33333333 | V31: =U31-T31-S31 -> 0.020833333 | W31: 0.03125 | X31: 0.33680556 | Y31: 0.36458333 | Z31: =Y31-X31 -> 0.027777778 | AA31: 0 | AB31: 0.36805556
A32: 30 | B32: 6142 | C32: =VLOOKUP(B32,داتا!$B$3:$D$107,2,FALSE) -> تلتين | D32: =VLOOKUP(B32,داتا!$B$3:$D$107,3,FALSE) -> 0.03125 | E32: عباس | F32: سيد العسال | G32: 0.25 | H32: 0.25 | I32: =H32-G32 -> 0 | J32: 0.1875 | K32: 0.22222222 | L32: سيد رزق | M32: احمد امام | N32: =K32-J32 -> 0.034722222 | O32: =N32-D32 -> 0.0034722222 | P32: 0.0069444444 | Q32: 0.22569444 | R32: 0 | S32: 0.25694444 | T32: =VLOOKUP(E32,'[2]21-3-2026'!E$3:T$35,16,FALSE) -> 0.017361111 | U32: 0.27430556 | V32: =U32-T32-S32 -> 0 | W32: 0.03125 | X32: 0.29375 | Y32: 0.32638889 | Z32: =Y32-X32 -> 0.032638889 | AA32: =Z32-W32 -> 0.0013888889 | AB32: 0.32847222
A33: 31 | B33: 6142 | C33: =VLOOKUP(B33,داتا!$B$3:$D$107,2,FALSE) -> تلتين | D33: =VLOOKUP(B33,داتا!$B$3:$D$107,3,FALSE) -> 0.03125 | E33: الميرغني | F33: سيد العسال | G33: 0.25 | H33: 0.25 | I33: =H33-G33 -> 0 | J33: 0.1875 | K33: 0.22222222 | L33: سيد رزق | M33: احمد امام | N33: =K33-J33 -> 0.034722222 | O33: =N33-D33 -> 0.0034722222 | P33: 0.0069444444 | Q33: 0.22569444 | R33: 0 | S33: 0.25694444 | T33: =VLOOKUP(E33,'[2]21-3-2026'!E$3:T$35,16,FALSE) -> 0.013888889 | U33: 0.34027778 | V33: 0 | W33: 0.041666667 | X33: 0.34375 | Y33: 0.37152778 | Z33: =Y33-X33 -> 0.027777778 | AA33: 0 | AB33: 0.375
A34: 32 | B34: 3787 | C34: =VLOOKUP(B34,داتا!$B$3:$D$107,2,FALSE) -> دبابة | D34: =VLOOKUP(B34,داتا!$B$3:$D$107,3,FALSE) -> 0.020833333 | E34: العاشر من رمضان | F34: صبري امام | G34: 0.25 | H34: 0.25 | I34: =H34-G34 -> 0 | J34: 0.22569444 | K34: 0.24652778 | L34: سيد رزق | M34: احمد امام | N34: =K34-J34 -> 0.020833333 | O34: =N34-D34 -> 4.1633363e-17 | P34: 0.0069444444 | Q34: 0.25694444 | R34: =Q34-P34-K34 -> 0.0034722222 | S34: 0.25694444 | T34: =VLOOKUP(E34,'[2]21-3-2026'!E$3:T$35,16,FALSE) -> 0.0625 | U34: 0.30555556 | V34: 0 | W34: 0.03125 | X34: 0.33125 | Y34: 0.37222222 | Z34: =Y34-X34 -> 0.040972222 | AA34: =Z34-W34 -> 0.0097222222 | AB34: 0.375
A35: 33 | B35: 3891 | C35: =VLOOKUP(B35,داتا!$B$3:$D$107,2,FALSE) -> تلتين | D35: =VLOOKUP(B35,داتا!$B$3:$D$107,3,FALSE) -> 0.03125 | E35: العبور | F35: محمد صلاح | G35: 0.25 | H35: 0.23958333 | I35: 0 | J35: 0.25 | K35: 0.26736111 | L35: سيد رزق | M35: احمد امام | N35: =K35-J35 -> 0.017361111 | O35: 0 | P35: 0.0069444444 | Q35: 0.27430556 | R35: =Q35-P35-K35 -> 0 | S35: 0.27083333 | T35: =VLOOKUP(E35,'[2]21-3-2026'!E$3:T$35,16,FALSE) -> 0.027777778 | U35: 0.30208333 | V35: =U35-T35-S35 -> 0.0034722222 | W35: 0.041666667 | X35: 0.31597222 | Y35: 0.36388889 | Z35: =Y35-X35 -> 0.047916667 | AA35: =Z35-W35 -> 0.00625 | AB35: 0.36597222
A36: 1 | B36: 1537 | C36: =VLOOKUP(B36,داتا!$B$3:$D$107,2,FALSE) -> تلتين | D36: =VLOOKUP(B36,داتا!$B$3:$D$107,3,FALSE) -> 0.03125 | E36: شبرا | F36: اسامه مصطفى | G36: 0.25 | H36: =VLOOKUP(F36,$F$3:$H$35,3,FALSE) -> 0.24305556 | I36: 0 | J36: 0.39930556 | K36: 0.42361111 | L36: حسام خليل | M36: حسام خليل | N36: =K36-J36 -> 0.024305556 | O36: 0 | P36: 0.0069444444 | Q36: 0.42708333 | R36: 0 | S36: 0.42708333 | T36: =VLOOKUP(E36,'[2]21-3-2026'!E$3:T$35,16,FALSE) -> 0.013888889 | U36: 0.44444444 | V36: =U36-T36-S36 -> 0.0034722222 | W36: 0.03125 | X36: 0.44791667 | Y36: 0.46875 | Z36: =Y36-X36 -> 0.020833333 | AA36: 0 | AB36: 0.47013889 | AD36: رحلة ثانية ( شرقى وغربى ومخبوزات )
A37: 2 | B37: 1537 | C37: =VLOOKUP(B37,داتا!$B$3:$D$107,2,FALSE) -> تلتين | D37: =VLOOKUP(B37,داتا!$B$3:$D$107,3,FALSE) -> 0.03125 | E37: الدوران | F37: اسامه مصطفى | G37: 0.25 | H37: =VLOOKUP(F37,$F$3:$H$35,3,FALSE) -> 0.24305556 | I37: 0 | J37: 0.39930556 | K37: 0.42361111 | L37: حسام خليل | M37: حسام خليل | N37: =K37-J37 -> 0.024305556 | O37: 0 | P37: 0.0069444444 | Q37: 0.42708333 | R37: 0 | S37: 0.42708333 | T37: =VLOOKUP(E37,'[2]21-3-2026'!E$3:T$35,16,FALSE) -> 0.013888889 | U37: 0.48472222 | V37: 0 | W37: 0.041666667 | X37: 0.48611111 | Y37: 0.50486111 | Z37: =Y37-X37 -> 0.01875 | AA37: 0 | AB37: 0.50694444
A38: 3 | B38: 3891 | C38: =VLOOKUP(B38,داتا!$B$3:$D$107,2,FALSE) -> تلتين | D38: =VLOOKUP(B38,داتا!$B$3:$D$107,3,FALSE) -> 0.03125 | E38: التجمع 1 | F38: محمد صلاح | G38: 0.25 | H38: =VLOOKUP(F38,$F$3:$H$35,3,FALSE) -> 0.23958333 | I38: 0 | J38: 0.42708333 | K38: 0.46180556 | L38: حسام خليل | M38: حسام خليل | N38: =K38-J38 -> 0.034722222 | O38: =N38-D38 -> 0.0034722222 | P38: 0.0069444444 | Q38: 0.47569444 | R38: =Q38-P38-K38 -> 0.0069444444 | S38: 0.47569444 | T38: =VLOOKUP(E38,'[2]21-3-2026'!E$3:T$35,16,FALSE) -> 0.024305556 | U38: 0.5 | V38: =U38-T38-S38 -> 0 | W38: 0.03125 | X38: 0.50347222 | Y38: 0.52430556 | Z38: =Y38-X38 -> 0.020833333 | AA38: 0 | AB38: 0.52777778
A39: 4 | B39: 3891 | C39: =VLOOKUP(B39,داتا!$B$3:$D$107,2,FALSE) -> تلتين | D39: =VLOOKUP(B39,داتا!$B$3:$D$107,3,FALSE) -> 0.03125 | E39: التجمع 5 | F39: محمد صلاح | G39: 0.25 | H39: =VLOOKUP(F39,$F$3:$H$35,3,FALSE) -> 0.23958333 | I39: 0 | J39: 0.42708333 | K39: 0.46180556 | L39: حسام خليل | M39: حسام خليل | N39: =K39-J39 -> 0.034722222 | O39: =N39-D39 -> 0.0034722222 | P39: 0.0069444444 | Q39: 0.47569444 | R39: =Q39-P39-K39 -> 0.0069444444 | S39: 0.47569444 | T39: =VLOOKUP(E39,'[2]21-3-2026'!E$3:T$35,16,FALSE) -> 0.010416667 | U39: 0.54513889 | V39: 0 | W39: 0.041666667 | X39: 0.54861111 | Y39: 0.56944444 | Z39: =Y39-X39 -> 0.020833333 | AA39: 0 | AB39: 0.57291667
A40: 5 | B40: 2714 | C40: =VLOOKUP(B40,داتا!$B$3:$D$107,2,FALSE) -> تلتين | D40: =VLOOKUP(B40,داتا!$B$3:$D$107,3,FALSE) -> 0.03125 | E40: فيصل | F40: علي النبوي | G40: 0.25 | H40: =VLOOKUP(F40,$F$3:$H$35,3,FALSE) -> 0.26736111 | I40: =H40-G40 -> 0.017361111 | J40: 0.47916667 | K40: 0.50347222 | L40: حسام خليل | M40: حسام خليل | N40: =K40-J40 -> 0.024305556 | O40: 0 | P40: 0.0069444444 | Q40: 0.50694444 | R40: 0 | S40: 0.50694444 | T40: =VLOOKUP(E40,'[2]21-3-2026'!E$3:T$35,16,FALSE) -> 0.034722222 | U40: 0.53472222 | V40: 0 | W40: 0.041666667 | X40: 0.53819444 | Y40: 0.57638889 | Z40: =Y40-X40 -> 0.038194444 | AA40: 0 | AB40: 0.57986111
A41: 6 | B41: 3495 | C41: =VLOOKUP(B41,داتا!$B$3:$D$107,2,FALSE) -> تلتين | D41: =VLOOKUP(B41,داتا!$B$3:$D$107,3,FALSE) -> 0.03125 | E41: الميرغني | F41: رامي حسن | G41: 0.25 | H41: =VLOOKUP(F41,$F$3:$H$35,3,FALSE) -> 0.22569444 | I41: 0 | J41: 0.40625 | K41: 0.42361111 | L41: محمد فؤاد | M41: محمد فؤاد | N41: =K41-J41 -> 0.017361111 | O41: 0 | P41: 0.0069444444 | Q41: 0.43055556 | R41: =Q41-P41-K41 -> 0 | S41: 0.43055556 | T41: =VLOOKUP(E41,'[2]21-3-2026'!E$3:T$35,16,FALSE) -> 0.013888889 | U41: 0.45138889 | V41: =U41-T41-S41 -> 0.0069444444 | W41: 0.03125 | X41: 0.45486111 | Y41: 0.47569444 | Z41: =Y41-X41 -> 0.020833333 | AA41: 0 | AB41: 0.47916667
A42: 7 | B42: 3495 | C42: =VLOOKUP(B42,داتا!$B$3:$D$107,2,FALSE) -> تلتين | D42: =VLOOKUP(B42,داتا!$B$3:$D$107,3,FALSE) -> 0.03125 | E42: عباس | F42: رامي حسن | G42: 0.25 | H42: =VLOOKUP(F42,$F$3:$H$35,3,FALSE) -> 0.22569444 | I42: 0 | J42: 0.40625 | K42: 0.42361111 | L42: محمد فؤاد | M42: محمد فؤاد | N42: =K42-J42 -> 0.017361111 | O42: 0 | P42: 0.0069444444 | Q42: 0.43055556 | R42: =Q42-P42-K42 -> 0 | S42: 0.43055556 | T42: 0.010416667 | U42: 0.48263889 | V42: 0 | W42: 0.041666667 | X42: 0.48611111 | Y42: 0.50694444 | Z42: =Y42-X42 -> 0.020833333 | AA42: 0 | AB42: 0.51041667
A43: 8 | B43: 2694 | C43: =VLOOKUP(B43,داتا!$B$3:$D$107,2,FALSE) -> تلتين | D43: =VLOOKUP(B43,داتا!$B$3:$D$107,3,FALSE) -> 0.03125 | E43: الطوابق | F43: رضا معروف | G43: 0.25 | H43: =VLOOKUP(F43,$F$3:$H$35,3,FALSE) -> 0.25 | I43: =H43-G43 -> 0 | J43: 0.4375 | K43: 0.46805556 | L43: حسام جمال | M43: حسام جمال | N43: =K43-J43 -> 0.030555556 | O43: 0 | P43: 0.0069444444 | Q43: 0.47222222 | R43: 0 | S43: 0.47222222 | T43: =VLOOKUP(E43,'[2]21-3-2026'!E$3:T$35,16,FALSE) -> 0.034722222 | U43: 0.51388889 | V43: =U43-T43-S43 -> 0.0069444444 | W43: 0.041666667 | X43: 0.52083333 | Y43: 0.55902778 | Z43: =Y43-X43 -> 0.038194444 | AA43: 0 | AB43: 0.5625
A44: 9 | B44: 3787 | C44: =VLOOKUP(B44,داتا!$B$3:$D$107,2,FALSE) -> دبابة | D44: =VLOOKUP(B44,داتا!$B$3:$D$107,3,FALSE) -> 0.020833333 | E44: مسطرد | F44: صبري امام | G44: 0.25 | H44: =VLOOKUP(F44,$F$3:$H$35,3,FALSE) -> 0.25 | I44: =H44-G44 -> 0 | J44: 0.48263889 | K44: 0.5 | L44: محمد فؤاد | M44: محمد فؤاد | N44: =K44-J44 -> 0.017361111 | O44: 0 | P44: 0.0069444444 | Q44: 0.50347222 | R44: 0 | S44: 0.50347222 | T44: =VLOOKUP(E44,'[2]21-3-2026'!E$3:T$35,16,FALSE) -> 0.0034722222 | U44: 0.51388889 | V44: =U44-T44-S44 -> 0.0069444444 | W44: 0.03125 | X44: 0.51736111 | Y44: 0.55555556 | Z44: =Y44-X44 -> 0.038194444 | AA44: =Z44-W44 -> 0.0069444444 | AB44: 0.55902778
A45: 10 | B45: 4987 | C45: =VLOOKUP(B45,داتا!$B$3:$D$107,2,FALSE) -> تلتين | D45: =VLOOKUP(B45,داتا!$B$3:$D$107,3,FALSE) -> 0.03125 | E45: عرابي | F45: محمد عباس | G45: 0.25 | H45: =VLOOKUP(F45,$F$3:$H$35,3,FALSE) -> 0.26041667 | I45: =H45-G45 -> 0.010416667 | J45: 0.40277778 | K45: 0.43402778 | L45: شريف ابراهيم | M45: شريف ابراهيم | N45: =K45-J45 -> 0.03125 | O45: =N45-D45 -> 0 | P45: 0.0069444444 | Q45: 0.4375 | R45: 0 | S45: 0.4375 | T45: =VLOOKUP(E45,'[2]21-3-2026'!E$3:T$35,16,FALSE) -> 0.017361111 | U45: 0.45833333 | V45: =U45-T45-S45 -> 0.0034722222 | W45: 0.03125 | X45: 0.46527778 | Y45: 0.48263889 | Z45: =Y45-X45 -> 0.017361111 | AA45: 0 | AB45: 0.5
A46: 11 | B46: 4987 | C46: =VLOOKUP(B46,داتا!$B$3:$D$107,2,FALSE) -> تلتين | D46: =VLOOKUP(B46,داتا!$B$3:$D$107,3,FALSE) -> 0.03125 | E46: الدقي | F46: محمد عباس | G46: 0.25 | H46: =VLOOKUP(F46,$F$3:$H$35,3,FALSE) -> 0.26041667 | I46: =H46-G46 -> 0.010416667 | J46: 0.40277778 | K46: 0.43402778 | L46: شريف ابراهيم | M46: شريف ابراهيم | N46: =K46-J46 -> 0.03125 | O46: =N46-D46 -> 0 | P46: 0.0069444444 | Q46: 0.4375 | R46: 0 | S46: 0.4375 | T46: =VLOOKUP(E46,'[2]21-3-2026'!E$3:T$35,16,FALSE) -> 0.013888889 | U46: 0.51527778 | V46: 0.0013888889 | W46: 0.041666667 | X46: 0.52708333 | Y46: 0.55416667 | Z46: =Y46-X46 -> 0.027083333 | AA46: 0 | AB46: 0.55902778
A47: 12 | B47: 2917 | C47: =VLOOKUP(B47,داتا!$B$3:$D$107,2,FALSE) -> تلتين | D47: =VLOOKUP(B47,داتا!$B$3:$D$107,3,FALSE) -> 0.03125 | E47: المطرية | F47: رجب محمد | G47: 0.25 | H47: =VLOOKUP(F47,$F$3:$H$35,3,FALSE) -> 0.23958333 | I47: 0 | J47: 0.45486111 | K47: 0.48958333 | L47: شريف ابراهيم | M47: شريف ابراهيم | N47: =K47-J47 -> 0.034722222 | O47: =N47-D47 -> 0.0034722222 | P47: 0.0069444444 | Q47: 0.49652778 | R47: =Q47-P47-K47 -> 0 | S47: 0.49652778 | T47: =VLOOKUP(E47,'[2]21-3-2026'!E$3:T$35,16,FALSE) -> 0.0048611111 | U47: 0.50694444 | V47: =U47-T47-S47 -> 0.0055555556 | W47: 0.03125 | X47: 0.50763889 | Y47: 0.525 | Z47: =Y47-X47 -> 0.017361111 | AA47: 0 | AB47: 0.52569444
A48: 13 | B48: 2917 | C48: =VLOOKUP(B48,داتا!$B$3:$D$107,2,FALSE) -> تلتين | D48: =VLOOKUP(B48,داتا!$B$3:$D$107,3,FALSE) -> 0.03125 | E48: السواح | F48: رجب محمد | G48: 0.25 | H48: =VLOOKUP(F48,$F$3:$H$35,3,FALSE) -> 0.23958333 | I48: 0 | J48: 0.45486111 | K48: 0.48958333 | L48: شريف ابراهيم | M48: شريف ابراهيم | N48: =K48-J48 -> 0.034722222 | O48: =N48-D48 -> 0.0034722222 | P48: 0.0069444444 | Q48: 0.49652778 | R48: =Q48-P48-K48 -> 0 | S48: 0.49652778 | T48: =VLOOKUP(E48,'[2]21-3-2026'!E$3:T$35,16,FALSE) -> 0.010416667 | U48: 0.53819444 | V48: 0 | W48: 0.041666667 | X48: 0.54166667 | Y48: 0.57291667 | Z48: =Y48-X48 -> 0.03125 | AA48: 0 | AB48: 0.57638889
A49: 14 | B49: 6142 | C49: =VLOOKUP(B49,داتا!$B$3:$D$107,2,FALSE) -> تلتين | D49: =VLOOKUP(B49,داتا!$B$3:$D$107,3,FALSE) -> 0.03125 | E49: المعادي 1 | F49: سيد العسال | G49: 0.25 | H49: =VLOOKUP(F49,$F$3:$H$35,3,FALSE) -> 0.25 | I49: =H49-G49 -> 0 | J49: 0.40277778 | K49: 0.43055556 | L49: احمد فايز | M49: احمد فايز | N49: =K49-J49 -> 0.027777778 | O49: 0 | P49: 0.0069444444 | Q49: 0.4375 | R49: =Q49-P49-K49 -> 0 | S49: 0.4375 | T49: =VLOOKUP(E49,'[2]21-3-2026'!E$3:T$35,16,FALSE) -> 0.034722222 | U49: 0.46875 | V49: 0 | W49: 0.03125 | X49: 0.47222222 | Y49: 0.48958333 | Z49: =Y49-X49 -> 0.017361111 | AA49: 0 | AB49: 0.49305556
A50: 15 | B50: 6142 | C50: =VLOOKUP(B50,داتا!$B$3:$D$107,2,FALSE) -> تلتين | D50: =VLOOKUP(B50,داتا!$B$3:$D$107,3,FALSE) -> 0.03125 | E50: المعادي 2 | F50: سيد العسال | G50: 0.25 | H50: =VLOOKUP(F50,$F$3:$H$35,3,FALSE) -> 0.25 | I50: =H50-G50 -> 0 | J50: 0.40277778 | K50: 0.43055556 | L50: احمد فايز | M50: احمد فايز | N50: =K50-J50 -> 0.027777778 | O50: 0 | P50: 0.0069444444 | Q50: 0.4375 | R50: =Q50-P50-K50 -> 0 | S50: 0.4375 | T50: 0.010416667 | U50: 0.5 | V50: 0 | W50: 0.041666667 | X50: 0.50347222 | Y50: 0.52083333 | Z50: =Y50-X50 -> 0.017361111 | AA50: 0 | AB50: 0.52430556
A51: 16 | B51: 1454 | C51: =VLOOKUP(B51,داتا!$B$3:$D$107,2,FALSE) -> تلتين | D51: =VLOOKUP(B51,داتا!$B$3:$D$107,3,FALSE) -> 0.03125 | E51: مكرم | F51: احمد فوزي | G51: 0.25 | H51: =VLOOKUP(F51,$F$3:$H$35,3,FALSE) -> 0.25 | I51: =H51-G51 -> 0 | J51: 0.44791667 | K51: 0.47222222 | L51: محمد عادل | M51: محمد عادل | N51: =K51-J51 -> 0.024305556 | O51: 0 | P51: 0.0069444444 | Q51: 0.47569444 | R51: 0 | S51: 0.47569444 | T51: =VLOOKUP(E51,'[2]21-3-2026'!E$3:T$35,16,FALSE) -> 0.017361111 | U51: 0.49305556 | V51: =U51-T51-S51 -> 0 | W51: 0.03125 | X51: 0.49652778 | Y51: 0.51388889 | Z51: =Y51-X51 -> 0.017361111 | AA51: 0 | AB51: 0.51736111
A52: 17 | B52: 1454 | C52: =VLOOKUP(B52,داتا!$B$3:$D$107,2,FALSE) -> تلتين | D52: =VLOOKUP(B52,داتا!$B$3:$D$107,3,FALSE) -> 0.03125 | E52: العاشر | F52: احمد فوزي | G52: 0.25 | H52: =VLOOKUP(F52,$F$3:$H$35,3,FALSE) -> 0.25 | I52: =H52-G52 -> 0 | J52: 0.44791667 | K52: 0.47222222 | L52: محمد عادل | M52: محمد عادل | N52: =K52-J52 -> 0.024305556 | O52: 0 | P52: 0.0069444444 | Q52: 0.47569444 | R52: 0 | S52: 0.47569444 | T52: =VLOOKUP(E52,'[2]21-3-2026'!E$3:T$35,16,FALSE) -> 0.010416667 | U52: 0.53125 | V52: 0.0034722222 | W52: 0.041666667 | X52: 0.53472222 | Y52: 0.56597222 | Z52: =Y52-X52 -> 0.03125 | AA52: 0 | AB52: 0.56944444
A53: 18 | B53: 3793 | C53: =VLOOKUP(B53,داتا!$B$3:$D$107,2,FALSE) -> دبابة | D53: =VLOOKUP(B53,داتا!$B$3:$D$107,3,FALSE) -> 0.020833333 | E53: اكتوبر | F53: محمد مراد | G53: 0.25 | H53: =VLOOKUP(F53,$F$3:$H$35,3,FALSE) -> 0.26388889 | I53: =H53-G53 -> 0.013888889 | J53: 0.47916667 | K53: 0.49305556 | L53: احمد فايز | M53: احمد فايز | N53: =K53-J53 -> 0.013888889 | O53: 0 | P53: 0.0069444444 | Q53: 0.5 | R53: =Q53-P53-K53 -> 0 | S53: 0.5 | T53: =VLOOKUP(E53,'[2]21-3-2026'!E$3:T$35,16,FALSE) -> 0.041666667 | U53: 0.54166667 | V53: =U53-T53-S53 -> 0 | W53: 0.03125 | X53: 0.54513889 | Y53: 0.57638889 | Z53: =Y53-X53 -> 0.03125 | AA53: =Z53-W53 -> 0 | AB53: 0.57986111
A54: 19 | B54: 459 | C54: =VLOOKUP(B54,داتا!$B$3:$D$107,2,FALSE) -> دبابة | D54: =VLOOKUP(B54,داتا!$B$3:$D$107,3,FALSE) -> 0.020833333 | E54: الشريف | F54: محمود عبدالفتاح | G54: 0.29166667 | H54: =VLOOKUP(F54,$F$3:$H$35,3,FALSE) -> 0.29166667 | I54: =H54-G54 -> 0 | J54: 0.39583333 | K54: 0.44444444 | L54: اسلام محمد | M54: اسلام محمد | N54: =K54-J54 -> 0.048611111 | O54: =N54-D54 -> 0.027777778 | P54: 0.0069444444 | Q54: 0.4375 | R54: 0 | S54: 0.4375 | T54: =VLOOKUP(E54,'[2]21-3-2026'!E$3:T$35,16,FALSE) -> 0.017361111 | U54: 0.47222222 | V54: =U54-T54-S54 -> 0.017361111 | W54: 0.020833333 | X54: 0.47569444 | Y54: 0.49305556 | Z54: =Y54-X54 -> 0.017361111 | AA54: 0 | AB54: 0.49652778
A55: 20 | B55: 459 | C55: =VLOOKUP(B55,داتا!$B$3:$D$107,2,FALSE) -> دبابة | D55: =VLOOKUP(B55,داتا!$B$3:$D$107,3,FALSE) -> 0.020833333 | E55: الوسط | F55: محمود عبدالفتاح | G55: 0.29166667 | H55: =VLOOKUP(F55,$F$3:$H$35,3,FALSE) -> 0.29166667 | I55: =H55-G55 -> 0 | J55: 0.39583333 | K55: 0.44444444 | L55: اسلام محمد | M55: اسلام محمد | N55: =K55-J55 -> 0.048611111 | O55: =N55-D55 -> 0.027777778 | P55: 0.0069444444 | Q55: 0.4375 | R55: 0 | S55: 0.4375 | T55: =VLOOKUP(E55,'[2]21-3-2026'!E$3:T$35,16,FALSE) -> 0.017361111 | U55: 0.50347222 | V55: 0 | W55: 0.03125 | X55: 0.50486111 | Y55: 0.51527778 | Z55: =Y55-X55 -> 0.010416667 | AA55: 0 | AB55: 0.51736111
A56: 21 | B56: 5898 | C56: =VLOOKUP(B56,داتا!$B$3:$D$107,2,FALSE) -> تلتين | D56: =VLOOKUP(B56,داتا!$B$3:$D$107,3,FALSE) -> 0.03125 | E56: الجسر | F56: علاء مجدي | G56: 0.25 | H56: =VLOOKUP(F56,$F$3:$H$35,3,FALSE) -> 0.23958333 | I56: 0 | J56: 0.44791667 | K56: 0.46527778 | L56: اسلام محمد | M56: اسلام محمد | N56: =K56-J56 -> 0.017361111 | O56: 0 | P56: 0.0069444444 | Q56: 0.47222222 | R56: =Q56-P56-K56 -> 0 | S56: 0.47222222 | T56: =VLOOKUP(E56,'[2]21-3-2026'!E$3:T$35,16,FALSE) -> 0.010416667 | U56: 0.49305556 | V56: =U56-T56-S56 -> 0.010416667 | W56: 0.041666667 | X56: 0.49583333 | Y56: 0.54097222 | Z56: =Y56-X56 -> 0.045138889 | AA56: =Z56-W56 -> 0.0034722222 | AB56: 0.54166667
A57: 22 | B57: 3492 | C57: =VLOOKUP(B57,داتا!$B$3:$D$107,2,FALSE) -> تلتين | D57: =VLOOKUP(B57,داتا!$B$3:$D$107,3,FALSE) -> 0.03125 | E57: النزهة | F57: علي الشحات | G57: 0.25 | H57: =VLOOKUP(F57,$F$3:$H$35,3,FALSE) -> 0.24305556 | I57: 0 | J57: 0.47916667 | K57: 0.48611111 | L57: اسلام محمد | M57: اسلام محمد | N57: =K57-J57 -> 0.0069444444 | O57: 0 | P57: 0.0069444444 | Q57: 0.49652778 | R57: =Q57-P57-K57 -> 0.0034722222 | S57: 0.49652778 | T57: =VLOOKUP(E57,'[2]21-3-2026'!E$3:T$35,16,FALSE) -> 0.013888889 | U57: 0.51041667 | V57: =U57-T57-S57 -> 0 | W57: 0.041666667 | X57: 0.51388889 | Y57: 0.54166667 | Z57: =Y57-X57 -> 0.027777778 | AA57: 0 | AB57: 0.54513889
A58: 23 | B58: 3783 | C58: =VLOOKUP(B58,داتا!$B$3:$D$107,2,FALSE) -> دبابة | D58: =VLOOKUP(B58,داتا!$B$3:$D$107,3,FALSE) -> 0.020833333 | E58: الشيراتون | F58: الشناوي سرور | G58: 0.25 | H58: =VLOOKUP(F58,$F$3:$H$35,3,FALSE) -> 0.25 | I58: =H58-G58 -> 0 | J58: 0.39583333 | K58: 0.41666667 | L58: محمد امام | M58: محمد امام | N58: =K58-J58 -> 0.020833333 | O58: =N58-D58 -> 6.9388939e-17 | P58: 0.0069444444 | Q58: 0.42013889 | R58: 0 | S58: 0.42013889 | T58: =VLOOKUP(E58,'[2]21-3-2026'!E$3:T$35,16,FALSE) -> 0.020833333 | U58: 0.44791667 | V58: =U58-T58-S58 -> 0.0069444444 | W58: 0.020833333 | X58: 0.45138889 | Y58: 0.46527778 | Z58: =Y58-X58 -> 0.013888889 | AA58: 0 | AB58: 0.46875
A59: 24 | B59: 3783 | C59: =VLOOKUP(B59,داتا!$B$3:$D$107,2,FALSE) -> دبابة | D59: =VLOOKUP(B59,داتا!$B$3:$D$107,3,FALSE) -> 0.020833333 | E59: جاردينيا | F59: الشناوي سرور | G59: 0.25 | H59: =VLOOKUP(F59,$F$3:$H$35,3,FALSE) -> 0.25 | I59: =H59-G59 -> 0 | J59: 0.39583333 | K59: 0.41666667 | L59: محمد امام | M59: محمد امام | N59: =K59-J59 -> 0.020833333 | O59: =N59-D59 -> 6.9388939e-17 | P59: 0.0069444444 | Q59: 0.42013889 | R59: 0 | S59: 0.42013889 | T59: =VLOOKUP(E59,'[2]21-3-2026'!E$3:T$35,16,FALSE) -> 0.010416667 | U59: 0.48263889 | V59: 0.0034722222 | W59: 0.03125 | X59: 0.48611111 | Y59: 0.50347222 | Z59: =Y59-X59 -> 0.017361111 | AA59: 0 | AB59: 0.50694444
A60: 25 | B60: 1538 | C60: =VLOOKUP(B60,داتا!$B$3:$D$107,2,FALSE) -> تلتين | D60: =VLOOKUP(B60,داتا!$B$3:$D$107,3,FALSE) -> 0.03125 | E60: الوايلي | F60: عمرو المهدي | G60: 0.25 | H60: =VLOOKUP(F60,$F$3:$H$35,3,FALSE) -> 0.23958333 | I60: 0 | J60: 0.43055556 | K60: 0.45833333 | L60: عمر ابراهيم | M60: عمر ابراهيم | N60: =K60-J60 -> 0.027777778 | O60: 0 | P60: 0.0069444444 | Q60: 0.47222222 | R60: =Q60-P60-K60 -> 0.0069444444 | S60: 0.47222222 | T60: =VLOOKUP(E60,'[2]21-3-2026'!E$3:T$35,16,FALSE) -> 0.010416667 | U60: 0.48611111 | V60: =U60-T60-S60 -> 0.0034722222 | W60: 0.03125 | X60: 0.49444444 | Y60: 0.50833333 | Z60: =Y60-X60 -> 0.013888889 | AA60: 0 | AB60: 0.51041667
A61: 26 | B61: 1538 | C61: =VLOOKUP(B61,داتا!$B$3:$D$107,2,FALSE) -> تلتين | D61: =VLOOKUP(B61,داتا!$B$3:$D$107,3,FALSE) -> 0.03125 | E61: العباسية | F61: عمرو المهدي | G61: 0.25 | H61: =VLOOKUP(F61,$F$3:$H$35,3,FALSE) -> 0.23958333 | I61: 0 | J61: 0.43055556 | K61: 0.45833333 | L61: عمر ابراهيم | M61: عمر ابراهيم | N61: =K61-J61 -> 0.027777778 | O61: 0 | P61: 0.0069444444 | Q61: 0.47222222 | R61: =Q61-P61-K61 -> 0.0069444444 | S61: 0.47222222 | T61: =VLOOKUP(E61,'[2]21-3-2026'!E$3:T$35,16,FALSE) -> 0.020833333 | U61: 0.53472222 | V61: 0.0034722222 | W61: 0.041666667 | X61: 0.53819444 | Y61: 0.55902778 | Z61: =Y61-X61 -> 0.020833333 | AA61: 0 | AB61: 0.5625
A62: 27 | B62: 634 | C62: =VLOOKUP(B62,داتا!$B$3:$D$107,2,FALSE) -> دبابة | D62: =VLOOKUP(B62,داتا!$B$3:$D$107,3,FALSE) -> 0.020833333 | E62: الشروق | F62: احمد عواد | G62: 0.25 | H62: =VLOOKUP(F62,$F$3:$H$35,3,FALSE) -> 0.22222222 | I62: 0 | J62: 0.47222222 | K62: 0.48958333 | L62: عمر ابراهيم | M62: عمر ابراهيم | N62: =K62-J62 -> 0.017361111 | O62: 0 | P62: 0.0069444444 | Q62: 0.5 | R62: =Q62-P62-K62 -> 0.0034722222 | S62: 0.5 | T62: =VLOOKUP(E62,'[2]21-3-2026'!E$3:T$35,16,FALSE) -> 0.034722222 | U62: 0.53888889 | V62: =U62-T62-S62 -> 0.0041666667 | W62: 0.020833333 | X62: 0.54166667 | Y62: 0.55416667 | Z62: =Y62-X62 -> 0.0125 | AA62: 0 | AB62: 0.55555556
A63: 28 | B63: 634 | C63: =VLOOKUP(B63,داتا!$B$3:$D$107,2,FALSE) -> دبابة | D63: =VLOOKUP(B63,داتا!$B$3:$D$107,3,FALSE) -> 0.020833333 | E63: الشروق 3 | F63: احمد عواد | G63: 0.25 | H63: =VLOOKUP(F63,$F$3:$H$35,3,FALSE) -> 0.22222222 | I63: 0 | J63: 0.47222222 | K63: 0.48958333 | L63: عمر ابراهيم | M63: عمر ابراهيم | N63: =K63-J63 -> 0.017361111 | O63: 0 | P63: 0.0069444444 | Q63: 0.5 | R63: =Q63-P63-K63 -> 0.0034722222 | S63: 0.5 | T63: =VLOOKUP(E63,'[2]21-3-2026'!E$3:T$35,16,FALSE) -> 0.038194444 | U63: 0.56944444 | V63: 0.0034722222 | W63: 0.03125 | X63: 0.57152778 | Y63: 0.58680556 | Z63: =Y63-X63 -> 0.015277778 | AA63: 0 | AB63: 0.59027778
A64: 29 | B64: 4879 | C64: =VLOOKUP(B64,داتا!$B$3:$D$107,2,FALSE) -> دبابة | D64: =VLOOKUP(B64,داتا!$B$3:$D$107,3,FALSE) -> 0.020833333 | E64: المنتزة | F64: جمال فؤاد | G64: 0.25 | H64: =VLOOKUP(F64,$F$3:$H$35,3,FALSE) -> 0.25 | I64: =H64-G64 -> 0 | J64: 0.40972222 | K64: 0.43402778 | L64: عبدالرحمن ابراهيم | M64: احمد عبدالحميد | N64: =K64-J64 -> 0.024305556 | O64: =N64-D64 -> 0.0034722222 | P64: 0.0069444444 | Q64: 0.43055556 | R64: 0 | S64: 0.43055556 | T64: =VLOOKUP(E64,'[2]21-3-2026'!E$3:T$35,16,FALSE) -> 0.010416667 | U64: 0.44791667 | V64: =U64-T64-S64 -> 0.0069444444 | W64: 0.020833333 | X64: 0.45347222 | Y64: 0.46319444 | Z64: =Y64-X64 -> 0.0097222222 | AA64: 0 | AB64: 0.46527778
A65: 30 | B65: 4879 | C65: =VLOOKUP(B65,داتا!$B$3:$D$107,2,FALSE) -> دبابة | D65: =VLOOKUP(B65,داتا!$B$3:$D$107,3,FALSE) -> 0.020833333 | E65: الكوربة | F65: جمال فؤاد | G65: 0.25 | H65: =VLOOKUP(F65,$F$3:$H$35,3,FALSE) -> 0.25 | I65: =H65-G65 -> 0 | J65: 0.40972222 | K65: 0.43402778 | L65: عبدالرحمن ابراهيم | M65: احمد عبدالحميد | N65: =K65-J65 -> 0.024305556 | O65: 0 | P65: 0.0069444444 | Q65: 0.43055556 | R65: 0 | S65: 0.43055556 | T65: =VLOOKUP(E65,'[2]21-3-2026'!E$3:T$35,16,FALSE) -> 0.013888889 | U65: 0.47916667 | V65: 0 | W65: 0.03125 | X65: 0.48055556 | Y65: 0.48958333 | Z65: =Y65-X65 -> 0.0090277778 | AA65: 0 | AB65: 0.49652778
A66: 31 | B66: 9198 | C66: =VLOOKUP(B66,داتا!$B$3:$D$107,2,FALSE) -> دبابة | D66: =VLOOKUP(B66,داتا!$B$3:$D$107,3,FALSE) -> 0.020833333 | E66: العبور | F66: كريم محمود | G66: 0.25 | H66: =VLOOKUP(F66,$F$3:$H$35,3,FALSE) -> 0.27083333 | I66: =H66-G66 -> 0.020833333 | J66: 0.44097222 | K66: 0.45138889 | L66: عبدالرحمن ابراهيم | M66: احمد عبدالحميد | N66: =K66-J66 -> 0.010416667 | O66: 0 | P66: 0.0069444444 | Q66: 0.46875 | R66: =Q66-P66-K66 -> 0.010416667 | S66: 0.46875 | T66: =VLOOKUP(E66,'[2]21-3-2026'!E$3:T$35,16,FALSE) -> 0.027777778 | U66: 0.49652778 | V66: =U66-T66-S66 -> 0 | W66: 0.03125 | X66: 0.5 | Y66: 0.53472222 | Z66: =Y66-X66 -> 0.034722222 | AA66: =Z66-W66 -> 0.0034722222 | AB66: 0.53819444
A67: 32 | B67: 796 | C67: =VLOOKUP(B67,داتا!$B$3:$D$107,2,FALSE) -> دبابة | D67: =VLOOKUP(B67,داتا!$B$3:$D$107,3,FALSE) -> 0.020833333 | E67: العاشر من رمضان | F67: عمرو عبدالرحمن | G67: 0.25 | H67: =VLOOKUP(F67,$F$3:$H$35,3,FALSE) -> 0.27083333 | I67: =H67-G67 -> 0.020833333 | J67: 0.45833333 | K67: 0.47569444 | L67: عبدالرحمن ابراهيم | M67: احمد عبدالحميد | N67: =K67-J67 -> 0.017361111 | O67: 0 | P67: 0.0069444444 | Q67: 0.49305556 | R67: =Q67-P67-K67 -> 0.010416667 | S67: 0.49305556 | T67: =VLOOKUP(E67,'[2]21-3-2026'!E$3:T$35,16,FALSE) -> 0.0625 | U67: 0.54166667 | V67: 0 | W67: 0.03125 | X67: 0.55555556 | Y67: 0.57222222 | Z67: =Y67-X67 -> 0.016666667 | AA67: 0 | AB67: 0.57638889
A68: 1 | B68: 1537 | C68: =VLOOKUP(B68,داتا!$B$3:$D$107,2,FALSE) -> تلتين | D68: =VLOOKUP(B68,داتا!$B$3:$D$107,3,FALSE) -> 0.03125 | E68: الميرغني | F68: محمد زينهم | G68: 0.083333333 | H68: 0.083333333 | I68: =H68-G68 -> 0 | J68: 0.5625 | K68: 0.58333333 | L68: حسام جمال | M68: حسام جمال | N68: =K68-J68 -> 0.020833333 | O68: 0 | P68: 0.0069444444 | Q68: 0.59027778 | R68: =Q68-P68-K68 -> 0 | S68: 0.59027778 | T68: =VLOOKUP(E68,'[2]21-3-2026'!E$3:T$35,16,FALSE) -> 0.013888889 | U68: 0.61458333 | V68: =U68-T68-S68 -> 0.010416667 | W68: 0.03125 | X68: 0.61805556 | Y68: 0.62152778 | Z68: =Y68-X68 -> 0.0034722222 | AA68: 0 | AB68: 0.625 | AD68: رحلة ثالثة ( شرقى وغربى ومخبوزات )
A69: 2 | B69: 1537 | C69: =VLOOKUP(B69,داتا!$B$3:$D$107,2,FALSE) -> تلتين | D69: =VLOOKUP(B69,داتا!$B$3:$D$107,3,FALSE) -> 0.03125 | E69: عباس | F69: محمد زينهم | G69: 0.083333333 | H69: 0.083333333 | I69: =H69-G69 -> 0 | J69: 0.5625 | K69: 0.58333333 | L69: حسام جمال | M69: حسام جمال | N69: =K69-J69 -> 0.020833333 | O69: 0 | P69: 0.0069444444 | Q69: 0.59027778 | R69: =Q69-P69-K69 -> 0 | S69: 0.59027778 | T69: =VLOOKUP(E69,'[2]21-3-2026'!E$3:T$35,16,FALSE) -> 0.017361111 | U69: 0.63125 | V69: 0 | W69: 0.03125 | X69: 0.63402778 | Y69: 0.64930556 | Z69: =Y69-X69 -> 0.015277778 | AA69: 0 | AB69: 0.65138889
A70: 3 | B70: 1537 | C70: =VLOOKUP(B70,داتا!$B$3:$D$107,2,FALSE) -> تلتين | D70: =VLOOKUP(B70,داتا!$B$3:$D$107,3,FALSE) -> 0.03125 | E70: مكرم | F70: محمد زينهم | G70: 0.083333333 | H70: 0.083333333 | I70: =H70-G70 -> 0 | J70: 0.5625 | K70: 0.58333333 | L70: حسام جمال | M70: حسام جمال | N70: =K70-J70 -> 0.020833333 | O70: 0 | P70: 0.0069444444 | Q70: 0.59027778 | R70: =Q70-P70-K70 -> 0 | S70: 0.59027778 | T70: =VLOOKUP(E70,'[2]21-3-2026'!E$3:T$35,16,FALSE) -> 0.017361111 | U70: 0.65972222 | V70: 0 | W70: 0.041666667 | X70: 0.66319444 | Y70: 0.67361111 | Z70: =Y70-X70 -> 0.010416667 | AA70: 0 | AB70: 0.67708333
A71: 4 | B71: 3492 | C71: =VLOOKUP(B71,داتا!$B$3:$D$107,2,FALSE) -> تلتين | D71: =VLOOKUP(B71,داتا!$B$3:$D$107,3,FALSE) -> 0.03125 | E71: شبرا | F71: طارق عزت | G71: 0.083333333 | H71: 0.083333333 | I71: =H71-G71 -> 0 | J71: 0.57291667 | K71: 0.58680556 | L71: حسام خليل | M71: حسام خليل | N71: =K71-J71 -> 0.013888889 | O71: 0 | P71: 0.0069444444 | Q71: 0.59375 | R71: =Q71-P71-K71 -> 0 | S71: 0.59375 | T71: =VLOOKUP(E71,'[2]21-3-2026'!E$3:T$35,16,FALSE) -> 0.013888889 | U71: 0.60763889 | V71: =U71-T71-S71 -> 0 | W71: 0.03125 | X71: 0.61111111 | Y71: 0.625 | Z71: =Y71-X71 -> 0.013888889 | AA71: 0 | AB71: 0.625
A72: 5 | B72: 3492 | C72: =VLOOKUP(B72,داتا!$B$3:$D$107,2,FALSE) -> تلتين | D72: =VLOOKUP(B72,داتا!$B$3:$D$107,3,FALSE) -> 0.03125 | E72: الدوران | F72: طارق عزت | G72: 0.083333333 | H72: 0.083333333 | I72: =H72-G72 -> 0 | J72: 0.57291667 | K72: 0.58680556 | L72: حسام خليل | M72: حسام خليل | N72: =K72-J72 -> 0.013888889 | O72: 0 | P72: 0.0069444444 | Q72: 0.59375 | R72: =Q72-P72-K72 -> 0 | S72: 0.59375 | T72: =VLOOKUP(E72,'[2]21-3-2026'!E$3:T$35,16,FALSE) -> 0.013888889 | U72: 0.63541667 | V72: 0 | W72: 0.041666667 | X72: 0.63888889 | Y72: 0.64791667 | Z72: =Y72-X72 -> 0.0090277778 | AA72: 0 | AB72: 0.64930556
A73: 6 | B73: 3495 | C73: =VLOOKUP(B73,داتا!$B$3:$D$107,2,FALSE) -> تلتين | D73: =VLOOKUP(B73,داتا!$B$3:$D$107,3,FALSE) -> 0.03125 | E73: العاشر | F73: شوقي فوزي | G73: 0.083333333 | H73: 0.083333333 | I73: =H73-G73 -> 0 | J73: 0.55208333 | K73: 0.56944444 | L73: احمد فايز | M73: احمد فايز | N73: =K73-J73 -> 0.017361111 | O73: 0 | P73: 0.0069444444 | Q73: 0.58333333 | R73: =Q73-P73-K73 -> 0.0069444444 | S73: 0.58333333 | T73: =VLOOKUP(E73,'[2]21-3-2026'!E$3:T$35,16,FALSE) -> 0.010416667 | U73: 0.61458333 | V73: =U73-T73-S73 -> 0.020833333 | W73: 0.03125 | X73: 0.61666667 | Y73: 0.62152778 | Z73: =Y73-X73 -> 0.0048611111 | AA73: 0 | AB73: 0.62152778
A74: 7 | B74: 3495 | C74: =VLOOKUP(B74,داتا!$B$3:$D$107,2,FALSE) -> تلتين | D74: =VLOOKUP(B74,داتا!$B$3:$D$107,3,FALSE) -> 0.03125 | E74: المعادي 1 | F74: شوقي فوزي | G74: 0.083333333 | H74: 0.083333333 | I74: =H74-G74 -> 0 | J74: 0.55208333 | K74: 0.56944444 | L74: احمد فايز | M74: احمد فايز | N74: =K74-J74 -> 0.017361111 | O74: 0 | P74: 0.0069444444 | Q74: 0.58333333 | R74: =Q74-P74-K74 -> 0.0069444444 | S74: 0.58333333 | T74: =VLOOKUP(E74,'[2]21-3-2026'!E$3:T$35,16,FALSE) -> 0.034722222 | U74: 0.63541667 | V74: 0 | W74: 0.03125 | X74: 0.63888889 | Y74: 0.65625 | Z74: =Y74-X74 -> 0.017361111 | AA74: 0 | AB74: 0.65972222
A75: 8 | B75: 3495 | C75: =VLOOKUP(B75,داتا!$B$3:$D$107,2,FALSE) -> تلتين | D75: =VLOOKUP(B75,داتا!$B$3:$D$107,3,FALSE) -> 0.03125 | E75: المعادي 2 | F75: شوقي فوزي | G75: 0.083333333 | H75: 0.083333333 | I75: =H75-G75 -> 0 | J75: 0.55208333 | K75: 0.56944444 | L75: احمد فايز | M75: احمد فايز | N75: =K75-J75 -> 0.017361111 | O75: 0 | P75: 0.0069444444 | Q75: 0.58333333 | R75: =Q75-P75-K75 -> 0.0069444444 | S75: 0.58333333 | T75: =VLOOKUP(E75,'[2]21-3-2026'!E$3:T$35,16,FALSE) -> 0.034722222 | U75: 0.67013889 | V75: 0 | W75: 0.041666667 | X75: 0.67916667 | Y75: 0.69097222 | Z75: =Y75-X75 -> 0.011805556 | AA75: 0 | AB75: 0.69444444
A76: 9 | B76: 3787 | C76: =VLOOKUP(B76,داتا!$B$3:$D$107,2,FALSE) -> دبابة | D76: =VLOOKUP(B76,داتا!$B$3:$D$107,3,FALSE) -> 0.020833333 | E76: الوايلي | F76: اسلام عبدالرازق | G76: 0.083333333 | H76: 0.072916667 | I76: 0 | J76: 0.57638889 | K76: 0.59375 | L76: محمد عادل | M76: محمد عادل | N76: =K76-J76 -> 0.017361111 | O76: 0 | P76: 0.0069444444 | Q76: 0.60069444 | R76: =Q76-P76-K76 -> 0 | S76: 0.60069444 | T76: =VLOOKUP(E76,'[2]21-3-2026'!E$3:T$35,16,FALSE) -> 0.010416667 | U76: 0.61805556 | V76: =U76-T76-S76 -> 0.0069444444 | W76: 0.020833333 | X76: 0.62013889 | Y76: 0.62291667 | Z76: =Y76-X76 -> 0.0027777778 | AA76: 0 | AB76: 0.62847222
A77: 10 | B77: 3787 | C77: =VLOOKUP(B77,داتا!$B$3:$D$107,2,FALSE) -> دبابة | D77: =VLOOKUP(B77,داتا!$B$3:$D$107,3,FALSE) -> 0.020833333 | E77: العباسية | F77: اسلام عبدالرازق | G77: 0.083333333 | H77: 0.072916667 | I77: 0 | J77: 0.57638889 | K77: 0.59375 | L77: محمد عادل | M77: محمد عادل | N77: =K77-J77 -> 0.017361111 | O77: 0 | P77: 0.0069444444 | Q77: 0.60069444 | R77: =Q77-P77-K77 -> 0 | S77: 0.60069444 | T77: =VLOOKUP(E77,'[2]21-3-2026'!E$3:T$35,16,FALSE) -> 0.020833333 | U77: 0.65277778 | V77: 0.0034722222 | W77: 0.03125 | X77: 0.65625 | Y77: 0.66319444 | Z77: =Y77-X77 -> 0.0069444444 | AA77: 0 | AB77: 0.67013889
A78: 11 | B78: 3783 | C78: =VLOOKUP(B78,داتا!$B$3:$D$107,2,FALSE) -> دبابة | D78: =VLOOKUP(B78,داتا!$B$3:$D$107,3,FALSE) -> 0.020833333 | E78: المنتزة | F78: حسين حامد | G78: 0.083333333 | H78: 0.072916667 | I78: 0 | J78: 0.55555556 | K78: 0.56597222 | L78: شريف ابراهيم | M78: شريف ابراهيم | N78: =K78-J78 -> 0.010416667 | O78: 0 | P78: 0.0069444444 | Q78: 0.57291667 | R78: =Q78-P78-K78 -> 0 | S78: 0.57291667 | T78: =VLOOKUP(E78,'[2]21-3-2026'!E$3:T$35,16,FALSE) -> 0.010416667 | U78: 0.59027778 | V78: =U78-T78-S78 -> 0.0069444444 | W78: 0.020833333 | X78: 0.59375 | Y78: 0.59722222 | Z78: =Y78-X78 -> 0.0034722222 | AA78: 0 | AB78: 0.60069444
A79: 12 | B79: 3783 | C79: =VLOOKUP(B79,داتا!$B$3:$D$107,2,FALSE) -> دبابة | D79: =VLOOKUP(B79,داتا!$B$3:$D$107,3,FALSE) -> 0.020833333 | E79: الكوربة | F79: حسين حامد | G79: 0.083333333 | H79: 0.072916667 | I79: 0 | J79: 0.55555556 | K79: 0.56597222 | L79: شريف ابراهيم | M79: شريف ابراهيم | N79: =K79-J79 -> 0.010416667 | O79: 0 | P79: 0.0069444444 | Q79: 0.57291667 | R79: =Q79-P79-K79 -> 0 | S79: 0.57291667 | T79: =VLOOKUP(E79,'[2]21-3-2026'!E$3:T$35,16,FALSE) -> 0.013888889 | U79: 0.61458333 | V79: 0.0034722222 | W79: 0.020833333 | X79: 0.62152778 | Y79: 0.62708333 | Z79: =Y79-X79 -> 0.0055555556 | AA79: 0 | AB79: 0.62847222
A80: 13 | B80: 3783 | C80: =VLOOKUP(B80,داتا!$B$3:$D$107,2,FALSE) -> دبابة | D80: =VLOOKUP(B80,داتا!$B$3:$D$107,3,FALSE) -> 0.020833333 | E80: الشيراتون | F80: حسين حامد | G80: 0.083333333 | H80: 0.072916667 | I80: 0 | J80: 0.55555556 | K80: 0.56597222 | L80: شريف ابراهيم | M80: شريف ابراهيم | N80: =K80-J80 -> 0.010416667 | O80: 0 | P80: 0.0069444444 | Q80: 0.57291667 | R80: =Q80-P80-K80 -> 0 | S80: 0.57291667 | T80: =VLOOKUP(E80,'[2]21-3-2026'!E$3:T$35,16,FALSE) -> 0.020833333 | U80: 0.64236111 | V80: 0 | W80: 0.020833333 | X80: 0.64583333 | Y80: 0.65972222 | Z80: =Y80-X80 -> 0.013888889 | AA80: 0 | AB80: 0.66319444
A81: 14 | B81: 3783 | C81: =VLOOKUP(B81,داتا!$B$3:$D$107,2,FALSE) -> دبابة | D81: =VLOOKUP(B81,داتا!$B$3:$D$107,3,FALSE) -> 0.020833333 | E81: جاردينيا | F81: حسين حامد | G81: 0.083333333 | H81: 0.072916667 | I81: 0 | J81: 0.55555556 | K81: 0.56597222 | L81: شريف ابراهيم | M81: شريف ابراهيم | N81: =K81-J81 -> 0.010416667 | O81: 0 | P81: 0.0069444444 | Q81: 0.57291667 | R81: =Q81-P81-K81 -> 0 | S81: 0.57291667 | T81: =VLOOKUP(E81,'[2]21-3-2026'!E$3:T$35,16,FALSE) -> 0.010416667 | U81: 0.66666667 | V81: 0 | W81: 0.03125 | X81: 0.67013889 | Y81: 0.67361111 | Z81: =Y81-X81 -> 0.0034722222 | AA81: 0 | AB81: 0.67708333
A82: 15 | B82: 5898 | C82: =VLOOKUP(B82,داتا!$B$3:$D$107,2,FALSE) -> تلتين | D82: =VLOOKUP(B82,داتا!$B$3:$D$107,3,FALSE) -> 0.03125 | E82: عرابي | F82: مصطفى عيسى | G82: 0.083333333 | H82: 0.083333333 | I82: =H82-G82 -> 0 | J82: 0.57986111 | K82: 0.59375 | L82: شريف ابراهيم | M82: شريف ابراهيم | N82: =K82-J82 -> 0.013888889 | O82: 0 | P82: 0.0069444444 | Q82: 0.60416667 | R82: =Q82-P82-K82 -> 0.0034722222 | S82: 0.60416667 | T82: =VLOOKUP(E82,'[2]21-3-2026'!E$3:T$35,16,FALSE) -> 0.017361111 | U82: 0.62847222 | V82: =U82-T82-S82 -> 0.0069444444 | W82: 0.03125 | X82: 0.63541667 | Y82: 0.65277778 | Z82: =Y82-X82 -> 0.017361111 | AA82: 0 | AB82: 0.65625
A83: 16 | B83: 5898 | C83: =VLOOKUP(B83,داتا!$B$3:$D$107,2,FALSE) -> تلتين | D83: =VLOOKUP(B83,داتا!$B$3:$D$107,3,FALSE) -> 0.03125 | E83: الدقي | F83: مصطفى عيسى | G83: 0.083333333 | H83: 0.083333333 | I83: =H83-G83 -> 0 | J83: 0.57986111 | K83: 0.59375 | L83: شريف ابراهيم | M83: شريف ابراهيم | N83: =K83-J83 -> 0.013888889 | O83: 0 | P83: 0.0069444444 | Q83: 0.60416667 | R83: =Q83-P83-K83 -> 0.0034722222 | S83: 0.60416667 | T83: =VLOOKUP(E83,'[2]21-3-2026'!E$3:T$35,16,FALSE) -> 0.013888889 | U83: 0.67013889 | V83: 0.0034722222 | W83: 0.041666667 | X83: 0.67361111 | Y83: 0.69097222 | Z83: =Y83-X83 -> 0.017361111 | AA83: 0 | AB83: 0.69444444
A84: 17 | B84: 4879 | C84: =VLOOKUP(B84,داتا!$B$3:$D$107,2,FALSE) -> دبابة | D84: =VLOOKUP(B84,داتا!$B$3:$D$107,3,FALSE) -> 0.020833333 | E84: التجمع 1 | F84: شريف محمد | G84: 0.083333333 | H84: 0.09375 | I84: =H84-G84 -> 0.010416667 | J84: 0.60416667 | K84: 0.61111111 | L84: عبدالرحمن ابراهيم | M84: عبدالرحمن ابراهيم | N84: =K84-J84 -> 0.0069444444 | O84: 0 | P84: 0.0069444444 | Q84: 0.61458333 | R84: 0 | S84: 0.61458333 | T84: =VLOOKUP(E84,'[2]21-3-2026'!E$3:T$35,16,FALSE) -> 0.024305556 | U84: 0.64930556 | V84: =U84-T84-S84 -> 0.010416667 | W84: 0.020833333 | X84: 0.65138889 | Y84: 0.65972222 | Z84: =Y84-X84 -> 0.0083333333 | AA84: 0 | AB84: 0.66666667
A85: 18 | B85: 4879 | C85: =VLOOKUP(B85,داتا!$B$3:$D$107,2,FALSE) -> دبابة | D85: =VLOOKUP(B85,داتا!$B$3:$D$107,3,FALSE) -> 0.020833333 | E85: العبور | F85: شريف محمد | G85: 0.083333333 | H85: 0.09375 | I85: =H85-G85 -> 0.010416667 | J85: 0.60416667 | K85: 0.61111111 | L85: عبدالرحمن ابراهيم | M85: عبدالرحمن ابراهيم | N85: =K85-J85 -> 0.0069444444 | O85: 0 | P85: 0.0069444444 | Q85: 0.61458333 | R85: 0 | S85: 0.61458333 | T85: =VLOOKUP(E85,'[2]21-3-2026'!E$3:T$35,16,FALSE) -> 0.027777778 | U85: 0.69444444 | V85: 0 | W85: 0.03125 | X85: 0.69791667 | Y85: 0.70833333 | Z85: =Y85-X85 -> 0.010416667 | AA85: 0 | AB85: 0.71180556
A86: 19 | B86: 4987 | C86: =VLOOKUP(B86,داتا!$B$3:$D$107,2,FALSE) -> تلتين | D86: =VLOOKUP(B86,داتا!$B$3:$D$107,3,FALSE) -> 0.03125 | E86: المطرية | F86: محمد ابراهيم | G86: 0.083333333 | H86: 0.09375 | I86: =H86-G86 -> 0.010416667 | J86: 0.58333333 | K86: 0.60416667 | L86: محمد امام | M86: محمد امام | N86: =K86-J86 -> 0.020833333 | O86: 0 | P86: 0.0069444444 | Q86: 0.60763889 | R86: 0 | S86: 0.60763889 | T86: =VLOOKUP(E86,'[2]21-3-2026'!E$3:T$35,16,FALSE) -> 0.0048611111 | U86: 0.62083333 | V86: =U86-T86-S86 -> 0.0083333333 | W86: 0.03125 | X86: 0.62430556 | Y86: 0.62986111 | Z86: =Y86-X86 -> 0.0055555556 | AA86: 0 | AB86: 0.63055556
A87: 20 | B87: 4987 | C87: =VLOOKUP(B87,داتا!$B$3:$D$107,2,FALSE) -> تلتين | D87: =VLOOKUP(B87,داتا!$B$3:$D$107,3,FALSE) -> 0.03125 | E87: السواح | F87: محمد ابراهيم | G87: 0.083333333 | H87: 0.09375 | I87: =H87-G87 -> 0.010416667 | J87: 0.58333333 | K87: 0.60416667 | L87: محمد امام | M87: محمد امام | N87: =K87-J87 -> 0.020833333 | O87: 0 | P87: 0.0069444444 | Q87: 0.60763889 | R87: 0 | S87: 0.60763889 | T87: =VLOOKUP(E87,'[2]21-3-2026'!E$3:T$35,16,FALSE) -> 0.010416667 | U87: 0.64236111 | V87: 0 | W87: 0.041666667 | X87: 0.64583333 | Y87: 0.65625 | Z87: =Y87-X87 -> 0.010416667 | AA87: 0 | AB87: 0.65972222
A88: 21 | B88: 459 | C88: =VLOOKUP(B88,داتا!$B$3:$D$107,2,FALSE) -> دبابة | D88: =VLOOKUP(B88,داتا!$B$3:$D$107,3,FALSE) -> 0.020833333 | E88: الشريف | F88: كارم سعيد | G88: 0.083333333 | H88: 0.083333333 | I88: =H88-G88 -> 0 | J88: 0.56944444 | K88: 0.58333333 | L88: اسلام محمد | M88: اسلام محمد | N88: =K88-J88 -> 0.013888889 | O88: 0 | P88: 0.0069444444 | Q88: 0.59027778 | R88: =Q88-P88-K88 -> 0 | S88: 0.59027778 | T88: =VLOOKUP(E88,'[2]21-3-2026'!E$3:T$35,16,FALSE) -> 0.017361111 | U88: 0.62013889 | V88: =U88-T88-S88 -> 0.0125 | W88: 0.020833333 | X88: 0.62152778 | Y88: 0.62986111 | Z88: =Y88-X88 -> 0.0083333333 | AA88: 0 | AB88: 0.63333333
A89: 22 | B89: 459 | C89: =VLOOKUP(B89,داتا!$B$3:$D$107,2,FALSE) -> دبابة | D89: =VLOOKUP(B89,داتا!$B$3:$D$107,3,FALSE) -> 0.020833333 | E89: الوسط | F89: كارم سعيد | G89: 0.083333333 | H89: 0.083333333 | I89: =H89-G89 -> 0 | J89: 0.56944444 | K89: 0.58333333 | L89: اسلام محمد | M89: اسلام محمد | N89: =K89-J89 -> 0.013888889 | O89: 0 | P89: 0.0069444444 | Q89: 0.59027778 | R89: =Q89-P89-K89 -> 0 | S89: 0.59027778 | T89: =VLOOKUP(E89,'[2]21-3-2026'!E$3:T$35,16,FALSE) -> 0.017361111 | U89: 0.63888889 | V89: 0 | W89: 0.03125 | X89: 0.64236111 | Y89: 0.65277778 | Z89: =Y89-X89 -> 0.010416667 | AA89: 0 | AB89: 0.65625
A90: 23 | B90: 6143 | C90: =VLOOKUP(B90,داتا!$B$3:$D$107,2,FALSE) -> تلتين | D90: =VLOOKUP(B90,داتا!$B$3:$D$107,3,FALSE) -> 0.03125 | E90: النزهة | F90: مدحت محمد | G90: 0.083333333 | H90: 0.10416667 | I90: =H90-G90 -> 0.020833333 | J90: 0.59027778 | K90: 0.60416667 | L90: اسلام محمد | M90: اسلام محمد | N90: =K90-J90 -> 0.013888889 | O90: 0 | P90: 0.0069444444 | Q90: 0.62152778 | R90: =Q90-P90-K90 -> 0.010416667 | S90: 0.62152778 | T90: =VLOOKUP(E90,'[2]21-3-2026'!E$3:T$35,16,FALSE) -> 0.013888889 | U90: 0.65625 | V90: =U90-T90-S90 -> 0.020833333 | W90: 0.03125 | X90: 0.65972222 | Y90: 0.67361111 | Z90: =Y90-X90 -> 0.013888889 | AA90: 0 | AB90: 0.67708333
A91: 24 | B91: 6143 | C91: =VLOOKUP(B91,داتا!$B$3:$D$107,2,FALSE) -> تلتين | D91: =VLOOKUP(B91,داتا!$B$3:$D$107,3,FALSE) -> 0.03125 | E91: الجسر | F91: مدحت محمد | G91: 0.083333333 | H91: 0.10416667 | I91: =H91-G91 -> 0.020833333 | J91: 0.59027778 | K91: 0.60416667 | L91: اسلام محمد | M91: اسلام محمد | N91: =K91-J91 -> 0.013888889 | O91: 0 | P91: 0.0069444444 | Q91: 0.62152778 | R91: =Q91-P91-K91 -> 0.010416667 | S91: 0.62152778 | T91: =VLOOKUP(E91,'[2]21-3-2026'!E$3:T$35,16,FALSE) -> 0.010416667 | U91: 0.68263889 | V91: 0 | W91: 0.041666667 | X91: 0.69097222 | Y91: 0.70833333 | Z91: =Y91-X91 -> 0.017361111 | AA91: 0 | AB91: 0.71180556

Sheet 23-4-2026
A1: شيت دخول وخروج السيارات ايتوال عن يوم الخميس الموافق 23/4/2026
A2: م | B2: رقم السيارة | C2: نوع السيارة | D2: الزمن المعيارى للتحميل | E2: اسم الفرع | F2: اسم السائق | G2: وقت الحضور المقرر | H2: الحضور فعلى | I2: مدة التأخير | J2: دخول الكيدج | K2: نزول من الكيدج | L2: أخصائى الدفترى | M2: أخصائى السيستم | N2: مدة التحميل | O2: مدة انحراف التحميل | P2: الزمن المعيارى لنزول الاذن | Q2: وقت نزول الاذن | R2: مدة انحراف نزول الاذن | S2: خروج من المصنع | T2: الزمن المعيارى لدخول الفرع | U2: دخول الفرع | V2: مدة انحراف دخول الفرع | W2: الزمن المعيارى لنزول المنتجات | X2: فتح السياره | Y2: غلق السياره | Z2: الوقت المستغرق | AA2: مدة انحراف نزول المنتجات فى الفرع | AB2: خروج من الفرع | AC2: ملاحظات
A3: 1 | B3: 2714 | C3: =VLOOKUP(B3,داتا!$B$3:$D$107,2,FALSE) -> تلتين | D3: =VLOOKUP(B3,داتا!$B$3:$D$107,3,FALSE) -> 0.03125 | E3: النزهة | F3: علي النبوي | G3: 0.25 | H3: 0.26388889 | I3: =H3-G3 -> 0.013888889 | J3: 0.18055556 | K3: 0.20138889 | L3: ابراهيم محمد | M3: ابراهيم محمد | N3: =K3-J3 -> 0.020833333 | O3: 0 | P3: 0.0069444444 | Q3: 0.20486111 | R3: 0 | S3: 0.26736111 | T3: =VLOOKUP(E3,'[2]21-3-2026'!E$3:T$35,16,FALSE) -> 0.013888889 | U3: 0.28819444 | V3: =U3-T3-S3 -> 0.0069444444 | W3: 0.041666667 | X3: 0.30069444 | Y3: 0.32986111 | Z3: =Y3-X3 -> 0.029166667 | AA3: 0 | AB3: 0.33680556 | AD3: رحلة اولى ( شرقى ومخبوزات وغربى )
A4: 2 | B4: 3495 | C4: =VLOOKUP(B4,داتا!$B$3:$D$107,2,FALSE) -> تلتين | D4: =VLOOKUP(B4,داتا!$B$3:$D$107,3,FALSE) -> 0.03125 | E4: اكتوبر | F4: اسامه مصطفى | G4: 0.25 | H4: 0.25 | I4: =H4-G4 -> 0 | J4: 0.20138889 | K4: 0.22222222 | L4: ابراهيم محمد | M4: ابراهيم محمد | N4: =K4-J4 -> 0.020833333 | O4: 0 | P4: 0.0069444444 | Q4: 0.23263889 | R4: =Q4-P4-K4 -> 0.0034722222 | S4: 0.25 | T4: =VLOOKUP(E4,'[2]21-3-2026'!E$3:T$35,16,FALSE) -> 0.041666667 | U4: 0.30555556 | V4: =U4-T4-S4 -> 0.013888889 | W4: 0.041666667 | X4: 0.33680556 | Y4: 0.37847222 | Z4: =Y4-X4 -> 0.041666667 | AA4: =Z4-W4 -> 0 | AB4: 0.38194444
A5: 3 | B5: 6143 | C5: =VLOOKUP(B5,داتا!$B$3:$D$107,2,FALSE) -> تلتين | D5: =VLOOKUP(B5,داتا!$B$3:$D$107,3,FALSE) -> 0.03125 | E5: الجسر | F5: محمد حسان | G5: 0.25 | H5: 0.25 | I5: =H5-G5 -> 0 | J5: 0.22916667 | K5: 0.25694444 | L5: ابراهيم محمد | M5: ابراهيم محمد | N5: =K5-J5 -> 0.027777778 | O5: 0 | P5: 0.0069444444 | Q5: 0.26388889 | R5: =Q5-P5-K5 -> 0 | S5: 0.26736111 | T5: =VLOOKUP(E5,'[2]21-3-2026'!E$3:T$35,16,FALSE) -> 0.010416667 | U5: 0.28472222 | V5: =U5-T5-S5 -> 0.0069444444 | W5: 0.041666667 | X5: 0.34236111 | Y5: 0.39583333 | Z5: =Y5-X5 -> 0.053472222 | AA5: =Z5-W5 -> 0.011805556 | AB5: 0.40625
A6: 4 | B6: 459 | C6: =VLOOKUP(B6,داتا!$B$3:$D$107,2,FALSE) -> دبابة | D6: =VLOOKUP(B6,داتا!$B$3:$D$107,3,FALSE) -> 0.020833333 | E6: العباسية | F6: جمعة السيد | G6: 0.25 | H6: 0.24305556 | I6: 0 | J6: 0.26736111 | K6: 0.28472222 | L6: ابراهيم محمد | M6: ابراهيم محمد | N6: =K6-J6 -> 0.017361111 | O6: 0 | P6: 0.0069444444 | Q6: 0.29166667 | R6: =Q6-P6-K6 -> 0 | S6: 0.29166667 | T6: =VLOOKUP(E6,'[2]21-3-2026'!E$3:T$35,16,FALSE) -> 0.020833333 | U6: 0.32083333 | V6: =U6-T6-S6 -> 0.0083333333 | W6: 0.03125 | X6: 0.33333333 | Y6: 0.36805556 | Z6: =Y6-X6 -> 0.034722222 | AA6: =Z6-W6 -> 0.0034722222 | AB6: 0.37152778
A7: 5 | B7: 1454 | C7: =VLOOKUP(B7,داتا!$B$3:$D$107,2,FALSE) -> تلتين | D7: =VLOOKUP(B7,داتا!$B$3:$D$107,3,FALSE) -> 0.03125 | E7: العاشر | F7: علي عادل | G7: 0.25 | H7: 0.23263889 | I7: 0 | J7: 0.1875 | K7: 0.21527778 | L7: هشام احمد | M7: هشام احمد | N7: =K7-J7 -> 0.027777778 | O7: 0 | P7: 0.0069444444 | Q7: 0.21875 | R7: 0 | S7: 0.25 | T7: =VLOOKUP(E7,'[2]21-3-2026'!E$3:T$35,16,FALSE) -> 0.010416667 | U7: 0.27430556 | V7: =U7-T7-S7 -> 0.013888889 | W7: 0.041666667 | X7: 0.29861111 | Y7: 0.32638889 | Z7: =Y7-X7 -> 0.027777778 | AA7: 0 | AB7: 0.32986111
A8: 6 | B8: 3787 | C8: =VLOOKUP(B8,داتا!$B$3:$D$107,2,FALSE) -> دبابة | D8: =VLOOKUP(B8,داتا!$B$3:$D$107,3,FALSE) -> 0.020833333 | E8: الوسط | F8: صبري امام | G8: 0.25 | H8: 0.26388889 | I8: =H8-G8 -> 0.013888889 | J8: 0.22916667 | K8: 0.24652778 | L8: هشام احمد | M8: هشام احمد | N8: =K8-J8 -> 0.017361111 | O8: 0 | P8: 0.0069444444 | Q8: 0.25347222 | R8: =Q8-P8-K8 -> 0 | S8: 0.27430556 | T8: =VLOOKUP(E8,'[2]21-3-2026'!E$3:T$35,16,FALSE) -> 0.017361111 | U8: 0.29166667 | V8: =U8-T8-S8 -> 0 | W8: 0.03125 | X8: 0.29513889 | Y8: 0.31944444 | Z8: =Y8-X8 -> 0.024305556 | AA8: 0 | AB8: 0.32291667
A9: 7 | B9: 3492 | C9: =VLOOKUP(B9,داتا!$B$3:$D$107,2,FALSE) -> تلتين | D9: =VLOOKUP(B9,داتا!$B$3:$D$107,3,FALSE) -> 0.03125 | E9: المعادي 1 | F9: سامح عبدالسميع | G9: 0.25 | H9: 0.25694444 | I9: =H9-G9 -> 0.0069444444 | J9: 0.25 | K9: 0.27777778 | L9: هشام احمد | M9: هشام احمد | N9: =K9-J9 -> 0.027777778 | O9: 0 | P9: 0.0069444444 | Q9: 0.28472222 | R9: =Q9-P9-K9 -> 0 | S9: 0.28125 | T9: =VLOOKUP(E9,'[2]21-3-2026'!E$3:T$35,16,FALSE) -> 0.034722222 | U9: 0.32777778 | V9: =U9-T9-S9 -> 0.011805556 | W9: 0.041666667 | X9: 0.33819444 | Y9: 0.375 | Z9: =Y9-X9 -> 0.036805556 | AA9: 0 | AB9: 0.38541667
A10: 8 | B10: 3793 | C10: =VLOOKUP(B10,داتا!$B$3:$D$107,2,FALSE) -> دبابة | D10: =VLOOKUP(B10,داتا!$B$3:$D$107,3,FALSE) -> 0.020833333 | E10: المعادي 2 | F10: محمد مراد | G10: 0.25 | H10: 0.25347222 | I10: =H10-G10 -> 0.0034722222 | J10: 0.28819444 | K10: 0.29861111 | L10: هشام احمد | M10: هشام احمد | N10: =K10-J10 -> 0.010416667 | O10: 0 | P10: 0.0069444444 | Q10: 0.29861111 | R10: 0 | S10: 0.29861111 | T10: =VLOOKUP(E10,'[2]21-3-2026'!E$3:T$35,16,FALSE) -> 0.034722222 | U10: 0.34027778 | V10: =U10-T10-S10 -> 0.0069444444 | W10: 0.03125 | X10: 0.34375 | Y10: 0.375 | Z10: =Y10-X10 -> 0.03125 | AA10: 0 | AB10: 0.37847222
A11: 9 | B11: 634 | C11: =VLOOKUP(B11,داتا!$B$3:$D$107,2,FALSE) -> دبابة | D11: =VLOOKUP(B11,داتا!$B$3:$D$107,3,FALSE) -> 0.020833333 | E11: المطرية | F11: احمد عواد | G11: 0.25 | H11: 0.22222222 | I11: 0 | J11: 0.3 | K11: 0.3125 | L11: هشام احمد | M11: هشام احمد | N11: =K11-J11 -> 0.0125 | O11: 0 | P11: 0.0069444444 | Q11: 0.31944444 | R11: =Q11-P11-K11 -> 0 | S11: 0.31944444 | T11: =VLOOKUP(E11,'[2]21-3-2026'!E$3:T$35,16,FALSE) -> 0.0048611111 | U11: 0.32777778 | V11: =U11-T11-S11 -> 0.0034722222 | W11: 0.03125 | X11: 0.33333333 | Y11: 0.36388889 | Z11: =Y11-X11 -> 0.030555556 | AA11: 0 | AB11: 0.36527778
A12: 10 | B12: 1451 | C12: تلتين | D12: 0.03125 | E12: مكرم | F12: مصطفى احمد | G12: 0.25 | H12: 0.25 | I12: =H12-G12 -> 0 | J12: 0.1875 | K12: 0.21527778 | L12: مصطفى ابراهيم | M12: مصطفى ابراهيم | N12: =K12-J12 -> 0.027777778 | O12: 0 | P12: 0.0069444444 | Q12: 0.22569444 | R12: =Q12-P12-K12 -> 0.0034722222 | S12: 0.26041667 | T12: =VLOOKUP(E12,'[2]21-3-2026'!E$3:T$35,16,FALSE) -> 0.017361111 | U12: 0.27986111 | V12: =U12-T12-S12 -> 0.0020833333 | W12: 0.03125 | X12: 0.29375 | Y12: 0.32986111 | Z12: =Y12-X12 -> 0.036111111 | AA12: =Z12-W12 -> 0.0048611111 | AB12: 0.33333333
A13: 11 | B13: 1451 | C13: تلتين | D13: 0.03125 | E13: جاردينيا | F13: مصطفى احمد | G13: 0.25 | H13: 0.25 | I13: =H13-G13 -> 0 | J13: 0.1875 | K13: 0.21527778 | L13: مصطفى ابراهيم | M13: مصطفى ابراهيم | N13: =K13-J13 -> 0.027777778 | O13: 0 | P13: 0.0069444444 | Q13: 0.22569444 | R13: =Q13-P13-K13 -> 0.0034722222 | S13: 0.26041667 | T13: =VLOOKUP(E13,'[2]21-3-2026'!E$3:T$35,16,FALSE) -> 0.010416667 | U13: 0.34375 | V13: 0 | W13: 0.041666667 | X13: 0.34722222 | Y13: 0.375 | Z13: =Y13-X13 -> 0.027777778 | AA13: 0 | AB13: 0.37847222
A14: 12 | B14: 2695 | C14: =VLOOKUP(B14,داتا!$B$3:$D$107,2,FALSE) -> تلتين | D14: =VLOOKUP(B14,داتا!$B$3:$D$107,3,FALSE) -> 0.03125 | E14: الشروق | F14: وائل علي | G14: 0.25 | H14: 0.25 | I14: =H14-G14 -> 0 | J14: 0.23263889 | K14: 0.26736111 | L14: مصطفى ابراهيم | M14: مصطفى ابراهيم | N14: =K14-J14 -> 0.034722222 | O14: =N14-D14 -> 0.0034722222 | P14: 0.0069444444 | Q14: 0.27430556 | R14: =Q14-P14-K14 -> 0 | S14: 0.27430556 | T14: =VLOOKUP(E14,'[2]21-3-2026'!E$3:T$35,16,FALSE) -> 0.034722222 | U14: 0.3125 | V14: =U14-T14-S14 -> 0.0034722222 | W14: 0.03125 | X14: 0.33125 | Y14: 0.36111111 | Z14: =Y14-X14 -> 0.029861111 | AA14: 0 | AB14: 0.36319444
A15: 13 | B15: 2695 | C15: =VLOOKUP(B15,داتا!$B$3:$D$107,2,FALSE) -> تلتين | D15: =VLOOKUP(B15,داتا!$B$3:$D$107,3,FALSE) -> 0.03125 | E15: الشروق 3 | F15: وائل علي | G15: 0.25 | H15: 0.25 | I15: =H15-G15 -> 0 | J15: 0.23263889 | K15: 0.26736111 | L15: مصطفى ابراهيم | M15: مصطفى ابراهيم | N15: =K15-J15 -> 0.034722222 | O15: =N15-D15 -> 0.0034722222 | P15: 0.0069444444 | Q15: 0.27430556 | R15: =Q15-P15-K15 -> 0 | S15: 0.27430556 | T15: =VLOOKUP(E15,'[2]21-3-2026'!E$3:T$35,16,FALSE) -> 0.038194444 | U15: 0.375 | V15: 0 | W15: 0.041666667 | X15: 0.37847222 | Y15: 0.40277778 | Z15: =Y15-X15 -> 0.024305556 | AA15: 0 | AB15: 0.40972222
A16: 14 | B16: 9198 | C16: =VLOOKUP(B16,داتا!$B$3:$D$107,2,FALSE) -> دبابة | D16: =VLOOKUP(B16,داتا!$B$3:$D$107,3,FALSE) -> 0.020833333 | E16: الكوربة | F16: كريم محمود | G16: 0.25 | H16: 0.27430556 | I16: =H16-G16 -> 0.024305556 | J16: 0.27777778 | K16: 0.29166667 | L16: مصطفى ابراهيم | M16: مصطفى ابراهيم | N16: =K16-J16 -> 0.013888889 | O16: 0 | P16: 0.0069444444 | Q16: 0.30555556 | R16: =Q16-P16-K16 -> 0.0069444444 | S16: 0.29861111 | T16: =VLOOKUP(E16,'[2]21-3-2026'!E$3:T$35,16,FALSE) -> 0.013888889 | U16: 0.32986111 | V16: =U16-T16-S16 -> 0.017361111 | W16: 0.03125 | X16: 0.33333333 | Y16: 0.36111111 | Z16: =Y16-X16 -> 0.027777778 | AA16: 0 | AB16: 0.36666667
A17: 15 | B17: 3891 | C17: =VLOOKUP(B17,داتا!$B$3:$D$107,2,FALSE) -> تلتين | D17: =VLOOKUP(B17,داتا!$B$3:$D$107,3,FALSE) -> 0.03125 | E17: الدقي | F17: محمد صلاح | G17: 0.25 | H17: 0.25 | I17: =H17-G17 -> 0 | J17: 0.1875 | K17: 0.21527778 | L17: عمر الجوهري | M17: عمر الجوهري | N17: =K17-J17 -> 0.027777778 | O17: 0 | P17: 0.0069444444 | Q17: 0.22222222 | R17: =Q17-P17-K17 -> 0 | S17: 0.25347222 | T17: =VLOOKUP(E17,'[2]21-3-2026'!E$3:T$35,16,FALSE) -> 0.013888889 | U17: 0.28125 | V17: =U17-T17-S17 -> 0.013888889 | W17: 0.041666667 | X17: 0.29513889 | Y17: 0.33333333 | Z17: =Y17-X17 -> 0.038194444 | AA17: 0 | AB17: 0.33680556
A18: 16 | B18: 5898 | C18: =VLOOKUP(B18,داتا!$B$3:$D$107,2,FALSE) -> تلتين | D18: =VLOOKUP(B18,داتا!$B$3:$D$107,3,FALSE) -> 0.03125 | E18: الوايلي | F18: علاء مجدي | G18: 0.25 | H18: 0.23958333 | I18: 0 | J18: 0.21875 | K18: 0.25 | L18: عمر الجوهري | M18: عمر الجوهري | N18: =K18-J18 -> 0.03125 | O18: =N18-D18 -> 0 | P18: 0.0069444444 | Q18: 0.25694444 | R18: =Q18-P18-K18 -> 0 | S18: 0.25694444 | T18: =VLOOKUP(E18,'[2]21-3-2026'!E$3:T$35,16,FALSE) -> 0.010416667 | U18: 0.27430556 | V18: =U18-T18-S18 -> 0.0069444444 | W18: 0.03125 | X18: 0.30555556 | Y18: 0.32986111 | Z18: =Y18-X18 -> 0.024305556 | AA18: 0 | AB18: 0.33333333
A19: 17 | B19: 5898 | C19: =VLOOKUP(B19,داتا!$B$3:$D$107,2,FALSE) -> تلتين | D19: =VLOOKUP(B19,داتا!$B$3:$D$107,3,FALSE) -> 0.03125 | E19: المنتزة | F19: علاء مجدي | G19: 0.25 | H19: 0.23958333 | I19: 0 | J19: 0.21875 | K19: 0.25 | L19: عمر الجوهري | M19: عمر الجوهري | N19: =K19-J19 -> 0.03125 | O19: =N19-D19 -> 0 | P19: 0.0069444444 | Q19: 0.25694444 | R19: =Q19-P19-K19 -> 0 | S19: 0.25694444 | T19: =VLOOKUP(E19,'[2]21-3-2026'!E$3:T$35,16,FALSE) -> 0.010416667 | U19: 0.34722222 | V19: 0.0034722222 | W19: 0.041666667 | X19: 0.35069444 | Y19: 0.37291667 | Z19: =Y19-X19 -> 0.022222222 | AA19: 0 | AB19: 0.375
A20: 18 | B20: 2694 | C20: =VLOOKUP(B20,داتا!$B$3:$D$107,2,FALSE) -> تلتين | D20: =VLOOKUP(B20,داتا!$B$3:$D$107,3,FALSE) -> 0.03125 | E20: عرابي | F20: رضا معروف | G20: 0.25 | H20: 0.26388889 | I20: =H20-G20 -> 0.013888889 | J20: 0.25694444 | K20: 0.27777778 | L20: عمر الجوهري | M20: عمر الجوهري | N20: =K20-J20 -> 0.020833333 | O20: 0 | P20: 0.0069444444 | Q20: 0.28819444 | R20: =Q20-P20-K20 -> 0.0034722222 | S20: 0.28819444 | T20: =VLOOKUP(E20,'[2]21-3-2026'!E$3:T$35,16,FALSE) -> 0.017361111 | U20: 0.3125 | V20: =U20-T20-S20 -> 0.0069444444 | W20: 0.041666667 | X20: 0.34027778 | Y20: 0.375 | Z20: =Y20-X20 -> 0.034722222 | AA20: 0 | AB20: 0.37847222
A21: 19 | B21: 4879 | C21: =VLOOKUP(B21,داتا!$B$3:$D$107,2,FALSE) -> دبابة | D21: =VLOOKUP(B21,داتا!$B$3:$D$107,3,FALSE) -> 0.020833333 | E21: الشريف | F21: جمال فؤاد | G21: 0.25 | H21: 0.25 | I21: =H21-G21 -> 0 | J21: 0.28125 | K21: 0.29861111 | L21: عمر الجوهري | M21: عمر الجوهري | N21: =K21-J21 -> 0.017361111 | O21: 0 | P21: 0.0069444444 | Q21: 0.30902778 | R21: =Q21-P21-K21 -> 0.0034722222 | S21: 0.30902778 | T21: =VLOOKUP(E21,'[2]21-3-2026'!E$3:T$35,16,FALSE) -> 0.017361111 | U21: 0.33680556 | V21: =U21-T21-S21 -> 0.010416667 | W21: 0.03125 | X21: 0.33819444 | Y21: 0.36319444 | Z21: =Y21-X21 -> 0.025 | AA21: 0 | AB21: 0.36458333
A22: 20 | B22: 1538 | C22: =VLOOKUP(B22,داتا!$B$3:$D$107,2,FALSE) -> تلتين | D22: =VLOOKUP(B22,داتا!$B$3:$D$107,3,FALSE) -> 0.03125 | E22: فيصل | F22: عمرو المهدي | G22: 0.25 | H22: 0.23263889 | I22: 0 | J22: 0.19097222 | K22: 0.20833333 | L22: احمد عبدالجواد | M22: احمد عبدالجواد | N22: =K22-J22 -> 0.017361111 | O22: 0 | P22: 0.0069444444 | Q22: 0.21180556 | R22: 0 | S22: 0.24652778 | T22: =VLOOKUP(E22,'[2]21-3-2026'!E$3:T$35,16,FALSE) -> 0.034722222 | U22: 0.27986111 | V22: 0 | W22: 0.041666667 | X22: 0.29375 | Y22: 0.33541667 | Z22: =Y22-X22 -> 0.041666667 | AA22: =Z22-W22 -> 0 | AB22: 0.34027778
A23: 21 | B23: 4987 | C23: =VLOOKUP(B23,داتا!$B$3:$D$107,2,FALSE) -> تلتين | D23: =VLOOKUP(B23,داتا!$B$3:$D$107,3,FALSE) -> 0.03125 | E23: الطوابق | F23: علي الشحات | G23: 0.25 | H23: 0.25 | I23: =H23-G23 -> 0 | J23: 0.21527778 | K23: 0.22916667 | L23: احمد عبدالجواد | M23: احمد عبدالجواد | N23: =K23-J23 -> 0.013888889 | O23: 0 | P23: 0.0069444444 | Q23: 0.23958333 | R23: =Q23-P23-K23 -> 0.0034722222 | S23: 0.25347222 | T23: =VLOOKUP(E23,'[2]21-3-2026'!E$3:T$35,16,FALSE) -> 0.034722222 | U23: 0.30555556 | V23: =U23-T23-S23 -> 0.017361111 | W23: 0.041666667 | X23: 0.34097222 | Y23: 0.38125 | Z23: =Y23-X23 -> 0.040277778 | AA23: 0 | AB23: 0.38611111
A24: 22 | B24: 2474 | C24: =VLOOKUP(B24,داتا!$B$3:$D$107,2,FALSE) -> دبابة | D24: =VLOOKUP(B24,داتا!$B$3:$D$107,3,FALSE) -> 0.020833333 | E24: الشيراتون | F24: عبدالرحمن محمد | G24: 0.25 | H24: 0.26388889 | I24: =H24-G24 -> 0.013888889 | J24: 0.23958333 | K24: 0.26041667 | L24: احمد عبدالجواد | M24: احمد عبدالجواد | N24: =K24-J24 -> 0.020833333 | O24: =N24-D24 -> 0 | P24: 0.0069444444 | Q24: 0.26736111 | R24: =Q24-P24-K24 -> 0 | S24: 0.26736111 | T24: =VLOOKUP(E24,'[2]21-3-2026'!E$3:T$35,16,FALSE) -> 0.020833333 | U24: 0.29166667 | V24: =U24-T24-S24 -> 0.0034722222 | W24: 0.03125 | X24: 0.33680556 | Y24: 0.36458333 | Z24: =Y24-X24 -> 0.027777778 | AA24: 0 | AB24: 0.36458333
A25: 23 | B25: 675 | C25: =VLOOKUP(B25,داتا!$B$3:$D$107,2,FALSE) -> جامبو | D25: =VLOOKUP(B25,داتا!$B$3:$D$107,3,FALSE) -> 0.041666667 | E25: السواح | F25: عبدالرحمن عاطف | G25: 0.25 | H25: 0.25694444 | I25: =H25-G25 -> 0.0069444444 | J25: 0.26736111 | K25: 0.29513889 | L25: احمد عبدالجواد | M25: احمد عبدالجواد | N25: =K25-J25 -> 0.027777778 | O25: 0 | P25: 0.0069444444 | Q25: 0.30902778 | R25: =Q25-P25-K25 -> 0.0069444444 | S25: 0.30208333 | T25: =VLOOKUP(E25,'[2]21-3-2026'!E$3:T$35,16,FALSE) -> 0.010416667 | U25: 0.31597222 | V25: =U25-T25-S25 -> 0.0034722222 | W25: 0.0625 | X25: 0.33680556 | Y25: 0.38194444 | Z25: =Y25-X25 -> 0.045138889 | AA25: 0 | AB25: 0.38541667
A26: 24 | B26: 6142 | C26: =VLOOKUP(B26,داتا!$B$3:$D$107,2,FALSE) -> تلتين | D26: =VLOOKUP(B26,داتا!$B$3:$D$107,3,FALSE) -> 0.03125 | E26: التجمع 1 | F26: سيد العسال | G26: 0.25 | H26: 0.26041667 | I26: =H26-G26 -> 0.010416667 | J26: 0.1875 | K26: 0.23263889 | L26: احمد خيري | M26: احمد خيري | N26: =K26-J26 -> 0.045138889 | O26: =N26-D26 -> 0.013888889 | P26: 0.0069444444 | Q26: 0.24305556 | R26: =Q26-P26-K26 -> 0.0034722222 | S26: 0.26041667 | T26: =VLOOKUP(E26,'[2]21-3-2026'!E$3:T$35,16,FALSE) -> 0.024305556 | U26: 0.29166667 | V26: =U26-T26-S26 -> 0.0069444444 | W26: 0.03125 | X26: 0.29861111 | Y26: 0.32291667 | Z26: =Y26-X26 -> 0.024305556 | AA26: 0 | AB26: 0.32638889
A27: 25 | B27: 6142 | C27: =VLOOKUP(B27,داتا!$B$3:$D$107,2,FALSE) -> تلتين | D27: =VLOOKUP(B27,داتا!$B$3:$D$107,3,FALSE) -> 0.03125 | E27: التجمع 5 | F27: سيد العسال | G27: 0.25 | H27: 0.26041667 | I27: =H27-G27 -> 0.010416667 | J27: 0.1875 | K27: 0.23263889 | L27: احمد خيري | M27: احمد خيري | N27: =K27-J27 -> 0.045138889 | O27: =N27-D27 -> 0.013888889 | P27: 0.0069444444 | Q27: 0.24305556 | R27: =Q27-P27-K27 -> 0.0034722222 | S27: 0.26041667 | T27: =VLOOKUP(E27,'[2]21-3-2026'!E$3:T$35,16,FALSE) -> 0.010416667 | U27: 0.35416667 | V27: 0 | W27: 0.041666667 | X27: 0.35763889 | Y27: 0.39583333 | Z27: =Y27-X27 -> 0.038194444 | AA27: 0 | AB27: 0.45833333
A28: 26 | B28: 586 | C28: =VLOOKUP(B28,داتا!$B$3:$D$107,2,FALSE) -> سوزوكي | D28: =VLOOKUP(B28,داتا!$B$3:$D$107,3,FALSE) -> 0.020833333 | E28: الدوران | F28: خالد عبدة | G28: 0.25 | H28: 0.26041667 | I28: =H28-G28 -> 0.010416667 | J28: 0.24305556 | K28: 0.24652778 | L28: احمد خيري | M28: احمد خيري | N28: =K28-J28 -> 0.0034722222 | O28: 0 | P28: 0.0069444444 | Q28: 0.25 | R28: 0 | S28: 0.27083333 | T28: =VLOOKUP(E28,'[2]21-3-2026'!E$3:T$35,16,FALSE) -> 0.013888889 | U28: 0.30416667 | V28: =U28-T28-S28 -> 0.019444444 | W28: 0.03125 | X28: 0.33888889 | Y28: 0.35208333 | Z28: =Y28-X28 -> 0.013194444 | AA28: 0 | AB28: 0.35277778
A29: 27 | B29: 7464 | C29: =VLOOKUP(B29,داتا!$B$3:$D$107,2,FALSE) -> تلتين | D29: =VLOOKUP(B29,داتا!$B$3:$D$107,3,FALSE) -> 0.03125 | E29: شبرا | F29: عمرو محمد | G29: 0.25 | H29: 0.25347222 | I29: =H29-G29 -> 0.0034722222 | J29: 0.25347222 | K29: 0.29513889 | L29: احمد خيري | M29: احمد خيري | N29: =K29-J29 -> 0.041666667 | O29: =N29-D29 -> 0.010416667 | P29: 0.0069444444 | Q29: 0.30208333 | R29: =Q29-P29-K29 -> 0 | S29: 0.30208333 | T29: =VLOOKUP(E29,'[2]21-3-2026'!E$3:T$35,16,FALSE) -> 0.013888889 | U29: 0.3125 | V29: 0 | W29: 0.03125 | X29: 0.33680556 | Y29: 0.37152778 | Z29: =Y29-X29 -> 0.034722222 | AA29: =Z29-W29 -> 0.0034722222 | AB29: 0.375
A30: 28 | B30: 7464 | C30: =VLOOKUP(B30,داتا!$B$3:$D$107,2,FALSE) -> تلتين | D30: =VLOOKUP(B30,داتا!$B$3:$D$107,3,FALSE) -> 0.03125 | E30: الدوران | F30: عمرو محمد | G30: 0.25 | H30: 0.25347222 | I30: =H30-G30 -> 0.0034722222 | J30: 0.25347222 | K30: 0.29513889 | L30: احمد خيري | M30: احمد خيري | N30: =K30-J30 -> 0.041666667 | O30: =N30-D30 -> 0.010416667 | P30: 0.0069444444 | Q30: 0.30208333 | R30: =Q30-P30-K30 -> 0 | S30: 0.30208333 | T30: =VLOOKUP(E30,'[2]21-3-2026'!E$3:T$35,16,FALSE) -> 0.013888889 | U30: 0.38541667 | V30: 0 | W30: 0.041666667 | X30: 0.38888889 | Y30: 0.42013889 | Z30: =Y30-X30 -> 0.03125 | AA30: 0 | AB30: 0.42361111
A31: 29 | B31: 796 | C31: =VLOOKUP(B31,داتا!$B$3:$D$107,2,FALSE) -> دبابة | D31: =VLOOKUP(B31,داتا!$B$3:$D$107,3,FALSE) -> 0.020833333 | E31: مسطرد | F31: محمود عبدالفتاح | G31: 0.29166667 | H31: 0.28472222 | I31: 0 | J31: 0.30555556 | K31: 0.32986111 | L31: احمد خيري | M31: احمد خيري | N31: =K31-J31 -> 0.024305556 | O31: =N31-D31 -> 0.0034722222 | P31: 0.0069444444 | Q31: 0.33680556 | R31: =Q31-P31-K31 -> 0 | S31: 0.34027778 | T31: =VLOOKUP(E31,'[2]21-3-2026'!E$3:T$35,16,FALSE) -> 0.0034722222 | U31: 0.34375 | V31: =U31-T31-S31 -> 0 | W31: 0.03125 | X31: 0.34722222 | Y31: 0.38541667 | Z31: =Y31-X31 -> 0.038194444 | AA31: =Z31-W31 -> 0.0069444444 | AB31: 0.38888889
A32: 30 | B32: 2917 | C32: =VLOOKUP(B32,داتا!$B$3:$D$107,2,FALSE) -> تلتين | D32: =VLOOKUP(B32,داتا!$B$3:$D$107,3,FALSE) -> 0.03125 | E32: عباس | F32: رجب محمد | G32: 0.25 | H32: 0.24305556 | I32: 0 | J32: 0.1875 | K32: 0.22916667 | L32: سيد رزق | M32: محمد علي | N32: =K32-J32 -> 0.041666667 | O32: =N32-D32 -> 0.010416667 | P32: 0.0069444444 | Q32: 0.23958333 | R32: =Q32-P32-K32 -> 0.0034722222 | S32: 0.25347222 | T32: =VLOOKUP(E32,'[2]21-3-2026'!E$3:T$35,16,FALSE) -> 0.017361111 | U32: 0.27430556 | V32: =U32-T32-S32 -> 0.0034722222 | W32: 0.03125 | X32: 0.29513889 | Y32: 0.32291667 | Z32: =Y32-X32 -> 0.027777778 | AA32: 0 | AB32: 0.32638889
A33: 31 | B33: 2917 | C33: =VLOOKUP(B33,داتا!$B$3:$D$107,2,FALSE) -> تلتين | D33: =VLOOKUP(B33,داتا!$B$3:$D$107,3,FALSE) -> 0.03125 | E33: الميرغني | F33: رجب محمد | G33: 0.25 | H33: 0.24305556 | I33: 0 | J33: 0.1875 | K33: 0.22916667 | L33: سيد رزق | M33: محمد علي | N33: =K33-J33 -> 0.041666667 | O33: =N33-D33 -> 0.010416667 | P33: 0.0069444444 | Q33: 0.23958333 | R33: =Q33-P33-K33 -> 0.0034722222 | S33: 0.25347222 | T33: 0.010416667 | U33: 0.34027778 | V33: 0.0034722222 | W33: 0.041666667 | X33: 0.34375 | Y33: 0.38194444 | Z33: =Y33-X33 -> 0.038194444 | AA33: 0 | AB33: 0.38541667
A34: 32 | B34: 3783 | C34: =VLOOKUP(B34,داتا!$B$3:$D$107,2,FALSE) -> دبابة | D34: =VLOOKUP(B34,داتا!$B$3:$D$107,3,FALSE) -> 0.020833333 | E34: العاشر من رمضان | F34: الشناوي سرور | G34: 0.25 | H34: 0.25347222 | I34: =H34-G34 -> 0.0034722222 | J34: 0.23958333 | K34: 0.26041667 | L34: سيد رزق | M34: محمد علي | N34: =K34-J34 -> 0.020833333 | O34: =N34-D34 -> 4.1633363e-17 | P34: 0.0069444444 | Q34: 0.27777778 | R34: =Q34-P34-K34 -> 0.010416667 | S34: 0.27430556 | T34: =VLOOKUP(E34,'[2]21-3-2026'!E$3:T$35,16,FALSE) -> 0.0625 | U34: 0.32638889 | V34: 0 | W34: 0.03125 | X34: 0.33333333 | Y34: 0.37291667 | Z34: =Y34-X34 -> 0.039583333 | AA34: =Z34-W34 -> 0.0083333333 | AB34: 0.38125
A35: 33 | B35: 1537 | C35: =VLOOKUP(B35,داتا!$B$3:$D$107,2,FALSE) -> تلتين | D35: =VLOOKUP(B35,داتا!$B$3:$D$107,3,FALSE) -> 0.03125 | E35: العبور | F35: خالد محمد | G35: 0.25 | H35: 0.25694444 | I35: =H35-G35 -> 0.0069444444 | J35: 0.27430556 | K35: 0.29166667 | L35: سيد رزق | M35: محمد علي | N35: =K35-J35 -> 0.017361111 | O35: 0 | P35: 0.0069444444 | Q35: 0.30208333 | R35: =Q35-P35-K35 -> 0.0034722222 | S35: 0.30555556 | T35: =VLOOKUP(E35,'[2]21-3-2026'!E$3:T$35,16,FALSE) -> 0.027777778 | U35: 0.34166667 | V35: =U35-T35-S35 -> 0.0083333333 | W35: 0.041666667 | X35: 0.34375 | Y35: 0.37986111 | Z35: =Y35-X35 -> 0.036111111 | AA35: 0 | AB35: 0.38541667
A36: 1 | B36: 1538 | C36: =VLOOKUP(B36,داتا!$B$3:$D$107,2,FALSE) -> تلتين | D36: =VLOOKUP(B36,داتا!$B$3:$D$107,3,FALSE) -> 0.03125 | E36: التجمع 1 | F36: عمرو المهدي | G36: 0.25 | H36: =VLOOKUP(F36,$F$3:$H$35,3,FALSE) -> 0.23263889 | I36: 0 | J36: 0.38888889 | K36: 0.40625 | L36: محمد فؤاد | M36: محمد فؤاد | N36: =K36-J36 -> 0.017361111 | O36: 0 | P36: 0.0069444444 | Q36: 0.41666667 | R36: =Q36-P36-K36 -> 0.0034722222 | S36: 0.41666667 | T36: =VLOOKUP(E36,'[2]21-3-2026'!E$3:T$35,16,FALSE) -> 0.024305556 | U36: 0.47916667 | V36: =U36-T36-S36 -> 0.038194444 | W36: 0.03125 | X36: 0.48263889 | Y36: 0.50694444 | Z36: =Y36-X36 -> 0.024305556 | AA36: 0 | AB36: 0.51041667 | AD36: رحلة ثانية ( شرقى وغربى ومخبوزات )
A37: 2 | B37: 1538 | C37: =VLOOKUP(B37,داتا!$B$3:$D$107,2,FALSE) -> تلتين | D37: =VLOOKUP(B37,داتا!$B$3:$D$107,3,FALSE) -> 0.03125 | E37: التجمع 5 | F37: عمرو المهدي | G37: 0.25 | H37: =VLOOKUP(F37,$F$3:$H$35,3,FALSE) -> 0.23263889 | I37: 0 | J37: 0.38888889 | K37: 0.40625 | L37: محمد فؤاد | M37: محمد فؤاد | N37: =K37-J37 -> 0.017361111 | O37: 0 | P37: 0.0069444444 | Q37: 0.41666667 | R37: =Q37-P37-K37 -> 0.0034722222 | S37: 0.41666667 | T37: =VLOOKUP(E37,'[2]21-3-2026'!E$3:T$35,16,FALSE) -> 0.010416667 | U37: 0.52777778 | V37: 0.0069444444 | W37: 0.041666667 | X37: 0.53125 | Y37: 0.55208333 | Z37: =Y37-X37 -> 0.020833333 | AA37: 0 | AB37: 0.55555556
A38: 3 | B38: 675 | C38: =VLOOKUP(B38,داتا!$B$3:$D$107,2,FALSE) -> جامبو | D38: =VLOOKUP(B38,داتا!$B$3:$D$107,3,FALSE) -> 0.041666667 | E38: شبرا | F38: عبدالرحمن عاطف | G38: 0.25 | H38: =VLOOKUP(F38,$F$3:$H$35,3,FALSE) -> 0.25694444 | I38: =H38-G38 -> 0.0069444444 | J38: 0.43055556 | K38: 0.46180556 | L38: محمد فؤاد | M38: محمد فؤاد | N38: =K38-J38 -> 0.03125 | O38: 0 | P38: 0.0069444444 | Q38: 0.46875 | R38: =Q38-P38-K38 -> 0 | S38: 0.46875 | T38: =VLOOKUP(E38,'[2]21-3-2026'!E$3:T$35,16,FALSE) -> 0.013888889 | U38: 0.47569444 | V38: 0 | W38: 0.041666667 | X38: 0.47916667 | Y38: 0.5125 | Z38: =Y38-X38 -> 0.033333333 | AA38: 0 | AB38: 0.52013889
A39: 4 | B39: 675 | C39: =VLOOKUP(B39,داتا!$B$3:$D$107,2,FALSE) -> جامبو | D39: =VLOOKUP(B39,داتا!$B$3:$D$107,3,FALSE) -> 0.041666667 | E39: الدوران | F39: عبدالرحمن عاطف | G39: 0.25 | H39: =VLOOKUP(F39,$F$3:$H$35,3,FALSE) -> 0.25694444 | I39: =H39-G39 -> 0.0069444444 | J39: 0.43055556 | K39: 0.46180556 | L39: محمد فؤاد | M39: محمد فؤاد | N39: =K39-J39 -> 0.03125 | O39: 0 | P39: 0.0069444444 | Q39: 0.46875 | R39: =Q39-P39-K39 -> 0 | S39: 0.46875 | T39: =VLOOKUP(E39,'[2]21-3-2026'!E$3:T$35,16,FALSE) -> 0.013888889 | U39: 0.52777778 | V39: 0 | W39: 0.0625 | X39: 0.53125 | Y39: 0.54861111 | Z39: =Y39-X39 -> 0.017361111 | AA39: 0 | AB39: 0.55208333
A40: 5 | B40: 3783 | C40: =VLOOKUP(B40,داتا!$B$3:$D$107,2,FALSE) -> دبابة | D40: =VLOOKUP(B40,داتا!$B$3:$D$107,3,FALSE) -> 0.020833333 | E40: المنتزة | F40: الشناوي سرور | G40: 0.25 | H40: =VLOOKUP(F40,$F$3:$H$35,3,FALSE) -> 0.25347222 | I40: =H40-G40 -> 0.0034722222 | J40: 0.48263889 | K40: 0.49652778 | L40: محمد فؤاد | M40: محمد فؤاد | N40: =K40-J40 -> 0.013888889 | O40: 0 | P40: 0.0069444444 | Q40: 0.49652778 | R40: 0 | S40: 0.49652778 | T40: =VLOOKUP(E40,'[2]21-3-2026'!E$3:T$35,16,FALSE) -> 0.010416667 | U40: 0.51041667 | V40: =U40-T40-S40 -> 0.0034722222 | W40: 0.020833333 | X40: 0.51388889 | Y40: 0.52291667 | Z40: =Y40-X40 -> 0.0090277778 | AA40: 0 | AB40: 0.52430556
A41: 6 | B41: 3783 | C41: =VLOOKUP(B41,داتا!$B$3:$D$107,2,FALSE) -> دبابة | D41: =VLOOKUP(B41,داتا!$B$3:$D$107,3,FALSE) -> 0.020833333 | E41: الكوربة | F41: الشناوي سرور | G41: 0.25 | H41: =VLOOKUP(F41,$F$3:$H$35,3,FALSE) -> 0.25347222 | I41: =H41-G41 -> 0.0034722222 | J41: 0.48263889 | K41: 0.49652778 | L41: محمد فؤاد | M41: محمد فؤاد | N41: =K41-J41 -> 0.013888889 | O41: 0 | P41: 0.0069444444 | Q41: 0.49652778 | R41: 0 | S41: 0.49652778 | T41: =VLOOKUP(E41,'[2]21-3-2026'!E$3:T$35,16,FALSE) -> 0.013888889 | U41: 0.53819444 | V41: 0.0034722222 | W41: 0.03125 | X41: 0.54027778 | Y41: 0.55208333 | Z41: =Y41-X41 -> 0.011805556 | AA41: 0 | AB41: 0.55555556
