Workbook

Sheet داتا
A1: شيت دخول وخروج السيارات أبو محرم عن يوم الخميس الموافق 19/2/2026
A2: م | B2: رقم السيارة | C2: نوع السيارة | D2: الزمن المعيارى للتحميل | E2: اسم الفرع | F2: اسم السائق | G2: وقت الحضور المقرر | H2: الحضور فعلى | I2: مدة التأخير | J2: دخول الكيدج | K2: نزول من الكيدج | L2: أخصائى الدفترى | M2: أخصائى السيستم | N2: مدة التحميل | O2: مدة انحراف التحميل | P2: الزمن المعيارى لنزول الاذن | Q2: وقت نزول الاذن | R2: مدة انحراف نزول الاذن | S2: خروج من المصنع | T2: الزمن المعيارى لدخول الفرع | U2: دخول الفرع | V2: مدة انحراف دخول الفرع | W2: الزمن المعيارى لنزول المنتجات | X2: فتح السياره | Y2: غلق السياره | Z2: الوقت المستغرق | AA2: مدة انحراف نزول المنتجات فى الفرع | AB2: خروج من الفرع | AC2: ملاحظات
A3: 1 | B3: 892 | C3: =VLOOKUP(B3,'[1]22-1-2026'!$B$3:$D$38,2,FALSE) -> تلتين | D3: =VLOOKUP(B3,'[1]22-1-2026'!$B$3:$D$38,3,FALSE) -> 0.03125 | E3: اول جمال | F3: ابراهيم محمود | G3: 0.29166667 | H3: 0.29166667 | I3: =H3-G3 -> 0 | J3: 0.29513889 | K3: 0.31597222 | N3: =K3-J3 -> 0.020833333 | O3: 0 | P3: 0.0069444444 | Q3: 0.31597222 | R3: 0 | S3: 0.31597222 | T3: =VLOOKUP(E3,'[1]22-1-2026'!$E$3:$T$13,16,FALSE) -> 0.024305556 | U3: 0.34375 | V3: =U3-T3-S3 -> 0.0034722222 | W3: 0.03125 | X3: 0.35416667 | Y3: 0.375 | Z3: =Y3-X3 -> 0.020833333 | AA3: 0 | AB3: 0.37847222 | AD3: رحلة اولى ( شرقى ومخبوزات وغربى )
A4: 2 | B4: 892 | C4: =VLOOKUP(B4,'[1]22-1-2026'!$B$3:$D$38,2,FALSE) -> تلتين | D4: =VLOOKUP(B4,'[1]22-1-2026'!$B$3:$D$38,3,FALSE) -> 0.03125 | E4: السلام | F4: ابراهيم محمود | G4: 0.29166667 | H4: 0.29166667 | I4: =H4-G4 -> 0 | J4: 0.29513889 | K4: 0.31597222 | N4: =K4-J4 -> 0.020833333 | O4: 0 | P4: 0.0069444444 | Q4: 0.31597222 | R4: 0 | S4: 0.31597222 | T4: 0.010416667 | U4: 0.39236111 | V4: 0.0034722222 | W4: 0.041666667 | X4: 0.39375 | Y4: 0.4375 | Z4: =Y4-X4 -> 0.04375 | AA4: =Z4-W4 -> 0.0020833333 | AB4: 0.43958333
A5: 3 | B5: 2694 | C5: تلتين | D5: 0.03125 | E5: الشارع | F5: مصطفي عادل | G5: 0.29166667 | H5: 0.29166667 | I5: =H5-G5 -> 0 | J5: 0.31597222 | K5: 0.32638889 | N5: =K5-J5 -> 0.010416667 | O5: 0 | P5: 0.0069444444 | Q5: 0.32638889 | R5: 0 | S5: 0.32638889 | T5: =VLOOKUP(E5,'[1]22-1-2026'!$E$3:$T$13,16,FALSE) -> 0.013888889 | U5: 0.33888889 | V5: 0 | W5: 0.03125 | X5: 0.34722222 | Y5: 0.38055556 | Z5: =Y5-X5 -> 0.033333333 | AA5: =Z5-W5 -> 0.0020833333 | AB5: 0.38194444
A6: 4 | B6: 2694 | C6: تلتين | D6: 0.03125 | E6: التعاون | F6: مصطفي عادل | G6: 0.29166667 | H6: 0.29166667 | I6: =H6-G6 -> 0 | J6: 0.31597222 | K6: 0.32638889 | N6: =K6-J6 -> 0.010416667 | O6: 0 | P6: 0.0069444444 | Q6: 0.32638889 | R6: 0 | S6: 0.32638889 | T6: 0.010416667 | U6: 0.39236111 | V6: 0 | W6: 0.041666667 | X6: 0.39583333 | Y6: 0.42847222 | Z6: =Y6-X6 -> 0.032638889 | AA6: 0 | AB6: 0.43055556
A7: 5 | B7: 539 | C7: =VLOOKUP(B7,'[1]22-1-2026'!$B$3:$D$38,2,FALSE) -> دبابة | D7: =VLOOKUP(B7,'[1]22-1-2026'!$B$3:$D$38,3,FALSE) -> 0.020833333 | E7: الشروق | F7: احمد اشرف | G7: 0.29166667 | H7: 0.29166667 | I7: =H7-G7 -> 0 | J7: 0.27777778 | K7: 0.30902778 | N7: =K7-J7 -> 0.03125 | O7: =N7-D7 -> 0.010416667 | P7: 0.0069444444 | Q7: 0.30902778 | R7: 0 | S7: 0.30902778 | T7: =VLOOKUP(E7,'[1]22-1-2026'!$E$3:$T$13,16,FALSE) -> 0.034722222 | U7: 0.34722222 | V7: =U7-T7-S7 -> 0.0034722222 | W7: 0.020833333 | X7: 0.35069444 | Y7: 0.39236111 | Z7: =Y7-X7 -> 0.041666667 | AA7: =Z7-W7 -> 0.020833333 | AB7: 0.39583333
A8: 6 | B8: 539 | C8: =VLOOKUP(B8,'[1]22-1-2026'!$B$3:$D$38,2,FALSE) -> دبابة | D8: =VLOOKUP(B8,'[1]22-1-2026'!$B$3:$D$38,3,FALSE) -> 0.020833333 | E8: بدر | F8: احمد اشرف | G8: 0.29166667 | H8: 0.29166667 | I8: =H8-G8 -> 0 | J8: 0.27777778 | K8: 0.30902778 | N8: =K8-J8 -> 0.03125 | O8: =N8-D8 -> 0.010416667 | P8: 0.0069444444 | Q8: 0.30902778 | R8: 0 | S8: 0.30902778 | T8: 0.010416667 | U8: 0.41319444 | V8: 0.0069444444 | W8: 0.03125 | X8: 0.42013889 | Y8: 0.56944444 | Z8: =Y8-X8 -> 0.14930556 | AA8: =Z8-W8 -> 0.11805556 | AB8: 0.57291667
A9: 7 | B9: 762 | C9: =VLOOKUP(B9,'[1]22-1-2026'!$B$3:$D$38,2,FALSE) -> دبابة | D9: =VLOOKUP(B9,'[1]22-1-2026'!$B$3:$D$38,3,FALSE) -> 0.020833333 | E9: العبور | F9: ممدوح عبد العال | G9: 0.29166667 | H9: 0.28472222 | I9: 0 | J9: 0.30902778 | K9: 0.31944444 | N9: =K9-J9 -> 0.010416667 | O9: 0 | P9: 0.0069444444 | Q9: 0.31944444 | R9: 0 | S9: 0.31944444 | T9: =VLOOKUP(E9,'[1]22-1-2026'!$E$3:$T$13,16,FALSE) -> 0.017361111 | U9: 0.35416667 | V9: =U9-T9-S9 -> 0.017361111 | W9: 0.03125 | X9: 0.35972222 | Y9: 0.3875 | Z9: =Y9-X9 -> 0.027777778 | AA9: 0 | AB9: 0.38888889
A10: 8 | B10: 876 | C10: =VLOOKUP(B10,'[1]22-1-2026'!$B$3:$D$38,2,FALSE) -> دبابة | D10: =VLOOKUP(B10,'[1]22-1-2026'!$B$3:$D$38,3,FALSE) -> 0.020833333 | E10: بافاريا | F10: مجدي صبحي | G10: 0.29166667 | H10: 0.28819444 | I10: 0 | J10: 0.27430556 | K10: 0.29513889 | N10: =K10-J10 -> 0.020833333 | O10: =N10-D10 -> 0 | P10: 0.0069444444 | Q10: 0.29513889 | R10: 0 | S10: 0.29513889 | T10: 0.010416667 | U10: 0.31944444 | V10: =U10-T10-S10 -> 0.013888889 | W10: 0.03125 | X10: 0.35416667 | Y10: 0.37847222 | Z10: =Y10-X10 -> 0.024305556 | AA10: 0 | AB10: 0.38194444
A11: 9 | B11: 529 | C11: =VLOOKUP(B11,'[1]22-1-2026'!$B$3:$D$38,2,FALSE) -> دبابة | D11: =VLOOKUP(B11,'[1]22-1-2026'!$B$3:$D$38,3,FALSE) -> 0.020833333 | E11: مسرة | F11: محمد احمد | G11: 0.29166667 | H11: 0.29166667 | I11: =H11-G11 -> 0 | J11: 0.32638889 | K11: 0.33333333 | N11: =K11-J11 -> 0.0069444444 | O11: 0 | P11: 0.0069444444 | Q11: 0.33333333 | R11: 0 | S11: 0.33333333 | T11: =VLOOKUP(E11,'[1]22-1-2026'!$E$3:$T$13,16,FALSE) -> 0.013888889 | U11: 0.34375 | V11: 0 | W11: 0.03125 | X11: 0.35069444 | Y11: 0.38194444 | Z11: =Y11-X11 -> 0.03125 | AA11: =Z11-W11 -> 0 | AB11: 0.38541667
A12: 10 | B12: 492 | C12: =VLOOKUP(B12,'[1]22-1-2026'!$B$3:$D$38,2,FALSE) -> دبابة | D12: =VLOOKUP(B12,'[1]22-1-2026'!$B$3:$D$38,3,FALSE) -> 0.020833333 | E12: العباسية | F12: محمد ابراهيم | G12: 0.29166667 | H12: 0.29166667 | I12: =H12-G12 -> 0 | J12: 0.31944444 | K12: 0.32638889 | N12: =K12-J12 -> 0.0069444444 | O12: 0 | P12: 0.0069444444 | Q12: 0.32638889 | R12: 0 | S12: 0.32638889 | T12: =VLOOKUP(E12,'[1]22-1-2026'!$E$3:$T$13,16,FALSE) -> 0.013888889 | U12: 0 | V12: 0 | W12: 0.03125 | X12: 0 | Y12: 0 | Z12: =Y12-X12 -> 0 | AA12: 0 | AB12: 0
A13: 11 | B13: 315 | C13: =VLOOKUP(B13,'[1]22-1-2026'!$B$3:$D$38,2,FALSE) -> دبابة | D13: =VLOOKUP(B13,'[1]22-1-2026'!$B$3:$D$38,3,FALSE) -> 0.020833333 | E13: اللبيني | F13: محمد صديق | G13: 0.29166667 | H13: 0.28819444 | I13: 0 | J13: 0.27430556 | K13: 0.28472222 | N13: =K13-J13 -> 0.010416667 | O13: 0 | P13: 0.0069444444 | Q13: 0.28472222 | R13: 0 | S13: 0.28472222 | T13: =VLOOKUP(E13,'[1]22-1-2026'!$E$3:$T$13,16,FALSE) -> 0.041666667 | U13: 0.33263889 | V13: =U13-T13-S13 -> 0.00625 | W13: 0.020833333 | X13: 0.33472222 | Y13: 0.35763889 | Z13: =Y13-X13 -> 0.022916667 | AA13: =Z13-W13 -> 0.0020833333 | AB13: 0.36111111
A14: 12 | B14: 315 | C14: =VLOOKUP(B14,'[1]22-1-2026'!$B$3:$D$38,2,FALSE) -> دبابة | D14: =VLOOKUP(B14,'[1]22-1-2026'!$B$3:$D$38,3,FALSE) -> 0.020833333 | E14: ترسا | F14: محمد صديق | G14: 0.29166667 | H14: 0.28819444 | I14: 0 | J14: 0.27430556 | K14: 0.28472222 | N14: =K14-J14 -> 0.010416667 | O14: 0 | P14: 0.0069444444 | Q14: 0.28472222 | R14: 0 | S14: 0.28472222 | T14: =VLOOKUP(E14,'[1]22-1-2026'!$E$3:$T$13,16,FALSE) -> 0.0069444444 | U14: 0.36458333 | V14: 0 | W14: 0.03125 | X14: 0.36666667 | Y14: 0.39861111 | Z14: =Y14-X14 -> 0.031944444 | AA14: =Z14-W14 -> 0.00069444444 | AB14: 0.40277778
A15: 13 | B15: 249 | C15: =VLOOKUP(B15,'[1]22-1-2026'!$B$3:$D$38,2,FALSE) -> دبابة | D15: =VLOOKUP(B15,'[1]22-1-2026'!$B$3:$D$38,3,FALSE) -> 0.020833333 | E15: بورسعيد | F15: حسن علي | G15: 0.29166667 | H15: 0.29166667 | I15: =H15-G15 -> 0 | J15: 0.32986111 | K15: 0.36805556 | N15: =K15-J15 -> 0.038194444 | O15: =N15-D15 -> 0.017361111 | P15: 0.0069444444 | Q15: 0.37152778 | R15: 0 | S15: 0.37152778 | T15: =VLOOKUP(E15,'[1]22-1-2026'!$E$3:$T$13,16,FALSE) -> 0.0034722222 | U15: 0.375 | V15: =U15-T15-S15 -> 0 | W15: 0.03125 | X15: 0.37569444 | Y15: 0.41319444 | Z15: =Y15-X15 -> 0.0375 | AA15: =Z15-W15 -> 0.00625 | AB15: 0.41666667
A16: 14 | B16: 492 | C16: =VLOOKUP(B16,'[1]22-1-2026'!$B$3:$D$38,2,FALSE) -> دبابة | D16: =VLOOKUP(B16,'[1]22-1-2026'!$B$3:$D$38,3,FALSE) -> 0.020833333 | E16: اول جمال | F16: محمد ابراهيم | G16: 0.29166667 | H16: =VLOOKUP(F16,$F$3:$H$12,3,FALSE) -> 0.29166667 | I16: =H16-G16 -> 0 | J16: 0.40277778 | K16: 0.4375 | N16: =K16-J16 -> 0.034722222 | O16: =N16-D16 -> 0.013888889 | P16: 0.0069444444 | Q16: 0.4375 | R16: 0 | S16: 0.4375 | T16: =VLOOKUP(E16,'[1]18-2-2026'!$E$16:$W$27,16,FALSE) -> 0.024305556 | U16: 0.47916667 | V16: =U16-T16-S16 -> 0.017361111 | W16: 0.020833333 | X16: 0.48263889 | Y16: 0.51388889 | Z16: =Y16-X16 -> 0.03125 | AA16: =Z16-W16 -> 0.010416667 | AB16: 0.51736111 | AD16: رحلة ثانية ( شرقى وغربى ومخبوزات )
A17: 15 | B17: 492 | C17: =VLOOKUP(B17,'[1]22-1-2026'!$B$3:$D$38,2,FALSE) -> دبابة | D17: =VLOOKUP(B17,'[1]22-1-2026'!$B$3:$D$38,3,FALSE) -> 0.020833333 | E17: العبور | F17: محمد ابراهيم | G17: 0.29166667 | H17: =VLOOKUP(F17,$F$3:$H$12,3,FALSE) -> 0.29166667 | I17: =H17-G17 -> 0 | J17: 0.40277778 | K17: 0.4375 | N17: =K17-J17 -> 0.034722222 | O17: =N17-D17 -> 0.013888889 | P17: 0.0069444444 | Q17: 0.4375 | R17: 0 | S17: 0.4375 | T17: 0.010416667 | U17: 0.52777778 | V17: 0 | W17: 0.03125 | X17: 0.53263889 | Y17: 0.57152778 | Z17: =Y17-X17 -> 0.038888889 | AA17: =Z17-W17 -> 0.0076388889 | AB17: 0.57291667
A18: 16 | B18: 529 | C18: =VLOOKUP(B18,'[1]22-1-2026'!$B$3:$D$38,2,FALSE) -> دبابة | D18: =VLOOKUP(B18,'[1]22-1-2026'!$B$3:$D$38,3,FALSE) -> 0.020833333 | E18: الشروق | F18: محمد احمد | G18: 0.29166667 | H18: =VLOOKUP(F18,$F$3:$H$12,3,FALSE) -> 0.29166667 | I18: =H18-G18 -> 0 | J18: 0.40277778 | K18: 0.4375 | N18: =K18-J18 -> 0.034722222 | O18: =N18-D18 -> 0.013888889 | P18: 0.0069444444 | Q18: 0.4375 | R18: 0 | S18: 0.4375 | T18: =VLOOKUP(E18,'[1]18-2-2026'!$E$16:$W$27,16,FALSE) -> 0.034722222 | U18: 0.46875 | V18: 0 | W18: 0.020833333 | X18: 0.47569444 | Y18: 0.51041667 | Z18: =Y18-X18 -> 0.034722222 | AA18: =Z18-W18 -> 0.013888889 | AB18: 0.51388889
A19: 17 | B19: 529 | C19: =VLOOKUP(B19,'[1]22-1-2026'!$B$3:$D$38,2,FALSE) -> دبابة | D19: =VLOOKUP(B19,'[1]22-1-2026'!$B$3:$D$38,3,FALSE) -> 0.020833333 | E19: بدر | F19: محمد احمد | G19: 0.29166667 | H19: =VLOOKUP(F19,$F$3:$H$12,3,FALSE) -> 0.29166667 | I19: =H19-G19 -> 0 | J19: 0.40277778 | K19: 0.4375 | N19: =K19-J19 -> 0.034722222 | O19: =N19-D19 -> 0.013888889 | P19: 0.0069444444 | Q19: 0.4375 | R19: 0 | S19: 0.4375 | T19: =VLOOKUP(E19,'[1]18-2-2026'!$E$16:$W$27,16,FALSE) -> 0.020833333 | U19: 0.53472222 | V19: 0 | W19: 0.03125 | X19: 0.54166667 | Y19: 0.84722222 | Z19: =Y19-X19 -> 0.30555556 | AA19: =Z19-W19 -> 0.27430556 | AB19: 0.85069444
A20: 18 | B20: 762 | C20: =VLOOKUP(B20,'[1]22-1-2026'!$B$3:$D$38,2,FALSE) -> دبابة | D20: =VLOOKUP(B20,'[1]22-1-2026'!$B$3:$D$38,3,FALSE) -> 0.020833333 | E20: بافاريا | F20: ممدوح عبد العال | G20: 0.29166667 | H20: =VLOOKUP(F20,$F$3:$H$12,3,FALSE) -> 0.28472222 | I20: 0 | J20: 0.4375 | K20: 0.47569444 | N20: =K20-J20 -> 0.038194444 | O20: =N20-D20 -> 0.017361111 | P20: 0.0069444444 | Q20: 0.45833333 | R20: 0 | S20: 0.45833333 | T20: 0.017361111 | U20: 0 | V20: 0 | W20: 0.03125 | X20: 0 | Y20: 0 | Z20: =Y20-X20 -> 0 | AA20: 0 | AB20: 0
A21: 19 | B21: 249 | C21: =VLOOKUP(B21,'[1]22-1-2026'!$B$3:$D$38,2,FALSE) -> دبابة | D21: =VLOOKUP(B21,'[1]22-1-2026'!$B$3:$D$38,3,FALSE) -> 0.020833333 | E21: العباسية | F21: حسن علي | G21: 0.29166667 | H21: 0.29166667 | I21: =H21-G21 -> 0 | J21: 0.4375 | K21: 0.47569444 | N21: =K21-J21 -> 0.038194444 | O21: =N21-D21 -> 0.017361111 | P21: 0.0069444444 | Q21: 0.48263889 | R21: 0 | S21: 0.48263889 | T21: =VLOOKUP(E21,'[1]18-2-2026'!$E$16:$W$27,16,FALSE) -> 0.013888889 | U21: 0.49375 | V21: 0 | W21: 0.020833333 | X21: 0.49583333 | Y21: 0.52708333 | Z21: =Y21-X21 -> 0.03125 | AA21: =Z21-W21 -> 0.010416667 | AB21: 0.53125
A22: 20 | B22: 249 | C22: =VLOOKUP(B22,'[1]22-1-2026'!$B$3:$D$38,2,FALSE) -> دبابة | D22: =VLOOKUP(B22,'[1]22-1-2026'!$B$3:$D$38,3,FALSE) -> 0.020833333 | E22: مسرة | F22: حسن علي | G22: 0.29166667 | H22: 0.29166667 | I22: =H22-G22 -> 0 | J22: 0.4375 | K22: 0.48263889 | N22: =K22-J22 -> 0.045138889 | O22: =N22-D22 -> 0.024305556 | P22: 0.0069444444 | Q22: 0.48263889 | R22: 0 | S22: 0.48263889 | T22: =VLOOKUP(E22,'[1]18-2-2026'!$E$16:$W$27,16,FALSE) -> 0.013888889 | U22: 0.54305556 | V22: 0 | W22: 0.03125 | X22: 0.54652778 | Y22: 0.57083333 | Z22: =Y22-X22 -> 0.024305556 | AA22: 0 | AB22: 0.57291667
A23: 21 | B23: 315 | C23: =VLOOKUP(B23,'[1]22-1-2026'!$B$3:$D$38,2,FALSE) -> دبابة | D23: =VLOOKUP(B23,'[1]22-1-2026'!$B$3:$D$38,3,FALSE) -> 0.020833333 | E23: السلام | F23: محمد صديق | G23: 0.29166667 | H23: 0.29166667 | I23: =H23-G23 -> 0 | J23: 0.46875 | K23: 0.50694444 | N23: =K23-J23 -> 0.038194444 | O23: =N23-D23 -> 0.017361111 | P23: 0.0069444444 | Q23: 0.48263889 | R23: 0 | S23: 0.48263889 | T23: =VLOOKUP(E23,'[1]18-2-2026'!$E$16:$W$27,16,FALSE) -> 0.027777778 | U23: 0.51597222 | V23: =U23-T23-S23 -> 0.0055555556 | W23: 0.03125 | X23: 0.52083333 | Y23: 0.54513889 | Z23: =Y23-X23 -> 0.024305556 | AA23: 0 | AB23: 0.54652778
A24: 22 | B24: 876 | C24: =VLOOKUP(B24,'[1]22-1-2026'!$B$3:$D$38,2,FALSE) -> دبابة | D24: =VLOOKUP(B24,'[1]22-1-2026'!$B$3:$D$38,3,FALSE) -> 0.020833333 | E24: اللبيني | F24: مجدي صبحي | G24: 0.29166667 | H24: =VLOOKUP(F24,$F$3:$H$12,3,FALSE) -> 0.28819444 | I24: 0 | J24: 0.47569444 | K24: 0.50694444 | N24: =K24-J24 -> 0.03125 | O24: =N24-D24 -> 0.010416667 | P24: 0.0069444444 | Q24: 0.51388889 | R24: 0 | S24: 0.51388889 | T24: =VLOOKUP(E24,'[1]18-2-2026'!$E$16:$W$27,16,FALSE) -> 0.041666667 | U24: 0.53819444 | V24: 0 | W24: 0.020833333 | X24: 0.54166667 | Y24: 0.56944444 | Z24: =Y24-X24 -> 0.027777778 | AA24: =Z24-W24 -> 0.0069444444 | AB24: 0.57291667
A25: 23 | B25: 876 | C25: =VLOOKUP(B25,'[1]22-1-2026'!$B$3:$D$38,2,FALSE) -> دبابة | D25: =VLOOKUP(B25,'[1]22-1-2026'!$B$3:$D$38,3,FALSE) -> 0.020833333 | E25: ترسا | F25: مجدي صبحي | G25: 0.29166667 | H25: =VLOOKUP(F25,$F$3:$H$12,3,FALSE) -> 0.28819444 | I25: 0 | J25: 0.47569444 | K25: 0.50694444 | N25: =K25-J25 -> 0.03125 | O25: =N25-D25 -> 0.010416667 | P25: 0.0069444444 | Q25: 0.51388889 | R25: 0 | S25: 0.51388889 | T25: 0.010416667 | U25: 0.58333333 | V25: 0 | W25: 0.03125 | X25: 0.58680556 | Y25: 0.60694444 | Z25: =Y25-X25 -> 0.020138889 | AA25: 0 | AB25: 0.60972222
A26: 24 | B26: 2694 | C26: تلتين | D26: 0.03125 | E26: الشارع | F26: مصطفي عادل | G26: 0.29166667 | H26: =VLOOKUP(F26,$F$3:$H$12,3,FALSE) -> 0.29166667 | I26: =H26-G26 -> 0 | J26: 0.48611111 | K26: 0.54166667 | N26: =K26-J26 -> 0.055555556 | O26: =N26-D26 -> 0.024305556 | P26: 0.0069444444 | Q26: 0.54166667 | R26: 0 | S26: 0.54166667 | T26: =VLOOKUP(E26,'[1]18-2-2026'!$E$16:$W$27,16,FALSE) -> 0.013888889 | U26: 0.54861111 | V26: 0 | W26: 0.03125 | X26: 0.55069444 | Y26: 0.58125 | Z26: =Y26-X26 -> 0.030555556 | AA26: 0 | AB26: 0.58333333
A27: 25 | B27: 2694 | C27: تلتين | D27: 0.03125 | E27: التعاون | F27: مصطفي عادل | G27: 0.29166667 | H27: =VLOOKUP(F27,$F$3:$H$12,3,FALSE) -> 0.29166667 | I27: =H27-G27 -> 0 | J27: 0.48611111 | K27: 0.54166667 | N27: =K27-J27 -> 0.055555556 | O27: =N27-D27 -> 0.024305556 | P27: 0.0069444444 | Q27: 0.54166667 | R27: 0 | S27: 0.54166667 | T27: =VLOOKUP(E27,'[1]18-2-2026'!$E$16:$W$27,16,FALSE) -> 0.013888889 | U27: 0.59722222 | V27: 0 | W27: 0.041666667 | X27: 0.60069444 | Y27: 0.64444444 | Z27: =Y27-X27 -> 0.04375 | AA27: =Z27-W27 -> 0.0020833333 | AB27: 0.64583333
A28: 26 | B28: 892 | C28: =VLOOKUP(B28,'[1]22-1-2026'!$B$3:$D$38,2,FALSE) -> تلتين | D28: =VLOOKUP(B28,'[1]22-1-2026'!$B$3:$D$38,3,FALSE) -> 0.03125 | E28: بورسعيد | F28: ابراهيم محمود | G28: 0.29166667 | H28: =VLOOKUP(F28,$F$3:$H$12,3,FALSE) -> 0.29166667 | I28: =H28-G28 -> 0 | J28: 0.51041667 | K28: 0.54166667 | N28: =K28-J28 -> 0.03125 | O28: =N28-D28 -> 0 | P28: 0.0069444444 | Q28: 0.54166667 | R28: 0 | S28: 0.54166667 | T28: =VLOOKUP(E28,'[1]18-2-2026'!$E$16:$W$27,16,FALSE) -> 0.0034722222 | U28: 0.49652778 | V28: 0 | W28: 0.041666667 | X28: 0.49722222 | Y28: 0.52291667 | Z28: =Y28-X28 -> 0.025694444 | AA28: 0 | AB28: 0.52361111
A29: 27 | B29: 892 | C29: =VLOOKUP(B29,'[1]22-1-2026'!$B$3:$D$38,2,FALSE) -> تلتين | D29: =VLOOKUP(B29,'[1]22-1-2026'!$B$3:$D$38,3,FALSE) -> 0.03125 | E29: اول جمال | F29: ابراهيم محمود | G29: 0.29166667 | H29: =VLOOKUP(F29,$F$3:$H$12,3,FALSE) -> 0.29166667 | I29: =H29-G29 -> 0 | J29: 0.56944444 | K29: 0.62847222 | N29: =K29-J29 -> 0.059027778 | O29: =N29-D29 -> 0.027777778 | P29: 0.0069444444 | Q29: 0.64236111 | R29: =Q29-P29-K29 -> 0.0069444444 | S29: 0.64236111 | T29: =VLOOKUP(E29,'[1]22-1-2026'!$E$27:$T$38,16,FALSE) -> 0.024305556 | U29: 0.58680556 | V29: 0 | W29: 0.03125 | X29: 0.59027778 | Y29: 0.60416667 | Z29: =Y29-X29 -> 0.013888889 | AA29: 0 | AB29: 0.60555556 | AD29: رحلة ثالثة ( شرقى وغربى ومخبوزات )
A30: 28 | B30: 892 | C30: =VLOOKUP(B30,'[1]22-1-2026'!$B$3:$D$38,2,FALSE) -> تلتين | D30: =VLOOKUP(B30,'[1]22-1-2026'!$B$3:$D$38,3,FALSE) -> 0.03125 | E30: السلام | F30: ابراهيم محمود | G30: 0.29166667 | H30: =VLOOKUP(F30,$F$3:$H$12,3,FALSE) -> 0.29166667 | I30: =H30-G30 -> 0 | J30: 0.56944444 | K30: 0.62847222 | N30: =K30-J30 -> 0.059027778 | O30: =N30-D30 -> 0.027777778 | P30: 0.0069444444 | Q30: 0.64236111 | R30: =Q30-P30-K30 -> 0.0069444444 | S30: 0.64236111 | T30: =VLOOKUP(E30,'[1]22-1-2026'!$E$27:$T$38,16,FALSE) -> 0.013888889 | U30: 0.61458333 | V30: 0 | W30: 0.041666667 | X30: 0.61597222 | Y30: 0.65833333 | Z30: =Y30-X30 -> 0.042361111 | AA30: =Z30-W30 -> 0.00069444444 | AB30: 0.65972222
A31: 29 | B31: 249 | C31: =VLOOKUP(B31,'[1]22-1-2026'!$B$3:$D$38,2,FALSE) -> دبابة | D31: =VLOOKUP(B31,'[1]22-1-2026'!$B$3:$D$38,3,FALSE) -> 0.020833333 | E31: العباسية | F31: حسن علي | G31: 0.29166667 | H31: 0.29166667 | I31: =H31-G31 -> 0 | J31: 0.59027778 | K31: 0.625 | N31: =K31-J31 -> 0.034722222 | O31: =N31-D31 -> 0.013888889 | P31: 0.0069444444 | Q31: 0.63888889 | R31: =Q31-P31-K31 -> 0.0069444444 | S31: 0.63888889 | T31: =VLOOKUP(E31,'[1]22-1-2026'!$E$27:$T$38,16,FALSE) -> 0.013888889 | U31: 0.65625 | V31: =U31-T31-S31 -> 0.0034722222 | W31: 0.020833333 | X31: 0.6625 | Y31: 0.69791667 | Z31: =Y31-X31 -> 0.035416667 | AA31: =Z31-W31 -> 0.014583333 | AB31: 0.7
A32: 30 | B32: 249 | C32: =VLOOKUP(B32,'[1]22-1-2026'!$B$3:$D$38,2,FALSE) -> دبابة | D32: =VLOOKUP(B32,'[1]22-1-2026'!$B$3:$D$38,3,FALSE) -> 0.020833333 | E32: مسرة | F32: حسن علي | G32: 0.29166667 | H32: 0.29166667 | I32: =H32-G32 -> 0 | J32: 0.59027778 | K32: 0.625 | N32: =K32-J32 -> 0.034722222 | O32: =N32-D32 -> 0.013888889 | P32: 0.0069444444 | Q32: 0.63888889 | R32: =Q32-P32-K32 -> 0.0069444444 | S32: 0.63888889 | T32: =VLOOKUP(E32,'[1]22-1-2026'!$E$27:$T$38,16,FALSE) -> 0.010416667 | U32: 0.72916667 | V32: 0.01875 | W32: 0.03125 | X32: 0.73263889 | Y32: 0.75833333 | Z32: =Y32-X32 -> 0.025694444 | AA32: 0 | AB32: 0.76597222
A33: 31 | B33: 539 | C33: =VLOOKUP(B33,'[1]22-1-2026'!$B$3:$D$38,2,FALSE) -> دبابة | D33: =VLOOKUP(B33,'[1]22-1-2026'!$B$3:$D$38,3,FALSE) -> 0.020833333 | E33: اللبيني | F33: احمد اشرف | G33: 0.29166667 | H33: =VLOOKUP(F33,$F$3:$H$12,3,FALSE) -> 0.29166667 | I33: =H33-G33 -> 0 | J33: 0.625 | K33: 0.64583333 | N33: =K33-J33 -> 0.020833333 | O33: =N33-D33 -> 3.8163916e-17 | P33: 0.0069444444 | Q33: 0.64583333 | R33: 0 | S33: 0.64583333 | T33: 0.038194444 | U33: 0.67708333 | V33: 0 | W33: 0.020833333 | X33: 0.68055556 | Y33: 0.69097222 | Z33: =Y33-X33 -> 0.010416667 | AA33: 0 | AB33: 0.69444444
A34: 32 | B34: 539 | C34: =VLOOKUP(B34,'[1]22-1-2026'!$B$3:$D$38,2,FALSE) -> دبابة | D34: =VLOOKUP(B34,'[1]22-1-2026'!$B$3:$D$38,3,FALSE) -> 0.020833333 | E34: ترسا | F34: احمد اشرف | G34: 0.29166667 | H34: =VLOOKUP(F34,$F$3:$H$12,3,FALSE) -> 0.29166667 | I34: =H34-G34 -> 0 | J34: 0.625 | K34: 0.64583333 | N34: =K34-J34 -> 0.020833333 | O34: =N34-D34 -> 3.8163916e-17 | P34: 0.0069444444 | Q34: 0.64583333 | R34: 0 | S34: 0.64583333 | T34: 0.010416667 | U34: 0.70138889 | V34: 0 | W34: 0.03125 | X34: 0.70347222 | Y34: 0.70486111 | Z34: =Y34-X34 -> 0.0013888889 | AA34: 0 | AB34: 0.70833333
A35: 33 | B35: 492 | C35: =VLOOKUP(B35,'[1]22-1-2026'!$B$3:$D$38,2,FALSE) -> دبابة | D35: =VLOOKUP(B35,'[1]22-1-2026'!$B$3:$D$38,3,FALSE) -> 0.020833333 | E35: الشروق | F35: محمد ابراهيم | G35: 0.29166667 | H35: =VLOOKUP(F35,$F$3:$H$12,3,FALSE) -> 0.29166667 | I35: =H35-G35 -> 0 | J35: 0.63888889 | K35: 0.65972222 | N35: =K35-J35 -> 0.020833333 | O35: =N35-D35 -> 3.8163916e-17 | P35: 0.0069444444 | Q35: 0.65972222 | R35: 0 | S35: 0.65972222 | T35: 0.038194444 | U35: 0.70833333 | V35: =U35-T35-S35 -> 0.010416667 | W35: 0.020833333 | X35: 0.71180556 | Y35: 0.72083333 | Z35: =Y35-X35 -> 0.0090277778 | AA35: 0 | AB35: 0.72222222
A36: 34 | B36: 492 | C36: =VLOOKUP(B36,'[1]22-1-2026'!$B$3:$D$38,2,FALSE) -> دبابة | D36: =VLOOKUP(B36,'[1]22-1-2026'!$B$3:$D$38,3,FALSE) -> 0.020833333 | E36: بدر | F36: محمد ابراهيم | G36: 0.29166667 | H36: =VLOOKUP(F36,$F$3:$H$12,3,FALSE) -> 0.29166667 | I36: =H36-G36 -> 0 | J36: 0.63888889 | K36: 0.65972222 | N36: =K36-J36 -> 0.020833333 | O36: =N36-D36 -> 3.8163916e-17 | P36: 0.0069444444 | Q36: 0.65972222 | R36: 0 | S36: 0.65972222 | T36: =VLOOKUP(E36,'[1]22-1-2026'!$E$27:$T$38,16,FALSE) -> 0.052083333 | U36: 0.73263889 | V36: 0 | W36: 0.03125 | X36: 0.74305556 | Y36: 0.86597222 | Z36: =Y36-X36 -> 0.12291667 | AA36: =Z36-W36 -> 0.091666667 | AB36: 0.875
A37: 35 | B37: 762 | C37: =VLOOKUP(B37,'[1]22-1-2026'!$B$3:$D$38,2,FALSE) -> دبابة | D37: =VLOOKUP(B37,'[1]22-1-2026'!$B$3:$D$38,3,FALSE) -> 0.020833333 | E37: بافاريا | F37: ممدوح عبد العال | G37: 0.29166667 | H37: =VLOOKUP(F37,$F$3:$H$12,3,FALSE) -> 0.28472222 | I37: 0 | J37: 0.64583333 | K37: 0.65277778 | N37: =K37-J37 -> 0.0069444444 | O37: 0 | P37: 0.0069444444 | Q37: 0.65277778 | R37: 0 | S37: 0.65277778 | T37: =VLOOKUP(E37,'[1]22-1-2026'!$E$27:$T$38,16,FALSE) -> 0.017361111 | U37: 0 | V37: 0 | W37: 0.03125 | X37: 0 | Y37: 0 | Z37: =Y37-X37 -> 0 | AA37: 0 | AB37: 0
A38: 36 | B38: 876 | C38: =VLOOKUP(B38,'[1]22-1-2026'!$B$3:$D$38,2,FALSE) -> دبابة | D38: =VLOOKUP(B38,'[1]22-1-2026'!$B$3:$D$38,3,FALSE) -> 0.020833333 | E38: العبور | F38: مجدي صبحي | G38: 0.29166667 | H38: =VLOOKUP(F38,$F$3:$H$12,3,FALSE) -> 0.28819444 | I38: 0 | J38: 0.65625 | K38: 0.67013889 | N38: =K38-J38 -> 0.013888889 | O38: 0 | P38: 0.0069444444 | Q38: 0.67708333 | R38: 0 | S38: 0.67708333 | T38: =VLOOKUP(E38,'[1]22-1-2026'!$E$27:$T$38,16,FALSE) -> 0.013888889 | U38: 0.71875 | V38: =U38-T38-S38 -> 0.027777778 | W38: 0.03125 | X38: 0.72083333 | Y38: 0.73819444 | Z38: =Y38-X38 -> 0.017361111 | AA38: 0 | AB38: 0.73958333
A39: 37 | B39: 2694 | C39: تلتين | D39: 0.03125 | E39: التعاون | F39: مصطفي عادل | G39: 0.29166667 | H39: =VLOOKUP(F39,$F$3:$H$12,3,FALSE) -> 0.29166667 | I39: =H39-G39 -> 0 | J39: 0.65972222 | K39: 0.67708333 | N39: =K39-J39 -> 0.017361111 | O39: 0 | P39: 0.0069444444 | Q39: 0.67708333 | R39: 0 | S39: 0.67708333 | T39: =VLOOKUP(E39,'[1]22-1-2026'!$E$27:$T$38,16,FALSE) -> 0.010416667 | U39: 0.6875 | V39: =U39-T39-S39 -> 0 | W39: 0.03125 | X39: 0.69097222 | Y39: 0.69583333 | Z39: =Y39-X39 -> 0.0048611111 | AA39: 0 | AB39: 0.69791667
A40: 38 | B40: 2694 | C40: تلتين | D40: 0.03125 | E40: الشارع | F40: مصطفي عادل | G40: 0.29166667 | H40: =VLOOKUP(F40,$F$3:$H$12,3,FALSE) -> 0.29166667 | I40: =H40-G40 -> 0 | J40: 0.65972222 | K40: 0.67708333 | N40: =K40-J40 -> 0.017361111 | O40: 0 | P40: 0.0069444444 | Q40: 0.67708333 | R40: 0 | S40: 0.67708333 | T40: =VLOOKUP(E40,'[1]22-1-2026'!$E$27:$T$38,16,FALSE) -> 0.013888889 | U40: 0.71180556 | V40: 0 | W40: 0.041666667 | X40: 0.71458333 | Y40: 0.72916667 | Z40: =Y40-X40 -> 0.014583333 | AA40: 0 | AB40: 0.73611111
A41: 39 | B41: 315 | C41: =VLOOKUP(B41,'[1]22-1-2026'!$B$3:$D$38,2,FALSE) -> دبابة | D41: =VLOOKUP(B41,'[1]22-1-2026'!$B$3:$D$38,3,FALSE) -> 0.020833333 | E41: بورسعيد | F41: محمد صديق | G41: 0.29166667 | H41: 0.29166667 | I41: =H41-G41 -> 0 | J41: 0.69444444 | K41: 0.70138889 | N41: =K41-J41 -> 0.0069444444 | O41: 0 | P41: 0.0069444444 | Q41: 0.70138889 | R41: 0 | S41: 0.70138889 | T41: 0.0034722222 | U41: 0 | V41: 0 | W41: 0.03125 | X41: 0 | Y41: 0 | Z41: =Y41-X41 -> 0 | AA41: 0 | AB41: 0
A42: 40 | B42: 7435 | C42: تلتين | D42: 0.03125

Sheet 21-4-2026
A1: شيت دخول وخروج السيارات أبو محرم
A2: م | B2: رقم السيارة | C2: نوع السيارة | D2: الزمن المعيارى للتحميل | E2: اسم الفرع | F2: اسم السائق | G2: وقت الحضور المقرر | H2: الحضور فعلى | I2: مدة التأخير | J2: دخول الكيدج | K2: نزول من الكيدج | L2: أخصائى الدفترى | M2: أخصائى السيستم | N2: مدة التحميل | O2: مدة انحراف التحميل | P2: الزمن المعيارى لنزول الاذن | Q2: وقت نزول الاذن | R2: مدة انحراف نزول الاذن | S2: خروج من المصنع | T2: الزمن المعيارى لدخول الفرع | U2: دخول الفرع | V2: مدة انحراف دخول الفرع | W2: الزمن المعيارى لنزول المنتجات | X2: فتح السياره | Y2: غلق السياره | Z2: الوقت المستغرق | AA2: مدة انحراف نزول المنتجات فى الفرع | AB2: خروج من الفرع | AC2: ملاحظات
A3: 1 | B3: 539 | C3: =VLOOKUP(B3,داتا!$B$3:$D$42,2,FALSE) -> دبابة | D3: =VLOOKUP(B3,داتا!$B$3:$D$42,3,FALSE) -> 0.020833333 | E3: الشروق | F3: احمد اشرف | G3: 0.25 | H3: 0.26388889 | I3: =H3-G3 -> 0.013888889 | J3: 0.22916667 | K3: 0.23958333 | L3: كريم سمير | M3: اسلام حمدان | N3: =K3-J3 -> 0.010416667 | O3: 0 | P3: 0.0069444444 | Q3: 0.26736111 | R3: =Q3-P3-K3 -> 0.020833333 | S3: 0.26736111 | T3: =VLOOKUP(E3,'[1]22-1-2026'!$E$3:$T$13,16,FALSE) -> 0.034722222 | U3: 0.30902778 | V3: =U3-T3-S3 -> 0.0069444444 | W3: 0.020833333 | X3: 0.33472222 | Y3: 0.35833333 | Z3: =Y3-X3 -> 0.023611111 | AA3: =Z3-W3 -> 0.0027777778 | AB3: 0.36111111 | AD3: رحلة اولى ( شرقى ومخبوزات وغربى )
A4: 2 | B4: 539 | C4: =VLOOKUP(B4,داتا!$B$3:$D$42,2,FALSE) -> دبابة | D4: =VLOOKUP(B4,داتا!$B$3:$D$42,3,FALSE) -> 0.020833333 | E4: بدر | F4: احمد اشرف | G4: 0.25 | H4: 0.26388889 | I4: =H4-G4 -> 0.013888889 | J4: 0.22916667 | K4: 0.23958333 | L4: كريم سمير | M4: اسلام حمدان | N4: =K4-J4 -> 0.010416667 | O4: 0 | P4: 0.0069444444 | Q4: 0.26736111 | R4: =Q4-P4-K4 -> 0.020833333 | S4: 0.26736111 | T4: 0.020833333 | U4: 0.375 | V4: 0 | W4: 0.03125 | X4: 0.41666667 | Y4: 0.4375 | Z4: =Y4-X4 -> 0.020833333 | AA4: 0 | AB4: 0.44097222
A5: 3 | B5: 892 | C5: =VLOOKUP(B5,داتا!$B$3:$D$42,2,FALSE) -> تلتين | D5: =VLOOKUP(B5,داتا!$B$3:$D$42,3,FALSE) -> 0.03125 | E5: اول جمال | F5: احمد جمعة | G5: 0.25 | H5: 0.26388889 | I5: =H5-G5 -> 0.013888889 | J5: 0.22916667 | K5: 0.23958333 | L5: كريم سمير | M5: اسلام حمدان | N5: =K5-J5 -> 0.010416667 | O5: 0 | P5: 0.0069444444 | Q5: 0.26736111 | R5: =Q5-P5-K5 -> 0.020833333 | S5: 0.26736111 | T5: =VLOOKUP(E5,'[1]22-1-2026'!$E$3:$T$13,16,FALSE) -> 0.024305556 | U5: 0.29166667 | V5: =U5-T5-S5 -> 0 | W5: 0.03125 | X5: 0.30555556 | Y5: 0.34513889 | Z5: =Y5-X5 -> 0.039583333 | AA5: =Z5-W5 -> 0.0083333333 | AB5: 0.35208333
A6: 4 | B6: 892 | C6: =VLOOKUP(B6,داتا!$B$3:$D$42,2,FALSE) -> تلتين | D6: =VLOOKUP(B6,داتا!$B$3:$D$42,3,FALSE) -> 0.03125 | E6: السلام | F6: احمد جمعة | G6: 0.25 | H6: 0.26388889 | I6: =H6-G6 -> 0.013888889 | J6: 0.22916667 | K6: 0.23958333 | L6: كريم سمير | M6: اسلام حمدان | N6: =K6-J6 -> 0.010416667 | O6: 0 | P6: 0.0069444444 | Q6: 0.26736111 | R6: =Q6-P6-K6 -> 0.020833333 | S6: 0.26736111 | T6: =VLOOKUP(E6,'[1]22-1-2026'!$E$3:$T$13,16,FALSE) -> 0.027777778 | U6: 0.3625 | V6: 0 | W6: 0.041666667 | X6: 0.36805556 | Y6: 0.38958333 | Z6: =Y6-X6 -> 0.021527778 | AA6: 0 | AB6: 0.39583333
A7: 5 | B7: 876 | C7: =VLOOKUP(B7,داتا!$B$3:$D$42,2,FALSE) -> دبابة | D7: =VLOOKUP(B7,داتا!$B$3:$D$42,3,FALSE) -> 0.020833333 | E7: اللبيني | F7: احمد السعيد | G7: 0.25 | H7: 0.25 | I7: =H7-G7 -> 0 | J7: 0.25 | K7: 0.25694444 | L7: كريم سمير | M7: اسلام حمدان | N7: =K7-J7 -> 0.0069444444 | O7: 0 | P7: 0.0069444444 | Q7: 0.26388889 | R7: =Q7-P7-K7 -> 0 | S7: 0.26388889 | T7: =VLOOKUP(E7,'[1]22-1-2026'!$E$3:$T$13,16,FALSE) -> 0.041666667 | U7: 0.28819444 | V7: 0 | W7: 0.020833333 | X7: 0.33194444 | Y7: 0.35277778 | Z7: =Y7-X7 -> 0.020833333 | AA7: =Z7-W7 -> 3.8163916e-17 | AB7: 0.35833333
A8: 6 | B8: 876 | C8: =VLOOKUP(B8,داتا!$B$3:$D$42,2,FALSE) -> دبابة | D8: =VLOOKUP(B8,داتا!$B$3:$D$42,3,FALSE) -> 0.020833333 | E8: ترسا | F8: احمد السعيد | G8: 0.25 | H8: 0.25 | I8: =H8-G8 -> 0 | J8: 0.25 | K8: 0.25694444 | L8: كريم سمير | M8: اسلام حمدان | N8: =K8-J8 -> 0.0069444444 | O8: 0 | P8: 0.0069444444 | Q8: 0.26388889 | R8: =Q8-P8-K8 -> 0 | S8: 0.26388889 | T8: =VLOOKUP(E8,'[1]22-1-2026'!$E$3:$T$13,16,FALSE) -> 0.0069444444 | U8: 0.36458333 | V8: 0 | W8: 0.03125 | X8: 0.37152778 | Y8: 0.38888889 | Z8: =Y8-X8 -> 0.017361111 | AA8: 0 | AB8: 0.39444444
A9: 7 | B9: 7435 | C9: =VLOOKUP(B9,داتا!$B$3:$D$42,2,FALSE) -> تلتين | D9: =VLOOKUP(B9,داتا!$B$3:$D$42,3,FALSE) -> 0.03125 | E9: الشارع | F9: مصطفى عادل | G9: 0.25 | H9: 0.25347222 | I9: =H9-G9 -> 0.0034722222 | J9: 0.24305556 | K9: 0.25694444 | L9: كريم سمير | M9: اسلام حمدان | N9: =K9-J9 -> 0.013888889 | O9: 0 | P9: 0.0069444444 | Q9: 0.26736111 | R9: =Q9-P9-K9 -> 0.0034722222 | S9: 0.26736111 | T9: =VLOOKUP(E9,'[1]22-1-2026'!$E$3:$T$13,16,FALSE) -> 0.013888889 | U9: 0.28472222 | V9: =U9-T9-S9 -> 0.0034722222 | W9: 0.03125 | X9: 0.33333333 | Y9: 0.35763889 | Z9: =Y9-X9 -> 0.024305556 | AA9: 0 | AB9: 0.36111111
A10: 8 | B10: 7435 | C10: =VLOOKUP(B10,داتا!$B$3:$D$42,2,FALSE) -> تلتين | D10: =VLOOKUP(B10,داتا!$B$3:$D$42,3,FALSE) -> 0.03125 | E10: التعاون | F10: مصطفى عادل | G10: 0.25 | H10: 0.25347222 | I10: =H10-G10 -> 0.0034722222 | J10: 0.24305556 | K10: 0.25694444 | L10: كريم سمير | M10: اسلام حمدان | N10: =K10-J10 -> 0.013888889 | O10: 0 | P10: 0.0069444444 | Q10: 0.26736111 | R10: =Q10-P10-K10 -> 0.0034722222 | S10: 0.26736111 | T10: =VLOOKUP(E10,'[1]22-1-2026'!$E$3:$T$13,16,FALSE) -> 0.013888889 | U10: 0.375 | V10: 0 | W10: 0.041666667 | X10: 0.37708333 | Y10: 0.39930556 | Z10: =Y10-X10 -> 0.022222222 | AA10: 0 | AB10: 0.40277778
A11: 9 | B11: 762 | C11: =VLOOKUP(B11,داتا!$B$3:$D$42,2,FALSE) -> دبابة | D11: =VLOOKUP(B11,داتا!$B$3:$D$42,3,FALSE) -> 0.020833333 | E11: العبور | F11: ممدوح عبدالعال | G11: 0.25 | H11: 0.20833333 | I11: 0 | J11: 0.25694444 | K11: 0.26388889 | L11: كريم سمير | M11: اسلام حمدان | N11: =K11-J11 -> 0.0069444444 | O11: 0 | P11: 0.0069444444 | Q11: 0.26388889 | R11: 0 | S11: 0.26388889 | T11: =VLOOKUP(E11,'[1]22-1-2026'!$E$3:$T$13,16,FALSE) -> 0.017361111 | U11: 0.29513889 | V11: =U11-T11-S11 -> 0.013888889 | W11: 0.03125 | X11: 0.34027778 | Y11: 0.36111111 | Z11: =Y11-X11 -> 0.020833333 | AA11: 0 | AB11: 0.36458333
A12: 10 | B12: 529 | C12: =VLOOKUP(B12,داتا!$B$3:$D$42,2,FALSE) -> دبابة | D12: =VLOOKUP(B12,داتا!$B$3:$D$42,3,FALSE) -> 0.020833333 | E12: العباسية | F12: اسلام سلطان | G12: 0.25 | H12: 0.25 | I12: =H12-G12 -> 0 | J12: 0.25694444 | K12: 0.26041667 | L12: كريم سمير | M12: اسلام حمدان | N12: =K12-J12 -> 0.0034722222 | O12: 0 | P12: 0.0069444444 | Q12: 0.26388889 | R12: 0 | S12: 0.26388889 | T12: =VLOOKUP(E12,'[1]22-1-2026'!$E$3:$T$13,16,FALSE) -> 0.013888889 | U12: 0.27430556 | V12: 0 | W12: 0.03125 | X12: 0.31944444 | Y12: 0.34513889 | Z12: =Y12-X12 -> 0.025694444 | AA12: 0 | AB12: 0.35069444
A13: 11 | B13: 249 | C13: =VLOOKUP(B13,داتا!$B$3:$D$42,2,FALSE) -> دبابة | D13: =VLOOKUP(B13,داتا!$B$3:$D$42,3,FALSE) -> 0.020833333 | E13: مسرة | F13: حسن علي | G13: 0.25 | H13: 0.25 | I13: =H13-G13 -> 0 | J13: 0.26388889 | K13: 0.27083333 | L13: كريم سمير | M13: اسلام حمدان | N13: =K13-J13 -> 0.0069444444 | O13: 0 | P13: 0.0069444444 | Q13: 0.27083333 | R13: 0 | S13: 0.27083333 | T13: =VLOOKUP(E13,'[1]22-1-2026'!$E$3:$T$13,16,FALSE) -> 0.013888889 | U13: 0.28472222 | V13: =U13-T13-S13 -> 0 | W13: 0.03125 | X13: 0.30555556 | Y13: 0.34027778 | Z13: =Y13-X13 -> 0.034722222 | AA13: =Z13-W13 -> 0.0034722222 | AB13: 0.34375
A14: 12 | B14: 529 | C14: تويوتا | D14: =VLOOKUP(B14,داتا!$B$3:$D$42,3,FALSE) -> 0.020833333 | E14: النزهة | F14: مجدي صبحي | G14: 0.25 | H14: 0.24652778 | I14: 0 | J14: 0.26388889 | K14: 0.28472222 | L14: كريم سمير | M14: اسلام حمدان | N14: =K14-J14 -> 0.020833333 | O14: 0 | P14: 0.0069444444 | Q14: 0.28472222 | R14: 0 | S14: 0.28472222 | T14: 0.013888889 | U14: 0.30555556 | V14: =U14-T14-S14 -> 0.0069444444 | W14: 0.03125 | X14: 0.34722222 | Y14: 0.37152778 | Z14: =Y14-X14 -> 0.024305556 | AA14: 0 | AB14: 0.375
A15: 13 | B15: 492 | C15: =VLOOKUP(B15,داتا!$B$3:$D$42,2,FALSE) -> دبابة | D15: =VLOOKUP(B15,داتا!$B$3:$D$42,3,FALSE) -> 0.020833333 | E15: بورسعيد | F15: محمد احمد | G15: 0.25 | H15: 0.27777778 | I15: =H15-G15 -> 0.027777778 | J15: 0.27430556 | K15: 0.28472222 | L15: كريم سمير | M15: اسلام حمدان | N15: =K15-J15 -> 0.010416667 | O15: 0 | P15: 0.0069444444 | Q15: 0.29513889 | R15: =Q15-P15-K15 -> 0.0034722222 | S15: 0.29513889 | T15: =VLOOKUP(E15,'[1]22-1-2026'!$E$3:$T$13,16,FALSE) -> 0.0034722222 | U15: 0.29166667 | V15: 0 | W15: 0.03125 | X15: 0.34375 | Y15: 0.36111111 | Z15: =Y15-X15 -> 0.017361111 | AA15: 0 | AB15: 0.3625
A16: 1 | B16: 492 | C16: =VLOOKUP(B16,داتا!$B$3:$D$42,2,FALSE) -> دبابة | D16: =VLOOKUP(B16,داتا!$B$3:$D$42,3,FALSE) -> 0.020833333 | E16: الشروق | F16: محمد احمد | G16: 0.25 | H16: 0.25 | I16: =H16-G16 -> 0 | J16: 0.41666667 | K16: 0.45138889 | L16: عمرو محمد | M16: خالد عبدالسلام | N16: =K16-J16 -> 0.034722222 | O16: =N16-D16 -> 0.013888889 | P16: 0.0069444444 | Q16: 0.45138889 | R16: 0 | S16: 0.45138889 | T16: =VLOOKUP(E16,'[1]22-1-2026'!$E$3:$T$13,16,FALSE) -> 0.034722222 | U16: 0.49305556 | V16: =U16-T16-S16 -> 0.0069444444 | W16: 0.020833333 | X16: 0.49444444 | Y16: 0.50833333 | Z16: =Y16-X16 -> 0.013888889 | AA16: 0 | AB16: 0.51041667 | AD16: رحلة ثانية ( شرقى وغربى ومخبوزات )
A17: 2 | B17: 492 | C17: =VLOOKUP(B17,داتا!$B$3:$D$42,2,FALSE) -> دبابة | D17: =VLOOKUP(B17,داتا!$B$3:$D$42,3,FALSE) -> 0.020833333 | E17: بدر | F17: محمد احمد | G17: 0.25 | H17: 0.25 | I17: =H17-G17 -> 0 | J17: 0.41666667 | K17: 0.45138889 | L17: عمرو محمد | M17: خالد عبدالسلام | N17: =K17-J17 -> 0.034722222 | O17: =N17-D17 -> 0.013888889 | P17: 0.0069444444 | Q17: 0.45138889 | R17: 0 | S17: 0.45138889 | T17: 0.020833333 | U17: 0.52430556 | V17: 0 | W17: 0.03125 | X17: 0.52777778 | Y17: 0.55 | Z17: =Y17-X17 -> 0.022222222 | AA17: 0 | AB17: 0.55208333
A18: 3 | B18: 249 | C18: =VLOOKUP(B18,داتا!$B$3:$D$42,2,FALSE) -> دبابة | D18: =VLOOKUP(B18,داتا!$B$3:$D$42,3,FALSE) -> 0.020833333 | E18: اللبيني | F18: حسن علي | G18: 0.25 | H18: 0.24305556 | I18: 0 | J18: 0.41666667 | K18: 0.45138889 | L18: عبدالمنعم | M18: محمد هشام | N18: =K18-J18 -> 0.034722222 | O18: =N18-D18 -> 0.013888889 | P18: 0.0069444444 | Q18: 0.45486111 | R18: 0 | S18: 0.45486111 | T18: =VLOOKUP(E18,'[1]22-1-2026'!$E$3:$T$13,16,FALSE) -> 0.041666667 | U18: 0.49444444 | V18: 0 | W18: 0.020833333 | X18: 0.49583333 | Y18: 0.50347222 | Z18: =Y18-X18 -> 0.0076388889 | AA18: 0 | AB18: 0.50694444
A19: 4 | B19: 249 | C19: =VLOOKUP(B19,داتا!$B$3:$D$42,2,FALSE) -> دبابة | D19: =VLOOKUP(B19,داتا!$B$3:$D$42,3,FALSE) -> 0.020833333 | E19: ترسا | F19: حسن علي | G19: 0.25 | H19: 0.24305556 | I19: 0 | J19: 0.41666667 | K19: 0.45138889 | L19: عبدالمنعم | M19: محمد هشام | N19: =K19-J19 -> 0.034722222 | O19: =N19-D19 -> 0.013888889 | P19: 0.0069444444 | Q19: 0.45486111 | R19: 0 | S19: 0.45486111 | T19: =VLOOKUP(E19,'[1]22-1-2026'!$E$3:$T$13,16,FALSE) -> 0.0069444444 | U19: 0.51388889 | V19: 0 | W19: 0.03125 | X19: 0.51736111 | Y19: 0.53333333 | Z19: =Y19-X19 -> 0.015972222 | AA19: 0 | AB19: 0.53819444
A20: 5 | B20: 876 | C20: =VLOOKUP(B20,داتا!$B$3:$D$42,2,FALSE) -> دبابة | D20: =VLOOKUP(B20,داتا!$B$3:$D$42,3,FALSE) -> 0.020833333 | E20: العباسية | F20: احمد السعيد | G20: 0.25 | H20: =VLOOKUP(F20,$F$3:$H$12,3,FALSE) -> 0.25 | I20: =H20-G20 -> 0 | J20: 0.45138889 | K20: 0.47222222 | L20: عبدالمنعم | M20: محمد هشام | N20: =K20-J20 -> 0.020833333 | O20: =N20-D20 -> 3.8163916e-17 | P20: 0.0069444444 | Q20: 0.47569444 | R20: 0 | S20: 0.47569444 | T20: =VLOOKUP(E20,'[1]22-1-2026'!$E$3:$T$13,16,FALSE) -> 0.013888889 | U20: 0.49513889 | V20: =U20-T20-S20 -> 0.0055555556 | W20: 0.020833333 | X20: 0.49583333 | Y20: 0.51041667 | Z20: =Y20-X20 -> 0.014583333 | AA20: 0 | AB20: 0.51111111
A21: 6 | B21: 876 | C21: =VLOOKUP(B21,داتا!$B$3:$D$42,2,FALSE) -> دبابة | D21: =VLOOKUP(B21,داتا!$B$3:$D$42,3,FALSE) -> 0.020833333 | E21: مسرة | F21: احمد السعيد | G21: 0.25 | H21: =VLOOKUP(F21,$F$3:$H$12,3,FALSE) -> 0.25 | I21: =H21-G21 -> 0 | J21: 0.45138889 | K21: 0.47222222 | L21: عبدالمنعم | M21: محمد هشام | N21: =K21-J21 -> 0.020833333 | O21: =N21-D21 -> 3.8163916e-17 | P21: 0.0069444444 | Q21: 0.47569444 | R21: 0 | S21: 0.47569444 | T21: =VLOOKUP(E21,'[1]22-1-2026'!$E$3:$T$13,16,FALSE) -> 0.013888889 | U21: 0.52777778 | V21: 0 | W21: 0.03125 | X21: 0.53125 | Y21: 0.54791667 | Z21: =Y21-X21 -> 0.016666667 | AA21: 0 | AB21: 0.54861111
A22: 7 | B22: 7435 | C22: =VLOOKUP(B22,داتا!$B$3:$D$42,2,FALSE) -> تلتين | D22: =VLOOKUP(B22,داتا!$B$3:$D$42,3,FALSE) -> 0.03125 | E22: السلام | F22: مصطفى عادل | G22: 0.25 | H22: =VLOOKUP(F22,$F$3:$H$12,3,FALSE) -> 0.25347222 | I22: =H22-G22 -> 0.0034722222 | J22: 0.45486111 | K22: 0.47569444 | L22: عمرو محمد | M22: خالد عبدالسلام | N22: =K22-J22 -> 0.020833333 | O22: 0 | P22: 0.0069444444 | Q22: 0.47916667 | R22: 0 | S22: 0.47916667 | T22: =VLOOKUP(E22,'[1]22-1-2026'!$E$3:$T$13,16,FALSE) -> 0.027777778 | U22: 0.50347222 | V22: 0 | W22: 0.03125 | X22: 0.50694444 | Y22: 0.52291667 | Z22: =Y22-X22 -> 0.015972222 | AA22: 0 | AB22: 0.52430556
A23: 8 | B23: 7435 | C23: =VLOOKUP(B23,داتا!$B$3:$D$42,2,FALSE) -> تلتين | D23: =VLOOKUP(B23,داتا!$B$3:$D$42,3,FALSE) -> 0.03125 | E23: العبور | F23: مصطفى عادل | G23: 0.25 | H23: =VLOOKUP(F23,$F$3:$H$12,3,FALSE) -> 0.25347222 | I23: =H23-G23 -> 0.0034722222 | J23: 0.45486111 | K23: 0.47569444 | L23: عمرو محمد | M23: خالد عبدالسلام | N23: =K23-J23 -> 0.020833333 | O23: 0 | P23: 0.0069444444 | Q23: 0.47916667 | R23: 0 | S23: 0.47916667 | T23: =VLOOKUP(E23,'[1]22-1-2026'!$E$3:$T$13,16,FALSE) -> 0.017361111 | U23: 0.57986111 | V23: 0 | W23: 0.041666667 | X23: 0.58333333 | Y23: 0.59027778 | Z23: =Y23-X23 -> 0.0069444444 | AA23: 0 | AB23: 0.59375
A24: 9 | B24: 529 | C24: =VLOOKUP(B24,داتا!$B$3:$D$42,2,FALSE) -> دبابة | D24: =VLOOKUP(B24,داتا!$B$3:$D$42,3,FALSE) -> 0.020833333 | E24: اول جمال | F24: اسلام سلطان | G24: 0.25 | H24: =VLOOKUP(F24,$F$3:$H$12,3,FALSE) -> 0.25 | I24: =H24-G24 -> 0 | J24: 0.47222222 | K24: 0.48611111 | L24: عبدالمنعم | M24: محمد هشام | N24: =K24-J24 -> 0.013888889 | O24: 0 | P24: 0.0069444444 | Q24: 0.49305556 | R24: =Q24-P24-K24 -> 0 | S24: 0.49305556 | T24: =VLOOKUP(E24,'[1]22-1-2026'!$E$3:$T$13,16,FALSE) -> 0.024305556 | U24: 0.51041667 | V24: 0 | W24: 0.020833333 | X24: 0.51388889 | Y24: 0.53472222 | Z24: =Y24-X24 -> 0.020833333 | AA24: 0 | AB24: 0.53819444
A25: 10 | B25: 529 | C25: =VLOOKUP(B25,داتا!$B$3:$D$42,2,FALSE) -> دبابة | D25: =VLOOKUP(B25,داتا!$B$3:$D$42,3,FALSE) -> 0.020833333 | E25: النزهة | F25: اسلام سلطان | G25: 0.25 | H25: =VLOOKUP(F25,$F$3:$H$12,3,FALSE) -> 0.25 | I25: =H25-G25 -> 0 | J25: 0.47222222 | K25: 0.48611111 | L25: عبدالمنعم | M25: محمد هشام | N25: =K25-J25 -> 0.013888889 | O25: 0 | P25: 0.0069444444 | Q25: 0.49305556 | R25: =Q25-P25-K25 -> 0 | S25: 0.49305556 | T25: 0.010416667 | U25: 0.55555556 | V25: 0 | W25: 0.03125 | X25: 0.55902778 | Y25: 0.56944444 | Z25: =Y25-X25 -> 0.010416667 | AA25: 0 | AB25: 0.56944444
A26: 11 | B26: 892 | C26: =VLOOKUP(B26,داتا!$B$3:$D$42,2,FALSE) -> تلتين | D26: =VLOOKUP(B26,داتا!$B$3:$D$42,3,FALSE) -> 0.03125 | E26: التعاون | F26: احمد جمعة | G26: 0.25 | H26: =VLOOKUP(F26,$F$3:$H$12,3,FALSE) -> 0.26388889 | I26: =H26-G26 -> 0.013888889 | J26: 0.47916667 | K26: 0.49652778 | L26: عمرو محمد | M26: خالد عبدالسلام | N26: =K26-J26 -> 0.017361111 | O26: 0 | P26: 0.0069444444 | Q26: 0.5 | R26: 0 | S26: 0.5 | T26: =VLOOKUP(E26,'[1]22-1-2026'!$E$3:$T$13,16,FALSE) -> 0.013888889 | U26: 0.51041667 | V26: 0 | W26: 0.03125 | X26: 0.51388889 | Y26: 0.54166667 | Z26: =Y26-X26 -> 0.027777778 | AA26: 0 | AB26: 0.54791667
A27: 12 | B27: 892 | C27: =VLOOKUP(B27,داتا!$B$3:$D$42,2,FALSE) -> تلتين | D27: =VLOOKUP(B27,داتا!$B$3:$D$42,3,FALSE) -> 0.03125 | E27: الشارع | F27: احمد جمعة | G27: 0.25 | H27: =VLOOKUP(F27,$F$3:$H$12,3,FALSE) -> 0.26388889 | I27: =H27-G27 -> 0.013888889 | J27: 0.47916667 | K27: 0.49652778 | L27: عمرو محمد | M27: خالد عبدالسلام | N27: =K27-J27 -> 0.017361111 | O27: 0 | P27: 0.0069444444 | Q27: 0.5 | R27: 0 | S27: 0.5 | T27: =VLOOKUP(E27,'[1]22-1-2026'!$E$3:$T$13,16,FALSE) -> 0.013888889 | U27: 0.56041667 | V27: 0 | W27: 0.041666667 | X27: 0.5625 | Y27: 0.57638889 | Z27: =Y27-X27 -> 0.013888889 | AA27: 0 | AB27: 0.57986111
A28: 13 | B28: 539 | C28: =VLOOKUP(B28,داتا!$B$3:$D$42,2,FALSE) -> دبابة | D28: =VLOOKUP(B28,داتا!$B$3:$D$42,3,FALSE) -> 0.020833333 | E28: بورسعيد | F28: احمد اشرف | G28: 0.25 | H28: =VLOOKUP(F28,$F$3:$H$12,3,FALSE) -> 0.26388889 | I28: =H28-G28 -> 0.013888889 | J28: 0.48263889 | K28: 0.49305556 | L28: عبدالمنعم | M28: محمد هشام | N28: =K28-J28 -> 0.010416667 | O28: 0 | P28: 0.0069444444 | Q28: 0.5 | R28: =Q28-P28-K28 -> 0 | S28: 0.5 | T28: =VLOOKUP(E28,'[1]22-1-2026'!$E$3:$T$13,16,FALSE) -> 0.0034722222 | U28: 0.5 | V28: 0 | W28: 0.03125 | X28: 0.50138889 | Y28: 0.51944444 | Z28: =Y28-X28 -> 0.018055556 | AA28: 0 | AB28: 0.52430556

Sheet 22-4-2026
A1: شيت دخول وخروج السيارات أبو محرم
A2: م | B2: رقم السيارة | C2: نوع السيارة | D2: الزمن المعيارى للتحميل | E2: اسم الفرع | F2: اسم السائق | G2: وقت الحضور المقرر | H2: الحضور فعلى | I2: مدة التأخير | J2: دخول الكيدج | K2: نزول من الكيدج | L2: أخصائى الدفترى | M2: أخصائى السيستم | N2: مدة التحميل | O2: مدة انحراف التحميل | P2: الزمن المعيارى لنزول الاذن | Q2: وقت نزول الاذن | R2: مدة انحراف نزول الاذن | S2: خروج من المصنع | T2: الزمن المعيارى لدخول الفرع | U2: دخول الفرع | V2: مدة انحراف دخول الفرع | W2: الزمن المعيارى لنزول المنتجات | X2: فتح السياره | Y2: غلق السياره | Z2: الوقت المستغرق | AA2: مدة انحراف نزول المنتجات فى الفرع | AB2: خروج من الفرع | AC2: ملاحظات
A3: 1 | B3: 762 | C3: =VLOOKUP(B3,داتا!$B$3:$D$42,2,FALSE) -> دبابة | D3: =VLOOKUP(B3,داتا!$B$3:$D$42,3,FALSE) -> 0.020833333 | E3: الشروق | F3: ممدوح عبدالعال | G3: 0.25 | H3: 0.18055556 | I3: 0 | J3: 0.22222222 | K3: 0.23958333 | L3: ايمن عبدالقادر | M3: اسلام حمدان | N3: =K3-J3 -> 0.017361111 | O3: 0 | P3: 0.0069444444 | Q3: 0.24652778 | R3: =Q3-P3-K3 -> 0 | S3: 0.24652778 | T3: =VLOOKUP(E3,'[1]22-1-2026'!$E$3:$T$13,16,FALSE) -> 0.034722222 | U3: 0.28194444 | V3: =U3-T3-S3 -> 0.00069444444 | W3: 0.020833333 | X3: 0.33055556 | Y3: 0.35763889 | Z3: =Y3-X3 -> 0.027083333 | AA3: =Z3-W3 -> 0.00625 | AB3: 0.35972222 | AD3: رحلة اولى ( شرقى ومخبوزات وغربى )
A4: 2 | B4: 762 | C4: =VLOOKUP(B4,داتا!$B$3:$D$42,2,FALSE) -> دبابة | D4: =VLOOKUP(B4,داتا!$B$3:$D$42,3,FALSE) -> 0.020833333 | E4: بدر | F4: ممدوح عبدالعال | G4: 0.25 | H4: 0.18055556 | I4: 0 | J4: 0.22222222 | K4: 0.23958333 | L4: ايمن عبدالقادر | M4: اسلام حمدان | N4: =K4-J4 -> 0.017361111 | O4: 0 | P4: 0.0069444444 | Q4: 0.24652778 | R4: =Q4-P4-K4 -> 0 | S4: 0.24652778 | T4: 0.013888889 | U4: 0.375 | V4: 0 | W4: 0.03125 | X4: 0.37847222 | Y4: 0.43472222 | Z4: =Y4-X4 -> 0.05625 | AA4: =Z4-W4 -> 0.025 | AB4: 0.4375
A5: 3 | B5: 7435 | C5: =VLOOKUP(B5,داتا!$B$3:$D$42,2,FALSE) -> تلتين | D5: =VLOOKUP(B5,داتا!$B$3:$D$42,3,FALSE) -> 0.03125 | E5: اول جمال | F5: مصطفى عادل | G5: 0.25 | H5: 0.25694444 | I5: =H5-G5 -> 0.0069444444 | J5: 0.22222222 | K5: 0.23958333 | L5: ايمن عبدالقادر | M5: اسلام حمدان | N5: =K5-J5 -> 0.017361111 | O5: 0 | P5: 0.0069444444 | Q5: 0.25 | R5: =Q5-P5-K5 -> 0.0034722222 | S5: 0.25 | T5: =VLOOKUP(E5,'[1]22-1-2026'!$E$3:$T$13,16,FALSE) -> 0.024305556 | U5: 0.28819444 | V5: =U5-T5-S5 -> 0.013888889 | W5: 0.03125 | X5: 0.31944444 | Y5: 0.35416667 | Z5: =Y5-X5 -> 0.034722222 | AA5: =Z5-W5 -> 0.0034722222 | AB5: 0.35763889
A6: 4 | B6: 7435 | C6: =VLOOKUP(B6,داتا!$B$3:$D$42,2,FALSE) -> تلتين | D6: =VLOOKUP(B6,داتا!$B$3:$D$42,3,FALSE) -> 0.03125 | E6: السلام | F6: مصطفى عادل | G6: 0.25 | H6: 0.25694444 | I6: =H6-G6 -> 0.0069444444 | J6: 0.22222222 | K6: 0.23958333 | L6: ايمن عبدالقادر | M6: اسلام حمدان | N6: =K6-J6 -> 0.017361111 | O6: 0 | P6: 0.0069444444 | Q6: 0.25 | R6: =Q6-P6-K6 -> 0.0034722222 | S6: 0.25 | T6: =VLOOKUP(E6,'[1]22-1-2026'!$E$3:$T$13,16,FALSE) -> 0.027777778 | U6: 0.36805556 | V6: 0 | W6: 0.041666667 | X6: 0.37152778 | Y6: 0.39583333 | Z6: =Y6-X6 -> 0.024305556 | AA6: 0 | AB6: 0.39930556
A7: 5 | B7: 876 | C7: =VLOOKUP(B7,داتا!$B$3:$D$42,2,FALSE) -> دبابة | D7: =VLOOKUP(B7,داتا!$B$3:$D$42,3,FALSE) -> 0.020833333 | E7: اللبيني | F7: احمد سعيد | G7: 0.25 | H7: 0.24305556 | I7: 0 | J7: 0.24652778 | K7: 0.25347222 | L7: ايمن عبدالقادر | M7: اسلام حمدان | N7: =K7-J7 -> 0.0069444444 | O7: 0 | P7: 0.0069444444 | Q7: 0.25694444 | R7: 0 | S7: 0.25694444 | T7: =VLOOKUP(E7,'[1]22-1-2026'!$E$3:$T$13,16,FALSE) -> 0.041666667 | U7: 0.27777778 | V7: 0 | W7: 0.020833333 | X7: 0.33472222 | Y7: 0.35625 | Z7: =Y7-X7 -> 0.021527778 | AA7: =Z7-W7 -> 0.00069444444 | AB7: 0.35763889
A8: 6 | B8: 876 | C8: =VLOOKUP(B8,داتا!$B$3:$D$42,2,FALSE) -> دبابة | D8: =VLOOKUP(B8,داتا!$B$3:$D$42,3,FALSE) -> 0.020833333 | E8: ترسا | F8: احمد سعيد | G8: 0.25 | H8: 0.24305556 | I8: 0 | J8: 0.24652778 | K8: 0.25347222 | L8: ايمن عبدالقادر | M8: اسلام حمدان | N8: =K8-J8 -> 0.0069444444 | O8: 0 | P8: 0.0069444444 | Q8: 0.25694444 | R8: 0 | S8: 0.25694444 | T8: =VLOOKUP(E8,'[1]22-1-2026'!$E$3:$T$13,16,FALSE) -> 0.0069444444 | U8: 0.36805556 | V8: 0 | W8: 0.03125 | X8: 0.37013889 | Y8: 0.38888889 | Z8: =Y8-X8 -> 0.01875 | AA8: 0 | AB8: 0.39236111
A9: 7 | B9: 539 | C9: =VLOOKUP(B9,داتا!$B$3:$D$42,2,FALSE) -> دبابة | D9: =VLOOKUP(B9,داتا!$B$3:$D$42,3,FALSE) -> 0.020833333 | E9: العبور | F9: احمد اشرف | G9: 0.25 | H9: 0.26388889 | I9: =H9-G9 -> 0.013888889 | J9: 0.25347222 | K9: 0.26041667 | L9: ايمن عبدالقادر | M9: اسلام حمدان | N9: =K9-J9 -> 0.0069444444 | O9: 0 | P9: 0.0069444444 | Q9: 0.26736111 | R9: =Q9-P9-K9 -> 0 | S9: 0.26736111 | T9: =VLOOKUP(E9,'[1]22-1-2026'!$E$3:$T$13,16,FALSE) -> 0.017361111 | U9: 0.30902778 | V9: =U9-T9-S9 -> 0.024305556 | W9: 0.03125 | X9: 0.34027778 | Y9: 0.37013889 | Z9: =Y9-X9 -> 0.029861111 | AA9: 0 | AB9: 0.37152778
A10: 8 | B10: 249 | C10: =VLOOKUP(B10,داتا!$B$3:$D$42,2,FALSE) -> دبابة | D10: =VLOOKUP(B10,داتا!$B$3:$D$42,3,FALSE) -> 0.020833333 | E10: العباسية | F10: محمد صديق | G10: 0.25 | H10: 0.25694444 | I10: =H10-G10 -> 0.0069444444 | J10: 0.24305556 | K10: 0.25 | L10: ايمن عبدالقادر | M10: اسلام حمدان | N10: =K10-J10 -> 0.0069444444 | O10: 0 | P10: 0.0069444444 | Q10: 0.25347222 | R10: 0 | S10: 0.25347222 | T10: =VLOOKUP(E10,'[1]22-1-2026'!$E$3:$T$13,16,FALSE) -> 0.013888889 | U10: 0.28472222 | V10: =U10-T10-S10 -> 0.017361111 | W10: 0.03125 | X10: 0.32638889 | Y10: 0.35208333 | Z10: =Y10-X10 -> 0.025694444 | AA10: 0 | AB10: 0.35416667
A11: 9 | B11: 492 | C11: =VLOOKUP(B11,داتا!$B$3:$D$42,2,FALSE) -> دبابة | D11: =VLOOKUP(B11,داتا!$B$3:$D$42,3,FALSE) -> 0.020833333 | E11: مسرة | F11: مجدي صبحي | G11: 0.25 | H11: 0.25 | I11: =H11-G11 -> 0 | J11: 0.26041667 | K11: 0.26736111 | L11: ايمن عبدالقادر | M11: اسلام حمدان | N11: =K11-J11 -> 0.0069444444 | O11: 0 | P11: 0.0069444444 | Q11: 0.27083333 | R11: 0 | S11: 0.27083333 | T11: =VLOOKUP(E11,'[1]22-1-2026'!$E$3:$T$13,16,FALSE) -> 0.013888889 | U11: 0.28472222 | V11: =U11-T11-S11 -> 0 | W11: 0.03125 | X11: 0.30347222 | Y11: 0.33333333 | Z11: =Y11-X11 -> 0.029861111 | AA11: 0 | AB11: 0.33541667
A12: 10 | B12: 529 | C12: =VLOOKUP(B12,داتا!$B$3:$D$42,2,FALSE) -> دبابة | D12: =VLOOKUP(B12,داتا!$B$3:$D$42,3,FALSE) -> 0.020833333 | E12: النزهة | F12: احمد صادق | G12: 0.25 | H12: 0.25347222 | I12: =H12-G12 -> 0.0034722222 | J12: 0.25347222 | K12: 0.27083333 | L12: ايمن عبدالقادر | M12: اسلام حمدان | N12: =K12-J12 -> 0.017361111 | O12: 0 | P12: 0.0069444444 | Q12: 0.27430556 | R12: 0 | S12: 0.27430556 | T12: 0.013888889 | U12: 0.30555556 | V12: =U12-T12-S12 -> 0.017361111 | W12: 0.03125 | X12: 0.34027778 | Y12: 0.375 | Z12: =Y12-X12 -> 0.034722222 | AA12: =Z12-W12 -> 0.0034722222 | AB12: 0.37847222
A13: 11 | B13: 892 | C13: =VLOOKUP(B13,داتا!$B$3:$D$42,2,FALSE) -> تلتين | D13: =VLOOKUP(B13,داتا!$B$3:$D$42,3,FALSE) -> 0.03125 | E13: الشارع | F13: احمد جمعة | G13: 0.25 | H13: 0.27083333 | I13: =H13-G13 -> 0.020833333 | J13: 0.27430556 | K13: 0.29166667 | L13: ايمن عبدالقادر | M13: اسلام حمدان | N13: =K13-J13 -> 0.017361111 | O13: 0 | P13: 0.0069444444 | Q13: 0.29166667 | R13: 0 | S13: 0.29166667 | T13: =VLOOKUP(E13,'[1]22-1-2026'!$E$3:$T$13,16,FALSE) -> 0.013888889 | U13: 0.29930556 | V13: 0 | W13: 0.03125 | X13: 0.33333333 | Y13: 0.36458333 | Z13: =Y13-X13 -> 0.03125 | AA13: =Z13-W13 -> 0 | AB13: 0.37152778
A14: 12 | B14: 892 | C14: =VLOOKUP(B14,داتا!$B$3:$D$42,2,FALSE) -> تلتين | D14: =VLOOKUP(B14,داتا!$B$3:$D$42,3,FALSE) -> 0.03125 | E14: التعاون | F14: احمد جمعة | G14: 0.25 | H14: 0.27083333 | I14: =H14-G14 -> 0.020833333 | J14: 0.27430556 | K14: 0.29166667 | L14: ايمن عبدالقادر | M14: اسلام حمدان | N14: =K14-J14 -> 0.017361111 | O14: 0 | P14: 0.0069444444 | Q14: 0.29166667 | R14: 0 | S14: 0.29166667 | T14: =VLOOKUP(E14,'[1]22-1-2026'!$E$3:$T$13,16,FALSE) -> 0.013888889 | U14: 0.38680556 | V14: 0 | W14: 0.041666667 | X14: 0.38888889 | Y14: 0.40972222 | Z14: =Y14-X14 -> 0.020833333 | AA14: 0 | AB14: 0.41180556
A15: 13 | B15: 529 | C15: =VLOOKUP(B15,داتا!$B$3:$D$42,2,FALSE) -> دبابة | D15: =VLOOKUP(B15,داتا!$B$3:$D$42,3,FALSE) -> 0.020833333 | E15: بورسعيد | F15: محمد احمد | G15: 0.29166667 | H15: 0.28819444 | I15: 0 | J15: 0.27083333 | K15: 0.27777778 | L15: ايمن عبدالقادر | M15: اسلام حمدان | N15: =K15-J15 -> 0.0069444444 | O15: 0 | P15: 0.0069444444 | Q15: 0.27777778 | R15: 0 | S15: 0.27777778 | T15: =VLOOKUP(E15,'[1]22-1-2026'!$E$3:$T$13,16,FALSE) -> 0.0034722222 | U15: 0.30208333 | V15: =U15-T15-S15 -> 0.020833333 | W15: 0.03125 | X15: 0.33680556 | Y15: 0.35763889 | Z15: =Y15-X15 -> 0.020833333 | AA15: 0 | AB15: 0.36111111
A16: 1 | B16: 529 | C16: =VLOOKUP(B16,داتا!$B$3:$D$42,2,FALSE) -> دبابة | D16: =VLOOKUP(B16,داتا!$B$3:$D$42,3,FALSE) -> 0.020833333 | E16: الشروق | F16: محمد احمد | G16: 0.29166667 | H16: 0.28819444 | I16: 0 | J16: 0.41319444 | K16: 0.44444444 | L16: عمرو محمد | M16: علي ممدوح | N16: =K16-J16 -> 0.03125 | O16: =N16-D16 -> 0.010416667 | P16: 0.0069444444 | Q16: 0.44791667 | R16: 0 | S16: 0.44791667 | T16: =VLOOKUP(E16,'[1]22-1-2026'!$E$3:$T$13,16,FALSE) -> 0.034722222 | U16: 0.49652778 | V16: =U16-T16-S16 -> 0.013888889 | W16: 0.020833333 | X16: 0.5 | Y16: 0.51388889 | Z16: =Y16-X16 -> 0.013888889 | AA16: 0 | AB16: 0.51736111 | AD16: رحلة ثانية ( شرقى وغربى ومخبوزات )
A17: 2 | B17: 529 | C17: =VLOOKUP(B17,داتا!$B$3:$D$42,2,FALSE) -> دبابة | D17: =VLOOKUP(B17,داتا!$B$3:$D$42,3,FALSE) -> 0.020833333 | E17: بدر | F17: محمد احمد | G17: 0.29166667 | H17: 0.28819444 | I17: 0 | J17: 0.41319444 | K17: 0.44444444 | L17: عمرو محمد | M17: علي ممدوح | N17: =K17-J17 -> 0.03125 | O17: =N17-D17 -> 0.010416667 | P17: 0.0069444444 | Q17: 0.44791667 | R17: 0 | S17: 0.44791667 | T17: 0.020833333 | U17: 0.53125 | V17: 0 | W17: 0.03125 | X17: 0.53472222 | Y17: 0.54652778 | Z17: =Y17-X17 -> 0.011805556 | AA17: 0 | AB17: 0.54861111
A18: 3 | B18: 492 | C18: =VLOOKUP(B18,داتا!$B$3:$D$42,2,FALSE) -> دبابة | D18: =VLOOKUP(B18,داتا!$B$3:$D$42,3,FALSE) -> 0.020833333 | E18: اللبيني | F18: مجدي صبحي | G18: 0.25 | H18: =VLOOKUP(F18,$F$3:$H$12,3,FALSE) -> 0.25 | I18: =H18-G18 -> 0 | J18: 0.41319444 | K18: 0.44444444 | L18: محمد هشام | M18: خالد عبدالسلام | N18: =K18-J18 -> 0.03125 | O18: =N18-D18 -> 0.010416667 | P18: 0.0069444444 | Q18: 0.44791667 | R18: 0 | S18: 0.44791667 | T18: =VLOOKUP(E18,'[1]22-1-2026'!$E$3:$T$13,16,FALSE) -> 0.041666667 | U18: 0.47916667 | V18: 0 | W18: 0.020833333 | X18: 0.48055556 | Y18: 0.48819444 | Z18: =Y18-X18 -> 0.0076388889 | AA18: 0 | AB18: 0.48958333
A19: 4 | B19: 492 | C19: =VLOOKUP(B19,داتا!$B$3:$D$42,2,FALSE) -> دبابة | D19: =VLOOKUP(B19,داتا!$B$3:$D$42,3,FALSE) -> 0.020833333 | E19: ترسا | F19: مجدي صبحي | G19: 0.25 | H19: =VLOOKUP(F19,$F$3:$H$12,3,FALSE) -> 0.25 | I19: =H19-G19 -> 0 | J19: 0.41319444 | K19: 0.44444444 | L19: محمد هشام | M19: خالد عبدالسلام | N19: =K19-J19 -> 0.03125 | O19: =N19-D19 -> 0.010416667 | P19: 0.0069444444 | Q19: 0.44791667 | R19: 0 | S19: 0.44791667 | T19: =VLOOKUP(E19,'[1]22-1-2026'!$E$3:$T$13,16,FALSE) -> 0.0069444444 | U19: 0.49305556 | V19: 0 | W19: 0.03125 | X19: 0.49861111 | Y19: 0.50347222 | Z19: =Y19-X19 -> 0.0048611111 | AA19: 0 | AB19: 0.50694444
A20: 5 | B20: 539 | C20: =VLOOKUP(B20,داتا!$B$3:$D$42,2,FALSE) -> دبابة | D20: =VLOOKUP(B20,داتا!$B$3:$D$42,3,FALSE) -> 0.020833333 | E20: اول جمال | F20: احمد اشرف | G20: 0.25 | H20: =VLOOKUP(F20,$F$3:$H$12,3,FALSE) -> 0.26388889 | I20: =H20-G20 -> 0.013888889 | J20: 0.44791667 | K20: 0.46875 | L20: محمد هشام | M20: خالد عبدالسلام | N20: =K20-J20 -> 0.020833333 | O20: =N20-D20 -> 0 | P20: 0.0069444444 | Q20: 0.47222222 | R20: 0 | S20: 0.47222222 | T20: =VLOOKUP(E20,'[1]22-1-2026'!$E$3:$T$13,16,FALSE) -> 0.024305556 | U20: 0.47569444 | V20: 0 | W20: 0.020833333 | X20: 0.49722222 | Y20: 0.50208333 | Z20: =Y20-X20 -> 0.0048611111 | AA20: 0 | AB20: 0.50347222
A21: 6 | B21: 539 | C21: =VLOOKUP(B21,داتا!$B$3:$D$42,2,FALSE) -> دبابة | D21: =VLOOKUP(B21,داتا!$B$3:$D$42,3,FALSE) -> 0.020833333 | E21: النزهة | F21: احمد اشرف | G21: 0.25 | H21: =VLOOKUP(F21,$F$3:$H$12,3,FALSE) -> 0.26388889 | I21: =H21-G21 -> 0.013888889 | J21: 0.44791667 | K21: 0.46875 | L21: محمد هشام | M21: خالد عبدالسلام | N21: =K21-J21 -> 0.020833333 | O21: =N21-D21 -> 0 | P21: 0.0069444444 | Q21: 0.47222222 | R21: 0 | S21: 0.47222222 | T21: 0.010416667 | U21: 0.51736111 | V21: 0 | W21: 0.03125 | X21: 0.52083333 | Y21: 0.54166667 | Z21: =Y21-X21 -> 0.020833333 | AA21: 0 | AB21: 0.54513889
A22: 7 | B22: 892 | C22: =VLOOKUP(B22,داتا!$B$3:$D$42,2,FALSE) -> تلتين | D22: =VLOOKUP(B22,داتا!$B$3:$D$42,3,FALSE) -> 0.03125 | E22: السلام | F22: احمد جمعة | G22: 0.25 | H22: 0.27083333 | I22: =H22-G22 -> 0.020833333 | J22: 0.44791667 | K22: 0.46875 | L22: عمرو محمد | M22: علي ممدوح | N22: =K22-J22 -> 0.020833333 | O22: 0 | P22: 0.0069444444 | Q22: 0.47222222 | R22: 0 | S22: 0.47222222 | T22: =VLOOKUP(E22,'[1]22-1-2026'!$E$3:$T$13,16,FALSE) -> 0.027777778 | U22: 0.50347222 | V22: =U22-T22-S22 -> 0.0034722222 | W22: 0.03125 | X22: 0.50694444 | Y22: 0.52430556 | Z22: =Y22-X22 -> 0.017361111 | AA22: 0 | AB22: 0.52777778
A23: 8 | B23: 892 | C23: =VLOOKUP(B23,داتا!$B$3:$D$42,2,FALSE) -> تلتين | D23: =VLOOKUP(B23,داتا!$B$3:$D$42,3,FALSE) -> 0.03125 | E23: العبور | F23: احمد جمعة | G23: 0.25 | H23: 0.27083333 | I23: =H23-G23 -> 0.020833333 | J23: 0.44791667 | K23: 0.46875 | L23: عمرو محمد | M23: علي ممدوح | N23: =K23-J23 -> 0.020833333 | O23: 0 | P23: 0.0069444444 | Q23: 0.47222222 | R23: 0 | S23: 0.47222222 | T23: =VLOOKUP(E23,'[1]22-1-2026'!$E$3:$T$13,16,FALSE) -> 0.017361111 | U23: 0.54861111 | V23: 0 | W23: 0.041666667 | X23: 0.55347222 | Y23: 0.57291667 | Z23: =Y23-X23 -> 0.019444444 | AA23: 0 | AB23: 0.57638889
A24: 9 | B24: 7435 | C24: =VLOOKUP(B24,داتا!$B$3:$D$42,2,FALSE) -> تلتين | D24: =VLOOKUP(B24,داتا!$B$3:$D$42,3,FALSE) -> 0.03125 | E24: الشارع | F24: مصطفى عادل | G24: 0.25 | H24: =VLOOKUP(F24,$F$3:$H$12,3,FALSE) -> 0.25694444 | I24: =H24-G24 -> 0.0069444444 | J24: 0.46875 | K24: 0.48958333 | L24: محمد هشام | M24: خالد عبدالسلام | N24: =K24-J24 -> 0.020833333 | O24: 0 | P24: 0.0069444444 | Q24: 0.48958333 | R24: 0 | S24: 0.48958333 | T24: =VLOOKUP(E24,'[1]22-1-2026'!$E$3:$T$13,16,FALSE) -> 0.013888889 | U24: 0.50347222 | V24: =U24-T24-S24 -> 0 | W24: 0.03125 | X24: 0.50694444 | Y24: 0.52083333 | Z24: =Y24-X24 -> 0.013888889 | AA24: 0 | AB24: 0.52430556
A25: 10 | B25: 7435 | C25: =VLOOKUP(B25,داتا!$B$3:$D$42,2,FALSE) -> تلتين | D25: =VLOOKUP(B25,داتا!$B$3:$D$42,3,FALSE) -> 0.03125 | E25: التعاون | F25: مصطفى عادل | G25: 0.25 | H25: =VLOOKUP(F25,$F$3:$H$12,3,FALSE) -> 0.25694444 | I25: =H25-G25 -> 0.0069444444 | J25: 0.46875 | K25: 0.48958333 | L25: محمد هشام | M25: خالد عبدالسلام | N25: =K25-J25 -> 0.020833333 | O25: 0 | P25: 0.0069444444 | Q25: 0.48958333 | R25: 0 | S25: 0.48958333 | T25: =VLOOKUP(E25,'[1]22-1-2026'!$E$3:$T$13,16,FALSE) -> 0.013888889 | U25: 0.53819444 | V25: 0 | W25: 0.041666667 | X25: 0.54027778 | Y25: 0.56458333 | Z25: =Y25-X25 -> 0.024305556 | AA25: 0 | AB25: 0.56597222
A26: 11 | B26: 249 | C26: =VLOOKUP(B26,داتا!$B$3:$D$42,2,FALSE) -> دبابة | D26: =VLOOKUP(B26,داتا!$B$3:$D$42,3,FALSE) -> 0.020833333 | E26: العباسية | F26: محمد صديق | G26: 0.25 | H26: =VLOOKUP(F26,$F$3:$H$12,3,FALSE) -> 0.25694444 | I26: =H26-G26 -> 0.0069444444 | J26: 0.46875 | K26: 0.48958333 | L26: عمرو محمد | M26: علي ممدوح | N26: =K26-J26 -> 0.020833333 | O26: =N26-D26 -> 0 | P26: 0.0069444444 | Q26: 0.48958333 | R26: 0 | S26: 0.48958333 | T26: =VLOOKUP(E26,'[1]22-1-2026'!$E$3:$T$13,16,FALSE) -> 0.013888889 | U26: 0.51527778 | V26: =U26-T26-S26 -> 0.011805556 | W26: 0.03125 | X26: 0.51597222 | Y26: 0.54027778 | Z26: =Y26-X26 -> 0.024305556 | AA26: 0 | AB26: 0.54236111
A27: 12 | B27: 876 | C27: =VLOOKUP(B27,داتا!$B$3:$D$42,2,FALSE) -> دبابة | D27: =VLOOKUP(B27,داتا!$B$3:$D$42,3,FALSE) -> 0.020833333 | E27: مسرة | F27: احمد سعيد | G27: 0.25 | H27: =VLOOKUP(F27,$F$3:$H$12,3,FALSE) -> 0.24305556 | I27: 0 | J27: 0.46875 | K27: 0.48958333 | L27: عمرو محمد | M27: علي ممدوح | N27: =K27-J27 -> 0.020833333 | O27: =N27-D27 -> 0 | P27: 0.0069444444 | Q27: 0.52777778 | R27: =Q27-P27-K27 -> 0.03125 | S27: 0.52777778 | T27: =VLOOKUP(E27,'[1]22-1-2026'!$E$3:$T$13,16,FALSE) -> 0.013888889 | U27: 0.54305556 | V27: =U27-T27-S27 -> 0.0013888889 | W27: 0.03125 | X27: 0.54513889 | Y27: 0.5625 | Z27: =Y27-X27 -> 0.017361111 | AA27: 0 | AB27: 0.56597222
A28: 13 | B28: 762 | C28: =VLOOKUP(B28,داتا!$B$3:$D$42,2,FALSE) -> دبابة | D28: =VLOOKUP(B28,داتا!$B$3:$D$42,3,FALSE) -> 0.020833333 | E28: بورسعيد | F28: ممدوح عبدالعال | G28: 0.25 | H28: =VLOOKUP(F28,$F$3:$H$12,3,FALSE) -> 0.18055556 | I28: 0 | J28: 0.48958333 | K28: 0.5 | L28: محمد هشام | M28: خالد عبدالسلام | N28: =K28-J28 -> 0.010416667 | O28: 0 | P28: 0.0069444444 | Q28: 0.50347222 | R28: 0 | S28: 0.50347222 | T28: =VLOOKUP(E28,'[1]22-1-2026'!$E$3:$T$13,16,FALSE) -> 0.0034722222 | U28: 0.50694444 | V28: =U28-T28-S28 -> 0 | W28: 0.03125 | X28: 0.50902778 | Y28: 0.52916667 | Z28: =Y28-X28 -> 0.020138889 | AA28: 0 | AB28: 0.53125

Sheet 23-4-2026
A1: شيت دخول وخروج السيارات أبو محرم
A2: م | B2: رقم السيارة | C2: نوع السيارة | D2: الزمن المعيارى للتحميل | E2: اسم الفرع | F2: اسم السائق | G2: وقت الحضور المقرر | H2: الحضور فعلى | I2: مدة التأخير | J2: دخول الكيدج | K2: نزول من الكيدج | L2: أخصائى الدفترى | M2: أخصائى السيستم | N2: مدة التحميل | O2: مدة انحراف التحميل | P2: الزمن المعيارى لنزول الاذن | Q2: وقت نزول الاذن | R2: مدة انحراف نزول الاذن | S2: خروج من المصنع | T2: الزمن المعيارى لدخول الفرع | U2: دخول الفرع | V2: مدة انحراف دخول الفرع | W2: الزمن المعيارى لنزول المنتجات | X2: فتح السياره | Y2: غلق السياره | Z2: الوقت المستغرق | AA2: مدة انحراف نزول المنتجات فى الفرع | AB2: خروج من الفرع | AC2: ملاحظات
A3: 1 | B3: 762 | C3: =VLOOKUP(B3,داتا!$B$3:$D$42,2,FALSE) -> دبابة | D3: =VLOOKUP(B3,داتا!$B$3:$D$42,3,FALSE) -> 0.020833333 | E3: الشروق | F3: مجدي صبحي | G3: 0.25 | H3: 0.25347222 | I3: =H3-G3 -> 0.0034722222 | J3: 0.25 | K3: 0.27083333 | L3: ايمن عبدالقادر | M3: اسلام حمدان | N3: =K3-J3 -> 0.020833333 | O3: =N3-D3 -> 0 | P3: 0.0069444444 | Q3: 0.30902778 | R3: =Q3-P3-K3 -> 0.03125 | S3: 0.30902778 | T3: =VLOOKUP(E3,'[1]22-1-2026'!$E$3:$T$13,16,FALSE) -> 0.034722222 | U3: 0.36041667 | V3: =U3-T3-S3 -> 0.016666667 | W3: 0.020833333 | X3: 0.36111111 | Y3: 0.38541667 | Z3: =Y3-X3 -> 0.024305556 | AA3: =Z3-W3 -> 0.0034722222 | AB3: 0.38888889 | AD3: رحلة اولى ( شرقى ومخبوزات وغربى )
A4: 2 | B4: 762 | C4: =VLOOKUP(B4,داتا!$B$3:$D$42,2,FALSE) -> دبابة | D4: =VLOOKUP(B4,داتا!$B$3:$D$42,3,FALSE) -> 0.020833333 | E4: بدر | F4: مجدي صبحي | G4: 0.25 | H4: 0.25347222 | I4: =H4-G4 -> 0.0034722222 | J4: 0.25 | K4: 0.27083333 | L4: ايمن عبدالقادر | M4: اسلام حمدان | N4: =K4-J4 -> 0.020833333 | O4: =N4-D4 -> 0 | P4: 0.0069444444 | Q4: 0.30902778 | R4: =Q4-P4-K4 -> 0.03125 | S4: 0.27430556 | T4: 0.020833333 | U4: 0.41111111 | V4: 0 | W4: 0.03125 | X4: 0.41319444 | Y4: 0.45833333 | Z4: =Y4-X4 -> 0.045138889 | AA4: =Z4-W4 -> 0.013888889 | AB4: 0.46180556
A5: 3 | B5: 892 | C5: =VLOOKUP(B5,داتا!$B$3:$D$42,2,FALSE) -> تلتين | D5: =VLOOKUP(B5,داتا!$B$3:$D$42,3,FALSE) -> 0.03125 | E5: اول جمال | F5: احمد جمعة | G5: 0.25 | H5: 0.26041667 | I5: =H5-G5 -> 0.010416667 | J5: 0.25 | K5: 0.27430556 | L5: ايمن عبدالقادر | M5: اسلام حمدان | N5: =K5-J5 -> 0.024305556 | O5: 0 | P5: 0.0069444444 | Q5: 0.27430556 | R5: 0 | S5: 0.27430556 | T5: =VLOOKUP(E5,'[1]22-1-2026'!$E$3:$T$13,16,FALSE) -> 0.024305556 | U5: 0.29861111 | V5: =U5-T5-S5 -> 0 | W5: 0.03125 | X5: 0.32291667 | Y5: 0.35416667 | Z5: =Y5-X5 -> 0.03125 | AA5: =Z5-W5 -> 0 | AB5: 0.35763889
A6: 4 | B6: 892 | C6: =VLOOKUP(B6,داتا!$B$3:$D$42,2,FALSE) -> تلتين | D6: =VLOOKUP(B6,داتا!$B$3:$D$42,3,FALSE) -> 0.03125 | E6: السلام | F6: احمد جمعة | G6: 0.25 | H6: 0.26041667 | I6: =H6-G6 -> 0.010416667 | J6: 0.25 | K6: 0.27430556 | L6: ايمن عبدالقادر | M6: اسلام حمدان | N6: =K6-J6 -> 0.024305556 | O6: 0 | P6: 0.0069444444 | Q6: 0.27430556 | R6: 0 | S6: 0.28819444 | T6: =VLOOKUP(E6,'[1]22-1-2026'!$E$3:$T$13,16,FALSE) -> 0.027777778 | U6: 0.37152778 | V6: 0 | W6: 0.041666667 | X6: 0.375 | Y6: 0.39236111 | Z6: =Y6-X6 -> 0.017361111 | AA6: 0 | AB6: 0.39583333
A7: 5 | B7: 529 | C7: =VLOOKUP(B7,داتا!$B$3:$D$42,2,FALSE) -> دبابة | D7: =VLOOKUP(B7,داتا!$B$3:$D$42,3,FALSE) -> 0.020833333 | E7: اللبيني | F7: اسلام سلطان | G7: 0.25 | H7: 0.22569444 | I7: 0 | J7: 0.27430556 | K7: 0.28819444 | L7: ايمن عبدالقادر | M7: اسلام حمدان | N7: =K7-J7 -> 0.013888889 | O7: 0 | P7: 0.0069444444 | Q7: 0.28819444 | R7: 0 | S7: 0.28819444 | T7: =VLOOKUP(E7,'[1]22-1-2026'!$E$3:$T$13,16,FALSE) -> 0.041666667 | U7: 0.32291667 | V7: 0 | W7: 0.020833333 | X7: 0.33958333 | Y7: 0.36041667 | Z7: =Y7-X7 -> 0.020833333 | AA7: =Z7-W7 -> 0 | AB7: 0.36319444
A8: 6 | B8: 529 | C8: =VLOOKUP(B8,داتا!$B$3:$D$42,2,FALSE) -> دبابة | D8: =VLOOKUP(B8,داتا!$B$3:$D$42,3,FALSE) -> 0.020833333 | E8: ترسا | F8: اسلام سلطان | G8: 0.25 | H8: 0.22569444 | I8: 0 | J8: 0.27430556 | K8: 0.28819444 | L8: ايمن عبدالقادر | M8: اسلام حمدان | N8: =K8-J8 -> 0.013888889 | O8: 0 | P8: 0.0069444444 | Q8: 0.28819444 | R8: 0 | S8: 0.29513889 | T8: =VLOOKUP(E8,'[1]22-1-2026'!$E$3:$T$13,16,FALSE) -> 0.0069444444 | U8: 0.36805556 | V8: 0 | W8: 0.03125 | X8: 0.37152778 | Y8: 0.39236111 | Z8: =Y8-X8 -> 0.020833333 | AA8: 0 | AB8: 0.39583333
A9: 7 | B9: 249 | C9: =VLOOKUP(B9,داتا!$B$3:$D$42,2,FALSE) -> دبابة | D9: =VLOOKUP(B9,داتا!$B$3:$D$42,3,FALSE) -> 0.020833333 | E9: العبور | F9: محمد صديق | G9: 0.25 | H9: 0.25347222 | I9: =H9-G9 -> 0.0034722222 | J9: 0.28819444 | K9: 0.29513889 | L9: ايمن عبدالقادر | M9: اسلام حمدان | N9: =K9-J9 -> 0.0069444444 | O9: 0 | P9: 0.0069444444 | Q9: 0.29513889 | R9: 0 | S9: 0.30902778 | T9: =VLOOKUP(E9,'[1]22-1-2026'!$E$3:$T$13,16,FALSE) -> 0.017361111 | U9: 0.33333333 | V9: =U9-T9-S9 -> 0.0069444444 | W9: 0.03125 | X9: 0.34166667 | Y9: 0.37361111 | Z9: =Y9-X9 -> 0.031944444 | AA9: =Z9-W9 -> 0.00069444444 | AB9: 0.375
A10: 8 | B10: 7435 | C10: =VLOOKUP(B10,داتا!$B$3:$D$42,2,FALSE) -> تلتين | D10: =VLOOKUP(B10,داتا!$B$3:$D$42,3,FALSE) -> 0.03125 | E10: الشارع | F10: مصطفى عادل | G10: 0.25 | H10: 0.26041667 | I10: =H10-G10 -> 0.010416667 | J10: 0.27430556 | K10: 0.29513889 | L10: ايمن عبدالقادر | M10: اسلام حمدان | N10: =K10-J10 -> 0.020833333 | O10: 0 | P10: 0.0069444444 | Q10: 0.30902778 | R10: =Q10-P10-K10 -> 0.0069444444 | S10: 0.30902778 | T10: =VLOOKUP(E10,'[1]22-1-2026'!$E$3:$T$13,16,FALSE) -> 0.013888889 | U10: 0.31944444 | V10: 0 | W10: 0.03125 | X10: 0.32291667 | Y10: 0.35763889 | Z10: =Y10-X10 -> 0.034722222 | AA10: =Z10-W10 -> 0.0034722222 | AB10: 0.36111111
A11: 9 | B11: 7435 | C11: =VLOOKUP(B11,داتا!$B$3:$D$42,2,FALSE) -> تلتين | D11: =VLOOKUP(B11,داتا!$B$3:$D$42,3,FALSE) -> 0.03125 | E11: التعاون | F11: مصطفى عادل | G11: 0.25 | H11: 0.26041667 | I11: =H11-G11 -> 0.010416667 | J11: 0.27430556 | K11: 0.29513889 | L11: ايمن عبدالقادر | M11: اسلام حمدان | N11: =K11-J11 -> 0.020833333 | O11: 0 | P11: 0.0069444444 | Q11: 0.30902778 | R11: =Q11-P11-K11 -> 0.0069444444 | S11: 0.30208333 | T11: =VLOOKUP(E11,'[1]22-1-2026'!$E$3:$T$13,16,FALSE) -> 0.013888889 | U11: 0.375 | V11: 0 | W11: 0.041666667 | X11: 0.37708333 | Y11: 0.40763889 | Z11: =Y11-X11 -> 0.030555556 | AA11: 0 | AB11: 0.40972222
A12: 10 | B12: 539 | C12: =VLOOKUP(B12,داتا!$B$3:$D$42,2,FALSE) -> دبابة | D12: =VLOOKUP(B12,داتا!$B$3:$D$42,3,FALSE) -> 0.020833333 | E12: مسرة | F12: احمد اشرف | G12: 0.25 | H12: 0.26041667 | I12: =H12-G12 -> 0.010416667 | J12: 0.29513889 | K12: 0.30208333 | L12: ايمن عبدالقادر | M12: اسلام حمدان | N12: =K12-J12 -> 0.0069444444 | O12: 0 | P12: 0.0069444444 | Q12: 0.30208333 | R12: 0 | S12: 0.30208333 | T12: =VLOOKUP(E12,'[1]22-1-2026'!$E$3:$T$13,16,FALSE) -> 0.013888889 | U12: 0.30694444 | V12: 0 | W12: 0.03125 | X12: 0.31597222 | Y12: 0.34861111 | Z12: =Y12-X12 -> 0.032638889 | AA12: =Z12-W12 -> 0.0013888889 | AB12: 0.35069444
A13: 11 | B13: 876 | C13: =VLOOKUP(B13,داتا!$B$3:$D$42,2,FALSE) -> دبابة | D13: =VLOOKUP(B13,داتا!$B$3:$D$42,3,FALSE) -> 0.020833333 | E13: العباسية | F13: احمدالسعيد | G13: 0.25 | H13: 0.25347222 | I13: =H13-G13 -> 0.0034722222 | J13: 0.29513889 | K13: 0.30208333 | L13: ايمن عبدالقادر | M13: اسلام حمدان | N13: =K13-J13 -> 0.0069444444 | O13: 0 | P13: 0.0069444444 | Q13: 0.30208333 | R13: 0 | S13: 0.31597222 | T13: =VLOOKUP(E13,'[1]22-1-2026'!$E$3:$T$13,16,FALSE) -> 0.013888889 | U13: 0.31944444 | V13: 0 | W13: 0.03125 | X13: 0.32916667 | Y13: 0.36458333 | Z13: =Y13-X13 -> 0.035416667 | AA13: =Z13-W13 -> 0.0041666667 | AB13: 0.36805556
A14: 12 | B14: 529 | C14: =VLOOKUP(B14,داتا!$B$3:$D$42,2,FALSE) -> دبابة | D14: =VLOOKUP(B14,داتا!$B$3:$D$42,3,FALSE) -> 0.020833333 | E14: النزهة | F14: احمد صادق | G14: 0.25 | H14: 0.23958333 | I14: 0 | J14: 0.30208333 | K14: 0.31597222 | L14: ايمن عبدالقادر | M14: اسلام حمدان | N14: =K14-J14 -> 0.013888889 | O14: 0 | P14: 0.0069444444 | Q14: 0.31597222 | R14: 0 | S14: 0.32638889 | T14: 0.013888889 | U14: 0.34513889 | V14: =U14-T14-S14 -> 0.0048611111 | W14: 0.03125 | X14: 0.34722222 | Y14: 0.37152778 | Z14: =Y14-X14 -> 0.024305556 | AA14: 0 | AB14: 0.375
A15: 13 | B15: 492 | C15: =VLOOKUP(B15,داتا!$B$3:$D$42,2,FALSE) -> دبابة | D15: =VLOOKUP(B15,داتا!$B$3:$D$42,3,FALSE) -> 0.020833333 | E15: بورسعيد | F15: محمد احمد | G15: 0.29166667 | H15: 0.28819444 | I15: 0 | J15: 0.30208333 | K15: 0.32291667 | L15: ايمن عبدالقادر | M15: اسلام حمدان | N15: =K15-J15 -> 0.020833333 | O15: =N15-D15 -> 3.8163916e-17 | P15: 0.0069444444 | Q15: 0.32638889 | R15: 0 | S15: 0.32638889 | T15: =VLOOKUP(E15,'[1]22-1-2026'!$E$3:$T$13,16,FALSE) -> 0.0034722222 | U15: 0.32638889 | V15: 0 | W15: 0.03125 | X15: 0.33680556 | Y15: 0.36458333 | Z15: =Y15-X15 -> 0.027777778 | AA15: 0 | AB15: 0.36458333
A16: 1 | B16: 529 | C16: =VLOOKUP(B16,داتا!$B$3:$D$42,2,FALSE) -> دبابة | D16: =VLOOKUP(B16,داتا!$B$3:$D$42,3,FALSE) -> 0.020833333 | E16: العباسية | F16: اسلام سلطان | G16: 0.25 | H16: =VLOOKUP(F16,$F$3:$H$12,3,FALSE) -> 0.22569444 | I16: 0 | J16: 0.47222222 | K16: 0.47916667 | L16: عمرو محمد | M16: علي ممدوح | N16: =K16-J16 -> 0.0069444444 | O16: 0 | P16: 0.0069444444 | Q16: 0.48263889 | R16: 0 | S16: 0.48263889 | T16: =VLOOKUP(E16,'[1]22-1-2026'!$E$3:$T$13,16,FALSE) -> 0.013888889 | U16: 0.50347222 | V16: =U16-T16-S16 -> 0.0069444444 | W16: 0.03125 | X16: 0.50694444 | Y16: 0.52777778 | Z16: =Y16-X16 -> 0.020833333 | AA16: 0 | AB16: 0.53125 | AD16: رحلة ثانية ( شرقى وغربى ومخبوزات )
A17: 2 | B17: 876 | C17: =VLOOKUP(B17,داتا!$B$3:$D$42,2,FALSE) -> دبابة | D17: =VLOOKUP(B17,داتا!$B$3:$D$42,3,FALSE) -> 0.020833333 | E17: السلام | F17: احمد السعيد | G17: 0.25 | H17: 0.25347222 | I17: =H17-G17 -> 0.0034722222 | J17: 0.40277778 | K17: 0.42361111 | L17: عمرو محمد | M17: علي ممدوح | N17: =K17-J17 -> 0.020833333 | O17: =N17-D17 -> 3.8163916e-17 | P17: 0.0069444444 | Q17: 0.43055556 | R17: =Q17-P17-K17 -> 0 | S17: 0.43055556 | T17: =VLOOKUP(E17,'[1]22-1-2026'!$E$3:$T$13,16,FALSE) -> 0.027777778 | U17: 0.45486111 | V17: 0 | W17: 0.020833333 | X17: 0.45833333 | Y17: 0.46805556 | Z17: =Y17-X17 -> 0.0097222222 | AA17: 0 | AB17: 0.475
A18: 3 | B18: 876 | C18: =VLOOKUP(B18,داتا!$B$3:$D$42,2,FALSE) -> دبابة | D18: =VLOOKUP(B18,داتا!$B$3:$D$42,3,FALSE) -> 0.020833333 | E18: العبور | F18: احمد السعيد | G18: 0.25 | H18: 0.25347222 | I18: =H18-G18 -> 0.0034722222 | J18: 0.40277778 | K18: 0.42361111 | L18: عمرو محمد | M18: علي ممدوح | N18: =K18-J18 -> 0.020833333 | O18: =N18-D18 -> 3.8163916e-17 | P18: 0.0069444444 | Q18: 0.43055556 | R18: =Q18-P18-K18 -> 0 | S18: 0.43055556 | T18: =VLOOKUP(E18,'[1]22-1-2026'!$E$3:$T$13,16,FALSE) -> 0.017361111 | U18: 0.49305556 | V18: 0 | W18: 0.03125 | X18: 0.49444444 | Y18: 0.50486111 | Z18: =Y18-X18 -> 0.010416667 | AA18: 0 | AB18: 0.50694444
A19: 4 | B19: 529 | C19: تويوتا | D19: =VLOOKUP(B19,داتا!$B$3:$D$42,3,FALSE) -> 0.020833333 | E19: بورسعيد | F19: محمد احمد | G19: 0.29166667 | H19: 0.28819444 | I19: 0 | J19: 0.40277778 | K19: 0.42708333 | L19: محمد هشام | M19: خالد عبدالسلام | N19: =K19-J19 -> 0.024305556 | O19: =N19-D19 -> 0.0034722222 | P19: 0.0069444444 | Q19: 0.43402778 | R19: =Q19-P19-K19 -> 0 | S19: 0.43402778 | T19: =VLOOKUP(E19,'[1]22-1-2026'!$E$3:$T$13,16,FALSE) -> 0.0034722222 | U19: 0.4375 | V19: =U19-T19-S19 -> 0 | W19: 0.03125 | X19: 0.44097222 | Y19: 0.45833333 | Z19: =Y19-X19 -> 0.017361111 | AA19: 0 | AB19: 0.46180556
A20: 5 | B20: 492 | C20: =VLOOKUP(B20,داتا!$B$3:$D$42,2,FALSE) -> دبابة | D20: =VLOOKUP(B20,داتا!$B$3:$D$42,3,FALSE) -> 0.020833333 | E20: الشروق | F20: احمد صادق | G20: 0.25 | H20: 0.23958333 | I20: 0 | J20: 0.44791667 | K20: 0.44791667 | L20: محمد هشام | M20: خالد عبدالسلام | N20: =K20-J20 -> 0 | O20: 0 | P20: 0.0069444444 | Q20: 0.45138889 | R20: 0 | S20: 0.45138889 | T20: =VLOOKUP(E20,'[1]22-1-2026'!$E$3:$T$13,16,FALSE) -> 0.034722222 | U20: 0.49305556 | V20: =U20-T20-S20 -> 0.0069444444 | W20: 0.020833333 | X20: 0.49652778 | Y20: 0.50347222 | Z20: =Y20-X20 -> 0.0069444444 | AA20: 0 | AB20: 0.50694444
A21: 6 | B21: 492 | C21: =VLOOKUP(B21,داتا!$B$3:$D$42,2,FALSE) -> دبابة | D21: =VLOOKUP(B21,داتا!$B$3:$D$42,3,FALSE) -> 0.020833333 | E21: بدر | F21: احمد صادق | G21: 0.25 | H21: 0.23958333 | I21: 0 | J21: 0.44791667 | K21: 0.44791667 | L21: محمد هشام | M21: خالد عبدالسلام | N21: =K21-J21 -> 0 | O21: 0 | P21: 0.0069444444 | Q21: 0.45138889 | R21: 0 | S21: 0.45138889 | T21: 0.020833333 | U21: 0.52430556 | V21: 0 | W21: 0.03125 | X21: 0.52777778 | Y21: 0.55902778 | Z21: =Y21-X21 -> 0.03125 | AA21: =Z21-W21 -> 0 | AB21: 0.55972222
A22: 7 | B22: 7435 | C22: =VLOOKUP(B22,داتا!$B$3:$D$42,2,FALSE) -> تلتين | D22: =VLOOKUP(B22,داتا!$B$3:$D$42,3,FALSE) -> 0.03125 | E22: النزهة | F22: مصطفى عادل | G22: 0.25 | H22: =VLOOKUP(F22,$F$3:$H$12,3,FALSE) -> 0.26041667 | I22: =H22-G22 -> 0.010416667 | J22: 0.45138889 | K22: 0.45138889 | L22: عمرو محمد | M22: علي ممدوح | N22: =K22-J22 -> 0 | O22: 0 | P22: 0.0069444444 | Q22: 0.45486111 | R22: 0 | S22: 0.45486111 | T22: 0.013888889 | U22: 0.47916667 | V22: =U22-T22-S22 -> 0.010416667 | W22: 0.03125 | X22: 0.48263889 | Y22: 0.4875 | Z22: =Y22-X22 -> 0.0048611111 | AA22: 0 | AB22: 0.48958333
A23: 8 | B23: 7435 | C23: =VLOOKUP(B23,داتا!$B$3:$D$42,2,FALSE) -> تلتين | D23: =VLOOKUP(B23,داتا!$B$3:$D$42,3,FALSE) -> 0.03125 | E23: اول جمال | F23: مصطفى عادل | G23: 0.25 | H23: =VLOOKUP(F23,$F$3:$H$12,3,FALSE) -> 0.26041667 | I23: =H23-G23 -> 0.010416667 | J23: 0.45138889 | K23: 0.45138889 | L23: عمرو محمد | M23: علي ممدوح | N23: =K23-J23 -> 0 | O23: 0 | P23: 0.0069444444 | Q23: 0.45486111 | R23: 0 | S23: 0.45486111 | T23: 0.013888889 | U23: 0.5 | V23: 0 | W23: 0.041666667 | X23: 0.50347222 | Y23: 0.51736111 | Z23: =Y23-X23 -> 0.013888889 | AA23: 0 | AB23: 0.52083333
A24: 9 | B24: 892 | C24: =VLOOKUP(B24,داتا!$B$3:$D$42,2,FALSE) -> تلتين | D24: =VLOOKUP(B24,داتا!$B$3:$D$42,3,FALSE) -> 0.03125 | E24: التعاون | F24: احمد جمعة | G24: 0.25 | H24: =VLOOKUP(F24,$F$3:$H$12,3,FALSE) -> 0.26041667 | I24: =H24-G24 -> 0.010416667 | J24: 0.47916667 | K24: 0.48611111 | L24: محمد هشام | M24: خالد عبدالسلام | N24: =K24-J24 -> 0.0069444444 | O24: 0 | P24: 0.0069444444 | Q24: 0.48611111 | R24: 0 | S24: 0.48611111 | T24: =VLOOKUP(E24,'[1]22-1-2026'!$E$3:$T$13,16,FALSE) -> 0.013888889 | U24: 0.49305556 | V24: 0 | W24: 0.03125 | X24: 0.49652778 | Y24: 0.53125 | Z24: =Y24-X24 -> 0.034722222 | AA24: =Z24-W24 -> 0.0034722222 | AB24: 0.53472222
A25: 10 | B25: 892 | C25: =VLOOKUP(B25,داتا!$B$3:$D$42,2,FALSE) -> تلتين | D25: =VLOOKUP(B25,داتا!$B$3:$D$42,3,FALSE) -> 0.03125 | E25: الشارع | F25: احمد جمعة | G25: 0.25 | H25: =VLOOKUP(F25,$F$3:$H$12,3,FALSE) -> 0.26041667 | I25: =H25-G25 -> 0.010416667 | J25: 0.47916667 | K25: 0.48611111 | L25: محمد هشام | M25: خالد عبدالسلام | N25: =K25-J25 -> 0.0069444444 | O25: 0 | P25: 0.0069444444 | Q25: 0.48611111 | R25: 0 | S25: 0.48611111 | T25: =VLOOKUP(E25,'[1]22-1-2026'!$E$3:$T$13,16,FALSE) -> 0.013888889 | U25: 0.55208333 | V25: 0 | W25: 0.041666667 | X25: 0.55555556 | Y25: 0.57638889 | Z25: =Y25-X25 -> 0.020833333 | AA25: 0 | AB25: 0.57986111
A26: 11 | B26: 249 | C26: =VLOOKUP(B26,داتا!$B$3:$D$42,2,FALSE) -> دبابة | D26: =VLOOKUP(B26,داتا!$B$3:$D$42,3,FALSE) -> 0.020833333 | E26: مسرة | F26: محمد صديق | G26: 0.25 | H26: =VLOOKUP(F26,$F$3:$H$12,3,FALSE) -> 0.25347222 | I26: =H26-G26 -> 0.0034722222 | J26: 0.45486111 | K26: 0.46180556 | L26: عمرو محمد | M26: علي ممدوح | N26: =K26-J26 -> 0.0069444444 | O26: 0 | P26: 0.0069444444 | Q26: 0.46875 | R26: =Q26-P26-K26 -> 0 | S26: 0.46875 | T26: =VLOOKUP(E26,'[1]22-1-2026'!$E$3:$T$13,16,FALSE) -> 0.013888889 | U26: 0.47569444 | V26: 0 | W26: 0.03125 | X26: 0.47916667 | Y26: 0.49652778 | Z26: =Y26-X26 -> 0.017361111 | AA26: 0 | AB26: 0.5
A27: 12 | B27: 539 | C27: =VLOOKUP(B27,داتا!$B$3:$D$42,2,FALSE) -> دبابة | D27: =VLOOKUP(B27,داتا!$B$3:$D$42,3,FALSE) -> 0.020833333 | E27: اللبيني | F27: احمد اشرف | G27: 0.25 | H27: =VLOOKUP(F27,$F$3:$H$12,3,FALSE) -> 0.26041667 | I27: =H27-G27 -> 0.010416667 | J27: 0.47916667 | K27: 0.50347222 | L27: عمرو محمد | M27: علي ممدوح | N27: =K27-J27 -> 0.024305556 | O27: =N27-D27 -> 0.0034722222 | P27: 0.0069444444 | Q27: 0.50486111 | R27: 0 | S27: 0.50486111 | T27: =VLOOKUP(E27,'[1]22-1-2026'!$E$3:$T$13,16,FALSE) -> 0.041666667 | U27: 0.53472222 | V27: 0 | W27: 0.020833333 | X27: 0.53611111 | Y27: 0.54861111 | Z27: =Y27-X27 -> 0.0125 | AA27: 0 | AB27: 0.55069444
A28: 13 | B28: 539 | C28: =VLOOKUP(B28,داتا!$B$3:$D$42,2,FALSE) -> دبابة | D28: =VLOOKUP(B28,داتا!$B$3:$D$42,3,FALSE) -> 0.020833333 | E28: ترسا | F28: احمد اشرف | G28: 0.25 | H28: =VLOOKUP(F28,$F$3:$H$12,3,FALSE) -> 0.26041667 | I28: =H28-G28 -> 0.010416667 | J28: 0.47916667 | K28: 0.50347222 | L28: محمد هشام | M28: خالد عبدالسلام | N28: =K28-J28 -> 0.024305556 | O28: =N28-D28 -> 0.0034722222 | P28: 0.0069444444 | Q28: 0.50486111 | R28: 0 | S28: 0.50486111 | T28: =VLOOKUP(E28,'[1]22-1-2026'!$E$3:$T$13,16,FALSE) -> 0.0069444444 | U28: 0.55902778 | V28: 0 | W28: 0.03125 | X28: 0.5625 | Y28: 0.57986111 | Z28: =Y28-X28 -> 0.017361111 | AA28: 0 | AB28: 0.58333333
A29: 1 | B29: 762 | C29: =VLOOKUP(B29,داتا!$B$3:$D$42,2,FALSE) -> دبابة | D29: =VLOOKUP(B29,داتا!$B$3:$D$42,3,FALSE) -> 0.020833333 | E29: الشارع | F29: مجدي صبحي | G29: 0.25 | H29: =VLOOKUP(F29,$F$3:$H$12,3,FALSE) -> 0.25347222 | I29: =H29-G29 -> 0.0034722222 | J29: 0.52083333 | K29: 0.53472222 | L29: عمرو محمد | M29: علي ممدوح | N29: =K29-J29 -> 0.013888889 | O29: 0 | P29: 0.0069444444 | Q29: 0.53819444 | R29: 0 | S29: 0.53819444 | T29: =VLOOKUP(E29,'[1]22-1-2026'!$E$3:$T$13,16,FALSE) -> 0.013888889 | U29: 0.54861111 | V29: 0 | W29: 0.020833333 | X29: 0.55208333 | Y29: 0.56111111 | Z29: =Y29-X29 -> 0.0090277778 | AA29: 0 | AB29: 0.5625 | AD29: رحلة ثالثة ( شرقى وغربى ومخبوزات )
A30: 2 | B30: 762 | C30: =VLOOKUP(B30,داتا!$B$3:$D$42,2,FALSE) -> دبابة | D30: =VLOOKUP(B30,داتا!$B$3:$D$42,3,FALSE) -> 0.020833333 | E30: التعاون | F30: مجدي صبحي | G30: 0.25 | H30: =VLOOKUP(F30,$F$3:$H$12,3,FALSE) -> 0.25347222 | I30: =H30-G30 -> 0.0034722222 | J30: 0.52083333 | K30: 0.53472222 | L30: عمرو محمد | M30: علي ممدوح | N30: =K30-J30 -> 0.013888889 | O30: 0 | P30: 0.0069444444 | Q30: 0.53819444 | R30: 0 | S30: 0.53819444 | T30: =VLOOKUP(E30,'[1]22-1-2026'!$E$3:$T$13,16,FALSE) -> 0.013888889 | U30: 0.57986111 | V30: 0 | W30: 0.03125 | X30: 0.58125 | Y30: 0.58333333 | Z30: =Y30-X30 -> 0.0020833333 | AA30: 0 | AB30: 0.58680556
A31: 3 | B31: 249 | C31: =VLOOKUP(B31,داتا!$B$3:$D$42,2,FALSE) -> دبابة | D31: =VLOOKUP(B31,داتا!$B$3:$D$42,3,FALSE) -> 0.020833333 | E31: العبور | F31: محمد صديق | G31: 0.25 | H31: =VLOOKUP(F31,$F$3:$H$12,3,FALSE) -> 0.25347222 | I31: =H31-G31 -> 0.0034722222 | J31: 0.52083333 | K31: 0.53472222 | L31: محمد هشام | M31: خالد عبدالسلام | N31: =K31-J31 -> 0.013888889 | O31: 0 | P31: 0.0069444444 | Q31: 0.53819444 | R31: 0 | S31: 0.53819444 | T31: =VLOOKUP(E31,'[1]22-1-2026'!$E$3:$T$13,16,FALSE) -> 0.017361111 | U31: 0.56944444 | V31: =U31-T31-S31 -> 0.013888889 | W31: 0.03125 | X31: 0.57291667 | Y31: 0.58541667 | Z31: =Y31-X31 -> 0.0125 | AA31: 0 | AB31: 0.58680556
A32: 4 | B32: 876 | C32: =VLOOKUP(B32,داتا!$B$3:$D$42,2,FALSE) -> دبابة | D32: =VLOOKUP(B32,داتا!$B$3:$D$42,3,FALSE) -> 0.020833333 | E32: السلام | F32: مصطفى عادل | G32: 0.25 | H32: =VLOOKUP(F32,$F$3:$H$12,3,FALSE) -> 0.26041667 | I32: =H32-G32 -> 0.010416667 | J32: 0.52083333 | K32: 0.53472222 | L32: محمد هشام | M32: خالد عبدالسلام | N32: =K32-J32 -> 0.013888889 | O32: 0 | P32: 0.0069444444 | Q32: 0.53819444 | R32: 0 | S32: 0.53819444 | T32: =VLOOKUP(E32,'[1]22-1-2026'!$E$3:$T$13,16,FALSE) -> 0.027777778 | U32: 0 | V32: 0 | W32: 0.020833333 | X32: 0 | Y32: 0 | Z32: =Y32-X32 -> 0 | AA32: 0 | AB32: 0
A33: 5 | B33: 876 | C33: =VLOOKUP(B33,داتا!$B$3:$D$42,2,FALSE) -> دبابة | D33: =VLOOKUP(B33,داتا!$B$3:$D$42,3,FALSE) -> 0.020833333 | E33: اول جمال | F33: مصطفى عادل | G33: 0.25 | H33: =VLOOKUP(F33,$F$3:$H$12,3,FALSE) -> 0.26041667 | I33: =H33-G33 -> 0.010416667 | J33: 0.52083333 | K33: 0.53472222 | L33: عمرو محمد | M33: علي ممدوح | N33: =K33-J33 -> 0.013888889 | O33: 0 | P33: 0.0069444444 | Q33: 0.53819444 | R33: 0 | S33: 0.53819444 | T33: 0.010416667 | U33: 0 | V33: 0 | W33: 0.020833333 | X33: 0 | Y33: 0 | Z33: =Y33-X33 -> 0 | AA33: 0 | AB33: 0
A34: 6 | B34: 876 | C34: =VLOOKUP(B34,داتا!$B$3:$D$42,2,FALSE) -> دبابة | D34: =VLOOKUP(B34,داتا!$B$3:$D$42,3,FALSE) -> 0.020833333 | E34: النزهة | F34: مصطفى عادل | G34: 0.25 | H34: 0.26041667 | I34: =H34-G34 -> 0.010416667 | J34: 0.52083333 | K34: 0.53472222 | L34: عمرو محمد | M34: علي ممدوح | N34: =K34-J34 -> 0.013888889 | O34: 0 | P34: 0.0069444444 | Q34: 0.53819444 | R34: 0 | S34: 0.53819444 | T34: 0.010416667 | U34: 0 | V34: 0 | W34: 0.03125 | X34: 0 | Y34: 0 | Z34: =Y34-X34 -> 0 | AA34: 0 | AB34: 0
A35: 7 | B35: 529 | C35: تويوتا | D35: =VLOOKUP(B35,داتا!$B$3:$D$42,3,FALSE) -> 0.020833333 | E35: بورسعيد | F35: محمد احمد | G35: 0.29166667 | H35: 0.28819444 | I35: 0 | J35: 0.54652778 | K35: 0.55208333 | L35: محمد هشام | M35: خالد عبدالسلام | N35: =K35-J35 -> 0.0055555556 | O35: 0 | P35: 0.0069444444 | Q35: 0.54513889 | R35: 0 | S35: 0.54513889 | T35: =VLOOKUP(E35,'[1]22-1-2026'!$E$3:$T$13,16,FALSE) -> 0.0034722222 | U35: 0.55208333 | V35: =U35-T35-S35 -> 0.0034722222 | W35: 0.020833333 | X35: 0.55555556 | Y35: 0.57291667 | Z35: =Y35-X35 -> 0.017361111 | AA35: 0 | AB35: 0.575
A36: 8 | B36: 529 | C36: =VLOOKUP(B36,داتا!$B$3:$D$42,2,FALSE) -> دبابة | D36: =VLOOKUP(B36,داتا!$B$3:$D$42,3,FALSE) -> 0.020833333 | E36: العباسية | F36: حسام سلامه | G36: 0.54166667 | H36: 0.53125 | I36: 0 | J36: 0.5625 | K36: 0.56597222 | L36: خالد عبد السلام | M36: علي ممدوح | N36: =K36-J36 -> 0.0034722222 | O36: 0 | P36: 0.0069444444 | Q36: 0.5625 | R36: 0 | S36: 0.5625 | T36: =VLOOKUP(E36,'[1]22-1-2026'!$E$3:$T$13,16,FALSE) -> 0.013888889 | U36: 0.57986111 | V36: =U36-T36-S36 -> 0.0034722222 | W36: 0.03125 | X36: 0.58333333 | Y36: 0.58680556 | Z36: =Y36-X36 -> 0.0034722222 | AA36: 0 | AB36: 0.59027778
A37: 9 | B37: 529 | C37: =VLOOKUP(B37,داتا!$B$3:$D$42,2,FALSE) -> دبابة | D37: =VLOOKUP(B37,داتا!$B$3:$D$42,3,FALSE) -> 0.020833333 | E37: مسرة | F37: حسام سلامه | G37: 0.54166667 | H37: 0.53125 | I37: 0 | J37: 0.5625 | K37: 0.56597222 | L37: خالد عبد السلام | M37: علي ممدوح | N37: =K37-J37 -> 0.0034722222 | O37: 0 | P37: 0.0069444444 | Q37: 0.5625 | R37: 0 | S37: 0.5625 | T37: =VLOOKUP(E37,'[1]22-1-2026'!$E$3:$T$13,16,FALSE) -> 0.013888889 | U37: 0.60763889 | V37: 0.0034722222 | W37: 0.03125 | X37: 0.61111111 | Y37: 0.61458333 | Z37: =Y37-X37 -> 0.0034722222 | AA37: 0 | AB37: 0.61805556

Sheet 24-4-2026
A1: شيت دخول وخروج السيارات أبو محرم
A2: م | B2: رقم السيارة | C2: نوع السيارة | D2: الزمن المعيارى للتحميل | E2: اسم الفرع | F2: اسم السائق | G2: وقت الحضور المقرر | H2: الحضور فعلى | I2: مدة التأخير | J2: دخول الكيدج | K2: نزول من الكيدج | L2: أخصائى الدفترى | M2: أخصائى السيستم | N2: مدة التحميل | O2: مدة انحراف التحميل | P2: الزمن المعيارى لنزول الاذن | Q2: وقت نزول الاذن | R2: مدة انحراف نزول الاذن | S2: خروج من المصنع | T2: الزمن المعيارى لدخول الفرع | U2: دخول الفرع | V2: مدة انحراف دخول الفرع | W2: الزمن المعيارى لنزول المنتجات | X2: فتح السياره | Y2: غلق السياره | Z2: الوقت المستغرق | AA2: مدة انحراف نزول المنتجات فى الفرع | AB2: خروج من الفرع | AC2: ملاحظات
A3: 1 | B3: 529 | C3: =VLOOKUP(B3,داتا!$B$3:$D$42,2,FALSE) -> دبابة | D3: =VLOOKUP(B3,داتا!$B$3:$D$42,3,FALSE) -> 0.020833333 | E3: الشروق | F3: اسلام سلطان | G3: 0.25 | H3: 0.23611111 | I3: 0 | J3: 0.26388889 | K3: 0.27430556 | L3: كريم سمير | M3: اسلام حمدان | N3: =K3-J3 -> 0.010416667 | O3: 0 | P3: 0.0069444444 | Q3: 0.27430556 | R3: 0 | S3: 0.27430556 | T3: =VLOOKUP(E3,'[1]22-1-2026'!$E$3:$T$13,16,FALSE) -> 0.034722222 | U3: 0.30555556 | V3: 0 | W3: 0.020833333 | X3: 0.33888889 | Y3: 0.36111111 | Z3: =Y3-X3 -> 0.022222222 | AA3: =Z3-W3 -> 0.0013888889 | AB3: 0.36458333 | AD3: رحلة اولى ( شرقى ومخبوزات وغربى )
A4: 2 | B4: 529 | C4: =VLOOKUP(B4,داتا!$B$3:$D$42,2,FALSE) -> دبابة | D4: =VLOOKUP(B4,داتا!$B$3:$D$42,3,FALSE) -> 0.020833333 | E4: بدر | F4: اسلام سلطان | G4: 0.25 | H4: 0.23611111 | I4: 0 | J4: 0.26388889 | K4: 0.27430556 | L4: كريم سمير | M4: اسلام حمدان | N4: =K4-J4 -> 0.010416667 | O4: 0 | P4: 0.0069444444 | Q4: 0.27430556 | R4: 0 | S4: 0.27430556 | T4: 0.013888889 | U4: 0.37847222 | V4: 0 | W4: 0.03125 | X4: 0.38194444 | Y4: 0.42361111 | Z4: =Y4-X4 -> 0.041666667 | AA4: =Z4-W4 -> 0.010416667 | AB4: 0.42708333
A5: 3 | B5: 876 | C5: =VLOOKUP(B5,داتا!$B$3:$D$42,2,FALSE) -> دبابة | D5: =VLOOKUP(B5,داتا!$B$3:$D$42,3,FALSE) -> 0.020833333 | E5: اللبينى | F5: احمد السعيد | G5: 0.25 | H5: 0.25694444 | I5: =H5-G5 -> 0.0069444444 | J5: 0.26388889 | K5: 0.28125 | L5: كريم سمير | M5: اسلام حمدان | N5: =K5-J5 -> 0.017361111 | O5: 0 | P5: 0.0069444444 | Q5: 0.28472222 | R5: 0 | S5: 0.28472222 | T5: 0.041666667 | U5: 0.31041667 | V5: 0 | W5: 0.020833333 | X5: 0.33541667 | Y5: 0.35416667 | Z5: =Y5-X5 -> 0.01875 | AA5: 0 | AB5: 0.35763889
A6: 4 | B6: 876 | C6: =VLOOKUP(B6,داتا!$B$3:$D$42,2,FALSE) -> دبابة | D6: =VLOOKUP(B6,داتا!$B$3:$D$42,3,FALSE) -> 0.020833333 | E6: ترسا | F6: احمد السعيد | G6: 0.25 | H6: 0.25694444 | I6: =H6-G6 -> 0.0069444444 | J6: 0.26388889 | K6: 0.28125 | L6: كريم سمير | M6: اسلام حمدان | N6: =K6-J6 -> 0.017361111 | O6: 0 | P6: 0.0069444444 | Q6: 0.28472222 | R6: 0 | S6: 0.28472222 | T6: =VLOOKUP(E6,'[1]22-1-2026'!$E$3:$T$13,16,FALSE) -> 0.0069444444 | U6: 0.36319444 | V6: 0 | W6: 0.03125 | X6: 0.36458333 | Y6: 0.38402778 | Z6: =Y6-X6 -> 0.019444444 | AA6: 0 | AB6: 0.38541667
A7: 5 | B7: 249 | C7: =VLOOKUP(B7,داتا!$B$3:$D$42,2,FALSE) -> دبابة | D7: =VLOOKUP(B7,داتا!$B$3:$D$42,3,FALSE) -> 0.020833333 | E7: العباسية | F7: محمد صديق | G7: 0.25 | H7: 0.25 | I7: =H7-G7 -> 0 | J7: 0.27083333 | K7: 0.28125 | L7: كريم سمير | M7: اسلام حمدان | N7: =K7-J7 -> 0.010416667 | O7: 0 | P7: 0.0069444444 | Q7: 0.29166667 | R7: =Q7-P7-K7 -> 0.0034722222 | S7: 0.29166667 | T7: =VLOOKUP(E7,'[1]22-1-2026'!$E$3:$T$13,16,FALSE) -> 0.013888889 | U7: 0.30069444 | V7: 0 | W7: 0.03125 | X7: 0.33402778 | Y7: 0.37361111 | Z7: =Y7-X7 -> 0.039583333 | AA7: =Z7-W7 -> 0.0083333333 | AB7: 0.375
A8: 6 | B8: 892 | C8: =VLOOKUP(B8,داتا!$B$3:$D$42,2,FALSE) -> تلتين | D8: =VLOOKUP(B8,داتا!$B$3:$D$42,3,FALSE) -> 0.03125 | E8: اول جمال | F8: احمد جمعة | G8: 0.25 | H8: 0.27083333 | I8: =H8-G8 -> 0.020833333 | J8: 0.23611111 | K8: 0.27430556 | L8: كريم سمير | M8: اسلام حمدان | N8: =K8-J8 -> 0.038194444 | O8: =N8-D8 -> 0.0069444444 | P8: 0.0069444444 | Q8: 0.28125 | R8: =Q8-P8-K8 -> 0 | S8: 0.28125 | T8: =VLOOKUP(E8,'[1]22-1-2026'!$E$3:$T$13,16,FALSE) -> 0.024305556 | U8: 0.30555556 | V8: =U8-T8-S8 -> 0 | W8: 0.03125 | X8: 0.30902778 | Y8: 0.34375 | Z8: =Y8-X8 -> 0.034722222 | AA8: =Z8-W8 -> 0.0034722222 | AB8: 0.35208333
A9: 7 | B9: 892 | C9: =VLOOKUP(B9,داتا!$B$3:$D$42,2,FALSE) -> تلتين | D9: =VLOOKUP(B9,داتا!$B$3:$D$42,3,FALSE) -> 0.03125 | E9: السلام | F9: احمد جمعة | G9: 0.25 | H9: 0.27083333 | I9: =H9-G9 -> 0.020833333 | J9: 0.23611111 | K9: 0.27430556 | L9: كريم سمير | M9: اسلام حمدان | N9: =K9-J9 -> 0.038194444 | O9: =N9-D9 -> 0.0069444444 | P9: 0.0069444444 | Q9: 0.28125 | R9: =Q9-P9-K9 -> 0 | S9: 0.28125 | T9: =VLOOKUP(E9,'[1]22-1-2026'!$E$3:$T$13,16,FALSE) -> 0.027777778 | U9: 0.3625 | V9: 0 | W9: 0.041666667 | X9: 0.36805556 | Y9: 0.39513889 | Z9: =Y9-X9 -> 0.027083333 | AA9: 0 | AB9: 0.39930556
A10: 8 | B10: 529 | C10: تويوتا | D10: =VLOOKUP(B10,داتا!$B$3:$D$42,3,FALSE) -> 0.020833333 | E10: النزهة | F10: احمد صادق | G10: 0.25 | H10: 0.25694444 | I10: =H10-G10 -> 0.0069444444 | J10: 0.28125 | K10: 0.29166667 | L10: كريم سمير | M10: اسلام حمدان | N10: =K10-J10 -> 0.010416667 | O10: 0 | P10: 0.0069444444 | Q10: 0.29166667 | R10: 0 | S10: 0.29166667 | T10: 0.020833333 | U10: 0.31944444 | V10: =U10-T10-S10 -> 0.0069444444 | W10: 0.03125 | X10: 0.33680556 | Y10: 0.35763889 | Z10: =Y10-X10 -> 0.020833333 | AA10: 0 | AB10: 0.36111111
A11: 9 | B11: 539 | C11: =VLOOKUP(B11,داتا!$B$3:$D$42,2,FALSE) -> دبابة | D11: =VLOOKUP(B11,داتا!$B$3:$D$42,3,FALSE) -> 0.020833333 | E11: مسرة | F11: احمد اشرف | G11: 0.25 | H11: 0.27430556 | I11: =H11-G11 -> 0.024305556 | J11: 0.29513889 | K11: 0.29861111 | L11: كريم سمير | M11: اسلام حمدان | N11: =K11-J11 -> 0.0034722222 | O11: 0 | P11: 0.0069444444 | Q11: 0.29861111 | R11: 0 | S11: 0.29861111 | T11: =VLOOKUP(E11,'[1]22-1-2026'!$E$3:$T$13,16,FALSE) -> 0.013888889 | U11: 0.3125 | V11: =U11-T11-S11 -> 0 | W11: 0.03125 | X11: 0.3125 | Y11: 0.34375 | Z11: =Y11-X11 -> 0.03125 | AA11: =Z11-W11 -> 0 | AB11: 0.34722222
A12: 10 | B12: 492 | C12: =VLOOKUP(B12,داتا!$B$3:$D$42,2,FALSE) -> دبابة | D12: =VLOOKUP(B12,داتا!$B$3:$D$42,3,FALSE) -> 0.020833333 | E12: العبور | F12: حسن على | G12: 0.25 | H12: 0.29513889 | I12: =H12-G12 -> 0.045138889 | J12: 0.28125 | K12: 0.29166667 | L12: كريم سمير | M12: اسلام حمدان | N12: =K12-J12 -> 0.010416667 | O12: 0 | P12: 0.0069444444 | Q12: 0.29513889 | R12: 0 | S12: 0.29513889 | T12: =VLOOKUP(E12,'[1]22-1-2026'!$E$3:$T$13,16,FALSE) -> 0.017361111 | U12: 0.33333333 | V12: =U12-T12-S12 -> 0.020833333 | W12: 0.03125 | X12: 0.33680556 | Y12: 0.36805556 | Z12: =Y12-X12 -> 0.03125 | AA12: =Z12-W12 -> 0 | AB12: 0.36944444
A13: 11 | B13: 762 | C13: =VLOOKUP(B13,داتا!$B$3:$D$42,2,FALSE) -> دبابة | D13: =VLOOKUP(B13,داتا!$B$3:$D$42,3,FALSE) -> 0.020833333 | E13: بورسعيد | F13: ممدوح عبد العال | G13: 0.20833333 | H13: 0.16666667 | I13: 0 | J13: 0.30208333 | K13: 0.30555556 | L13: كريم سمير | M13: اسلام حمدان | N13: =K13-J13 -> 0.0034722222 | O13: 0 | P13: 0.0069444444 | Q13: 0.30902778 | R13: 0 | S13: 0.30902778 | T13: =VLOOKUP(E13,'[1]22-1-2026'!$E$3:$T$13,16,FALSE) -> 0.0034722222 | U13: 0.3125 | V13: =U13-T13-S13 -> 0 | W13: 0.03125 | X13: 0.34027778 | Y13: 0.375 | Z13: =Y13-X13 -> 0.034722222 | AA13: =Z13-W13 -> 0.0034722222 | AB13: 0.37847222
A14: 12 | B14: 7435 | C14: =VLOOKUP(B14,داتا!$B$3:$D$42,2,FALSE) -> تلتين | D14: =VLOOKUP(B14,داتا!$B$3:$D$42,3,FALSE) -> 0.03125 | E14: الشارع | F14: مصطفى عادل | G14: 0.25 | H14: 0.25694444 | I14: =H14-G14 -> 0.0069444444 | J14: 0.29513889 | K14: 0.3125 | L14: كريم سمير | M14: اسلام حمدان | N14: =K14-J14 -> 0.017361111 | O14: 0 | P14: 0.0069444444 | Q14: 0.30555556 | R14: 0 | S14: 0.30555556 | T14: =VLOOKUP(E14,'[1]22-1-2026'!$E$3:$T$13,16,FALSE) -> 0.013888889 | U14: 0.32291667 | V14: =U14-T14-S14 -> 0.0034722222 | W14: 0.03125 | X14: 0.33333333 | Y14: 0.36805556 | Z14: =Y14-X14 -> 0.034722222 | AA14: =Z14-W14 -> 0.0034722222 | AB14: 0.37152778
A15: 13 | B15: 7435 | C15: =VLOOKUP(B15,داتا!$B$3:$D$42,2,FALSE) -> تلتين | D15: =VLOOKUP(B15,داتا!$B$3:$D$42,3,FALSE) -> 0.03125 | E15: التعاون | F15: مصطفى عادل | G15: 0.25 | H15: 0.25694444 | I15: =H15-G15 -> 0.0069444444 | J15: 0.29513889 | K15: 0.3125 | L15: كريم سمير | M15: اسلام حمدان | N15: =K15-J15 -> 0.017361111 | O15: 0 | P15: 0.0069444444 | Q15: 0.30555556 | R15: 0 | S15: 0.30555556 | T15: =VLOOKUP(E15,'[1]22-1-2026'!$E$3:$T$13,16,FALSE) -> 0.013888889 | U15: 0.37847222 | V15: 0 | W15: 0.041666667 | X15: 0.37986111 | Y15: 0.4125 | Z15: =Y15-X15 -> 0.032638889 | AA15: 0 | AB15: 0.41666667
A16: 1 | B16: 762 | C16: =VLOOKUP(B16,داتا!$B$3:$D$42,2,FALSE) -> دبابة | D16: =VLOOKUP(B16,داتا!$B$3:$D$42,3,FALSE) -> 0.020833333 | E16: العباسية | F16: مجدى صبحى | G16: 0.25 | H16: 0.25 | I16: =H16-G16 -> 0 | J16: 0.37847222 | K16: 0.40972222 | L16: عمرو محمد | M16: على ممدوح | N16: =K16-J16 -> 0.03125 | O16: =N16-D16 -> 0.010416667 | P16: 0.0069444444 | Q16: 0.40972222 | R16: 0 | S16: 0.40972222 | T16: =VLOOKUP(E16,'[1]22-1-2026'!$E$3:$T$13,16,FALSE) -> 0.013888889 | U16: 0.42222222 | V16: 0 | W16: 0.020833333 | X16: 0.42291667 | Y16: 0.43402778 | Z16: =Y16-X16 -> 0.011111111 | AA16: 0 | AB16: 0.43680556 | AD16: رحلة ثانية ( شرقى وغربى ومخبوزات )
A17: 2 | B17: 762 | C17: =VLOOKUP(B17,داتا!$B$3:$D$42,2,FALSE) -> دبابة | D17: =VLOOKUP(B17,داتا!$B$3:$D$42,3,FALSE) -> 0.020833333 | E17: مسرة | F17: مجدى صبحى | G17: 0.25 | H17: 0.25 | I17: =H17-G17 -> 0 | J17: 0.37847222 | K17: 0.40972222 | L17: عمرو محمد | M17: على ممدوح | N17: =K17-J17 -> 0.03125 | O17: =N17-D17 -> 0.010416667 | P17: 0.0069444444 | Q17: 0.40972222 | R17: 0 | S17: 0.40972222 | T17: =VLOOKUP(E17,'[1]22-1-2026'!$E$3:$T$13,16,FALSE) -> 0.013888889 | U17: 0.44791667 | V17: 0 | W17: 0.03125 | X17: 0.44861111 | Y17: 0.46875 | Z17: =Y17-X17 -> 0.020138889 | AA17: 0 | AB17: 0.47222222
A18: 3 | B18: 249 | C18: =VLOOKUP(B18,داتا!$B$3:$D$42,2,FALSE) -> دبابة | D18: =VLOOKUP(B18,داتا!$B$3:$D$42,3,FALSE) -> 0.020833333 | E18: الشروق | F18: محمد صديق | G18: 0.25 | H18: =VLOOKUP(F18,$F$3:$H$12,3,FALSE) -> 0.25 | I18: =H18-G18 -> 0 | J18: 0.38888889 | K18: 0.43055556 | L18: محمود على | M18: على ممدوح | N18: =K18-J18 -> 0.041666667 | O18: =N18-D18 -> 0.020833333 | P18: 0.0069444444 | Q18: 0.43055556 | R18: 0 | S18: 0.43055556 | T18: =VLOOKUP(E18,'[1]22-1-2026'!$E$3:$T$13,16,FALSE) -> 0.034722222 | U18: 0.47222222 | V18: =U18-T18-S18 -> 0.0069444444 | W18: 0.020833333 | X18: 0.47430556 | Y18: 0.48958333 | Z18: =Y18-X18 -> 0.015277778 | AA18: 0 | AB18: 0.49305556
A19: 4 | B19: 249 | C19: =VLOOKUP(B19,داتا!$B$3:$D$42,2,FALSE) -> دبابة | D19: =VLOOKUP(B19,داتا!$B$3:$D$42,3,FALSE) -> 0.020833333 | E19: بدر | F19: محمد صديق | G19: 0.25 | H19: =VLOOKUP(F19,$F$3:$H$12,3,FALSE) -> 0.25 | I19: =H19-G19 -> 0 | J19: 0.38888889 | K19: 0.43055556 | L19: محمود على | M19: على ممدوح | N19: =K19-J19 -> 0.041666667 | O19: =N19-D19 -> 0.020833333 | P19: 0.0069444444 | Q19: 0.43055556 | R19: 0 | S19: 0.43055556 | T19: 0.020833333 | U19: 0.51041667 | V19: 0 | W19: 0.03125 | X19: 0.51388889 | Y19: 0.54166667 | Z19: =Y19-X19 -> 0.027777778 | AA19: 0 | AB19: 0.54513889
A20: 5 | B20: 539 | C20: =VLOOKUP(B20,داتا!$B$3:$D$42,2,FALSE) -> دبابة | D20: =VLOOKUP(B20,داتا!$B$3:$D$42,3,FALSE) -> 0.020833333 | E20: النزهة | F20: احمد اشرف | G20: 0.25 | H20: =VLOOKUP(F20,$F$3:$H$12,3,FALSE) -> 0.27430556 | I20: =H20-G20 -> 0.024305556 | J20: 0.41319444 | K20: 0.4375 | L20: محمود على | M20: على ممدوح | N20: =K20-J20 -> 0.024305556 | O20: =N20-D20 -> 0.0034722222 | P20: 0.0069444444 | Q20: 0.4375 | R20: 0 | S20: 0.4375 | T20: 0.024305556 | U20: 0.45833333 | V20: 0 | W20: 0.020833333 | X20: 0.46180556 | Y20: 0.46875 | Z20: =Y20-X20 -> 0.0069444444 | AA20: 0 | AB20: 0.47222222
A21: 6 | B21: 539 | C21: =VLOOKUP(B21,داتا!$B$3:$D$42,2,FALSE) -> دبابة | D21: =VLOOKUP(B21,داتا!$B$3:$D$42,3,FALSE) -> 0.020833333 | E21: اول جمال | F21: احمد اشرف | G21: 0.25 | H21: =VLOOKUP(F21,$F$3:$H$12,3,FALSE) -> 0.27430556 | I21: =H21-G21 -> 0.024305556 | J21: 0.41319444 | K21: 0.4375 | L21: محمود على | M21: على ممدوح | N21: =K21-J21 -> 0.024305556 | O21: =N21-D21 -> 0.0034722222 | P21: 0.0069444444 | Q21: 0.4375 | R21: 0 | S21: 0.4375 | T21: 0.017361111 | U21: 0.48611111 | V21: 0 | W21: 0.03125 | X21: 0.4875 | Y21: 0.51388889 | Z21: =Y21-X21 -> 0.026388889 | AA21: 0 | AB21: 0.51736111
A22: 7 | B22: 7435 | C22: =VLOOKUP(B22,داتا!$B$3:$D$42,2,FALSE) -> تلتين | D22: =VLOOKUP(B22,داتا!$B$3:$D$42,3,FALSE) -> 0.03125 | E22: العبور | F22: مصطفى عادل | G22: 0.25 | H22: 0.25694444 | I22: =H22-G22 -> 0.0069444444 | J22: 0.42708333 | K22: 0.46875 | L22: عمرو محمد | M22: على ممدوح | N22: =K22-J22 -> 0.041666667 | O22: =N22-D22 -> 0.010416667 | P22: 0.0069444444 | Q22: 0.46875 | R22: 0 | S22: 0.46875 | T22: =VLOOKUP(E22,'[1]22-1-2026'!$E$3:$T$13,16,FALSE) -> 0.017361111 | U22: 0.52777778 | V22: =U22-T22-S22 -> 0.041666667 | W22: 0.03125 | X22: 0.53125 | Y22: 0.54513889 | Z22: =Y22-X22 -> 0.013888889 | AA22: 0 | AB22: 0.54861111
A23: 8 | B23: 7435 | C23: =VLOOKUP(B23,داتا!$B$3:$D$42,2,FALSE) -> تلتين | D23: =VLOOKUP(B23,داتا!$B$3:$D$42,3,FALSE) -> 0.03125 | E23: السلام | F23: مصطفى عادل | G23: 0.25 | H23: 0.25694444 | I23: =H23-G23 -> 0.0069444444 | J23: 0.42708333 | K23: 0.46875 | L23: عمرو محمد | M23: على ممدوح | N23: =K23-J23 -> 0.041666667 | O23: =N23-D23 -> 0.010416667 | P23: 0.0069444444 | Q23: 0.46875 | R23: 0 | S23: 0.46875 | T23: =VLOOKUP(E23,'[1]22-1-2026'!$E$3:$T$13,16,FALSE) -> 0.027777778 | U23: 0.56944444 | V23: 0 | W23: 0.041666667 | X23: 0.57986111 | Y23: 0.67777778 | Z23: =Y23-X23 -> 0.097916667 | AA23: =Z23-W23 -> 0.05625 | AB23: 0.68125
A24: 9 | B24: 892 | C24: =VLOOKUP(B24,داتا!$B$3:$D$42,2,FALSE) -> تلتين | D24: =VLOOKUP(B24,داتا!$B$3:$D$42,3,FALSE) -> 0.03125 | E24: التعاون | F24: احمد جمعة | G24: 0.25 | H24: =VLOOKUP(F24,$F$3:$H$12,3,FALSE) -> 0.27083333 | I24: =H24-G24 -> 0.020833333 | J24: 0.44097222 | K24: 0.48263889 | L24: عمرو محمد | M24: على ممدوح | N24: =K24-J24 -> 0.041666667 | O24: =N24-D24 -> 0.010416667 | P24: 0.0069444444 | Q24: 0.48263889 | R24: 0 | S24: 0.48263889 | T24: =VLOOKUP(E24,'[1]22-1-2026'!$E$3:$T$13,16,FALSE) -> 0.013888889 | U24: 0.49305556 | V24: 0 | W24: 0.03125 | X24: 0.5 | Y24: 0.53958333 | Z24: =Y24-X24 -> 0.039583333 | AA24: =Z24-W24 -> 0.0083333333 | AB24: 0.54166667
A25: 10 | B25: 892 | C25: =VLOOKUP(B25,داتا!$B$3:$D$42,2,FALSE) -> تلتين | D25: =VLOOKUP(B25,داتا!$B$3:$D$42,3,FALSE) -> 0.03125 | E25: الشارع | F25: احمد جمعة | G25: 0.25 | H25: =VLOOKUP(F25,$F$3:$H$12,3,FALSE) -> 0.27083333 | I25: =H25-G25 -> 0.020833333 | J25: 0.44097222 | K25: 0.48263889 | L25: عمرو محمد | M25: على ممدوح | N25: =K25-J25 -> 0.041666667 | O25: =N25-D25 -> 0.010416667 | P25: 0.0069444444 | Q25: 0.48263889 | R25: 0 | S25: 0.48263889 | T25: =VLOOKUP(E25,'[1]22-1-2026'!$E$3:$T$13,16,FALSE) -> 0.013888889 | U25: 0.55208333 | V25: 0 | W25: 0.041666667 | X25: 0.56944444 | Y25: 0.59722222 | Z25: =Y25-X25 -> 0.027777778 | AA25: 0 | AB25: 0.60069444
A26: 11 | B26: 492 | C26: =VLOOKUP(B26,داتا!$B$3:$D$42,2,FALSE) -> دبابة | D26: =VLOOKUP(B26,داتا!$B$3:$D$42,3,FALSE) -> 0.020833333 | E26: اللبينى | F26: حسن على | G26: 0.25 | H26: =VLOOKUP(F26,$F$3:$H$12,3,FALSE) -> 0.29513889 | I26: =H26-G26 -> 0.045138889 | J26: 0.46875 | K26: 0.50347222 | L26: محمود على | M26: على ممدوح | N26: =K26-J26 -> 0.034722222 | O26: =N26-D26 -> 0.013888889 | P26: 0.0069444444 | Q26: 0.50347222 | R26: 0 | S26: 0.50347222 | T26: 0.041666667 | U26: 0.53819444 | V26: 0 | W26: 0.020833333 | X26: 0.54166667 | Y26: 0.54861111 | Z26: =Y26-X26 -> 0.0069444444 | AA26: 0 | AB26: 0.55208333
A27: 12 | B27: 492 | C27: =VLOOKUP(B27,داتا!$B$3:$D$42,2,FALSE) -> دبابة | D27: =VLOOKUP(B27,داتا!$B$3:$D$42,3,FALSE) -> 0.020833333 | E27: ترسا | F27: حسن على | G27: 0.25 | H27: =VLOOKUP(F27,$F$3:$H$12,3,FALSE) -> 0.29513889 | I27: =H27-G27 -> 0.045138889 | J27: 0.46875 | K27: 0.50347222 | L27: محمود على | M27: على ممدوح | N27: =K27-J27 -> 0.034722222 | O27: =N27-D27 -> 0.013888889 | P27: 0.0069444444 | Q27: 0.50347222 | R27: 0 | S27: 0.50347222 | T27: =VLOOKUP(E27,'[1]22-1-2026'!$E$3:$T$13,16,FALSE) -> 0.0069444444 | U27: 0.5625 | V27: 0.0034722222 | W27: 0.03125 | X27: 0.575 | Y27: 0.58819444 | Z27: =Y27-X27 -> 0.013194444 | AA27: 0 | AB27: 0.58888889
A28: 13 | B28: 876 | C28: =VLOOKUP(B28,داتا!$B$3:$D$42,2,FALSE) -> دبابة | D28: =VLOOKUP(B28,داتا!$B$3:$D$42,3,FALSE) -> 0.020833333 | E28: بورسعيد | F28: احمد السعيد | G28: 0.25 | H28: =VLOOKUP(F28,$F$3:$H$12,3,FALSE) -> 0.25694444 | I28: =H28-G28 -> 0.0069444444 | J28: 0.48263889 | K28: 0.50694444 | L28: عمرو محمد | M28: على ممدوح | N28: =K28-J28 -> 0.024305556 | O28: =N28-D28 -> 0.0034722222 | P28: 0.0069444444 | Q28: 0.50694444 | R28: 0 | S28: 0.50694444 | T28: =VLOOKUP(E28,'[1]22-1-2026'!$E$3:$T$13,16,FALSE) -> 0.0034722222 | U28: 0.51041667 | V28: =U28-T28-S28 -> 0 | W28: 0.03125 | X28: 0.51180556 | Y28: 0.53125 | Z28: =Y28-X28 -> 0.019444444 | AA28: 0 | AB28: 0.53472222
A29: 1 | B29: 762 | C29: =VLOOKUP(B29,داتا!$B$3:$D$42,2,FALSE) -> دبابة | D29: =VLOOKUP(B29,داتا!$B$3:$D$42,3,FALSE) -> 0.020833333 | E29: الشروق | F29: احمد الشحات | G29: 0.54166667 | H29: 0.54166667 | I29: =H29-G29 -> 0 | J29: 0.59722222 | K29: 0.61111111 | L29: عمرو محمد | M29: خالد عبد السلام | N29: =K29-J29 -> 0.013888889 | O29: 0 | P29: 0.0069444444 | Q29: 0.61111111 | R29: 0 | S29: 0.61111111 | T29: =VLOOKUP(E29,'[1]22-1-2026'!$E$3:$T$13,16,FALSE) -> 0.034722222 | U29: 0.64583333 | V29: =U29-T29-S29 -> 0 | W29: 0.020833333 | X29: 0.64722222 | Y29: 0.65277778 | Z29: =Y29-X29 -> 0.0055555556 | AA29: 0 | AB29: 0.65625 | AD29: رحلة ثالثة ( شرقى وغربى ومخبوزات )
A30: 2 | B30: 762 | C30: =VLOOKUP(B30,داتا!$B$3:$D$42,2,FALSE) -> دبابة | D30: =VLOOKUP(B30,داتا!$B$3:$D$42,3,FALSE) -> 0.020833333 | E30: بدر | F30: احمد الشحات | G30: 0.54166667 | H30: 0.54166667 | I30: =H30-G30 -> 0 | J30: 0.59722222 | K30: 0.61111111 | L30: عمرو محمد | M30: خالد عبد السلام | N30: =K30-J30 -> 0.013888889 | O30: 0 | P30: 0.0069444444 | Q30: 0.61111111 | R30: 0 | S30: 0.61111111 | T30: 0.017361111 | U30: 0.66666667 | V30: 0 | W30: 0.03125 | X30: 0.67013889 | Y30: 0.6875 | Z30: =Y30-X30 -> 0.017361111 | AA30: 0 | AB30: 0.69097222
A31: 3 | B31: 529 | C31: =VLOOKUP(B31,داتا!$B$3:$D$42,2,FALSE) -> دبابة | D31: =VLOOKUP(B31,داتا!$B$3:$D$42,3,FALSE) -> 0.020833333 | E31: مسرة | F31: اسلام سلطان | G31: 0.25 | H31: =VLOOKUP(F31,$F$3:$H$12,3,FALSE) -> 0.23611111 | I31: 0 | J31: 0.59722222 | K31: 0.61111111 | L31: محمود على | M31: خالد عبد السلام | N31: =K31-J31 -> 0.013888889 | O31: 0 | P31: 0.0069444444 | Q31: 0.61111111 | R31: 0 | S31: 0.61111111 | T31: =VLOOKUP(E31,'[1]22-1-2026'!$E$3:$T$13,16,FALSE) -> 0.013888889 | U31: 0.63541667 | V31: =U31-T31-S31 -> 0.010416667 | W31: 0.03125 | X31: 0.63680556 | Y31: 0.64930556 | Z31: =Y31-X31 -> 0.0125 | AA31: 0 | AB31: 0.65277778
A32: 4 | B32: 539 | C32: =VLOOKUP(B32,داتا!$B$3:$D$42,2,FALSE) -> دبابة | D32: =VLOOKUP(B32,داتا!$B$3:$D$42,3,FALSE) -> 0.020833333 | E32: العباسية | F32: احمد اشرف | G32: 0.25 | H32: =VLOOKUP(F32,$F$3:$H$12,3,FALSE) -> 0.27430556 | I32: =H32-G32 -> 0.024305556 | J32: 0.61458333 | K32: 0.625 | L32: محمود على | M32: خالد عبد السلام | N32: =K32-J32 -> 0.010416667 | O32: 0 | P32: 0.0069444444 | Q32: 0.625 | R32: 0 | S32: 0.625 | T32: =VLOOKUP(E32,'[1]22-1-2026'!$E$3:$T$13,16,FALSE) -> 0.013888889 | U32: 0.63541667 | V32: 0 | W32: 0.03125 | X32: 0.63611111 | Y32: 0.64583333 | Z32: =Y32-X32 -> 0.0097222222 | AA32: 0 | AB32: 0.64722222
A33: 5 | B33: 249 | C33: =VLOOKUP(B33,داتا!$B$3:$D$42,2,FALSE) -> دبابة | D33: =VLOOKUP(B33,داتا!$B$3:$D$42,3,FALSE) -> 0.020833333 | E33: السلام | F33: مصطفى احمد | G33: 0.25 | H33: 0.25694444 | I33: =H33-G33 -> 0.0069444444 | J33: 0.61805556 | K33: 0.62152778 | L33: عمرو محمد | M33: خالد عبد السلام | N33: =K33-J33 -> 0.0034722222 | O33: 0 | P33: 0.0069444444 | Q33: 0.62152778 | R33: 0 | S33: 0.62152778 | T33: =VLOOKUP(E33,'[1]22-1-2026'!$E$3:$T$13,16,FALSE) -> 0.027777778 | U33: 0.65138889 | V33: =U33-T33-S33 -> 0.0020833333 | W33: 0.020833333 | X33: 0.65486111 | Y33: 0.65902778 | Z33: =Y33-X33 -> 0.0041666667 | AA33: 0 | AB33: 0.65902778
A34: 6 | B34: 249 | C34: =VLOOKUP(B34,داتا!$B$3:$D$42,2,FALSE) -> دبابة | D34: =VLOOKUP(B34,داتا!$B$3:$D$42,3,FALSE) -> 0.020833333 | E34: العبور | F34: مصطفى احمد | G34: 0.25 | H34: 0.25694444 | I34: =H34-G34 -> 0.0069444444 | J34: 0.61805556 | K34: 0.62152778 | L34: عمرو محمد | M34: خالد عبد السلام | N34: =K34-J34 -> 0.0034722222 | O34: 0 | P34: 0.0069444444 | Q34: 0.62152778 | R34: 0 | S34: 0.62152778 | T34: =VLOOKUP(E34,'[1]22-1-2026'!$E$3:$T$13,16,FALSE) -> 0.017361111 | U34: 0.68402778 | V34: 0.0076388889 | W34: 0.03125 | X34: 0.6875 | Y34: 0.69097222 | Z34: =Y34-X34 -> 0.0034722222 | AA34: 0 | AB34: 0.69444444
A35: 7 | B35: 876 | C35: =VLOOKUP(B35,داتا!$B$3:$D$42,2,FALSE) -> دبابة | D35: =VLOOKUP(B35,داتا!$B$3:$D$42,3,FALSE) -> 0.020833333 | E35: اول جمال | F35: احمد صادق | G35: 0.25 | H35: =VLOOKUP(F35,$F$3:$H$12,3,FALSE) -> 0.25694444 | I35: =H35-G35 -> 0.0069444444 | J35: 0.625 | K35: 0.63541667 | L35: عمرو محمد | M35: خالد عبد السلام | N35: =K35-J35 -> 0.010416667 | O35: 0 | P35: 0.0069444444 | Q35: 0.63541667 | R35: 0 | S35: 0.63541667 | T35: =VLOOKUP(E35,'[1]22-1-2026'!$E$3:$T$13,16,FALSE) -> 0.024305556 | U35: 0.65972222 | V35: =U35-T35-S35 -> 0 | W35: 0.020833333 | X35: 0.66319444 | Y35: 0.67013889 | Z35: =Y35-X35 -> 0.0069444444 | AA35: 0 | AB35: 0.67152778
A36: 8 | B36: 876 | C36: =VLOOKUP(B36,داتا!$B$3:$D$42,2,FALSE) -> دبابة | D36: =VLOOKUP(B36,داتا!$B$3:$D$42,3,FALSE) -> 0.020833333 | E36: النزهة | F36: احمد صادق | G36: 0.25 | H36: =VLOOKUP(F36,$F$3:$H$12,3,FALSE) -> 0.25694444 | I36: =H36-G36 -> 0.0069444444 | J36: 0.625 | K36: 0.63541667 | L36: عمرو محمد | M36: خالد عبد السلام | N36: =K36-J36 -> 0.010416667 | O36: 0 | P36: 0.0069444444 | Q36: 0.63541667 | R36: 0 | S36: 0.63541667 | T36: 0.017361111 | U36: 0.68402778 | V36: 0 | W36: 0.03125 | X36: 0.68402778 | Y36: 0.69097222 | Z36: =Y36-X36 -> 0.0069444444 | AA36: 0 | AB36: 0.69444444
A37: 9 | B37: 892 | C37: =VLOOKUP(B37,داتا!$B$3:$D$42,2,FALSE) -> تلتين | D37: =VLOOKUP(B37,داتا!$B$3:$D$42,3,FALSE) -> 0.03125 | E37: التعاون | F37: احمد جمعة | G37: 0.25 | H37: 0.27083333 | I37: =H37-G37 -> 0.020833333 | J37: 0.62847222 | K37: 0.64583333 | L37: محمود على | M37: خالد عبد السلام | N37: =K37-J37 -> 0.017361111 | O37: 0 | P37: 0.0069444444 | Q37: 0.64583333 | R37: 0 | S37: 0.64583333 | T37: =VLOOKUP(E37,'[1]22-1-2026'!$E$3:$T$13,16,FALSE) -> 0.013888889 | U37: 0.65625 | V37: 0 | W37: 0.041666667 | X37: 0.65833333 | Y37: 0.67708333 | Z37: =Y37-X37 -> 0.01875 | AA37: 0 | AB37: 0.67916667
A38: 10 | B38: 529 | C38: تويوتا | D38: =VLOOKUP(B38,داتا!$B$3:$D$42,3,FALSE) -> 0.020833333 | E38: بورسعيد | F38: احمد السعيد | G38: 0.25 | H38: 0.25694444 | I38: =H38-G38 -> 0.0069444444 | J38: 0.63888889 | K38: 0.64583333 | L38: محمود على | M38: خالد عبد السلام | N38: =K38-J38 -> 0.0069444444 | O38: 0 | P38: 0.0069444444 | Q38: 0.64583333 | R38: 0 | S38: 0.64583333 | T38: =VLOOKUP(E38,'[1]22-1-2026'!$E$3:$T$13,16,FALSE) -> 0.0034722222 | U38: 0.64930556 | V38: =U38-T38-S38 -> 0 | W38: 0.03125 | X38: 0.65069444 | Y38: 0.66666667 | Z38: =Y38-X38 -> 0.015972222 | AA38: 0 | AB38: 0.67013889
A39: 11 | B39: 492 | C39: =VLOOKUP(B39,داتا!$B$3:$D$42,2,FALSE) -> دبابة | D39: =VLOOKUP(B39,داتا!$B$3:$D$42,3,FALSE) -> 0.020833333 | E39: الشارع | F39: حسن على | G39: 0.25 | H39: =VLOOKUP(F39,$F$3:$H$12,3,FALSE) -> 0.29513889 | I39: =H39-G39 -> 0.045138889 | J39: 0.64583333 | K39: 0.65625 | L39: محمود على | M39: خالد عبد السلام | N39: =K39-J39 -> 0.010416667 | O39: 0 | P39: 0.0069444444 | Q39: 0.65625 | R39: 0 | S39: 0.65625 | T39: =VLOOKUP(E39,'[1]22-1-2026'!$E$3:$T$13,16,FALSE) -> 0.013888889 | U39: 0.65972222 | V39: 0 | W39: 0.03125 | X39: 0.66319444 | Y39: 0.67708333 | Z39: =Y39-X39 -> 0.013888889 | AA39: 0 | AB39: 0.68055556

Sheet 25-4-2026
A1: شيت دخول وخروج السيارات أبو محرم
A2: م | B2: رقم السيارة | C2: نوع السيارة | D2: الزمن المعيارى للتحميل | E2: اسم الفرع | F2: اسم السائق | G2: وقت الحضور المقرر | H2: الحضور فعلى | I2: مدة التأخير | J2: دخول الكيدج | K2: نزول من الكيدج | L2: أخصائى الدفترى | M2: أخصائى السيستم | N2: مدة التحميل | O2: مدة انحراف التحميل | P2: الزمن المعيارى لنزول الاذن | Q2: وقت نزول الاذن | R2: مدة انحراف نزول الاذن | S2: خروج من المصنع | T2: الزمن المعيارى لدخول الفرع | U2: دخول الفرع | V2: مدة انحراف دخول الفرع | W2: الزمن المعيارى لنزول المنتجات | X2: فتح السياره | Y2: غلق السياره | Z2: الوقت المستغرق | AA2: مدة انحراف نزول المنتجات فى الفرع | AB2: خروج من الفرع | AC2: ملاحظات
A3: 1 | B3: 539 | C3: =VLOOKUP(B3,داتا!$B$3:$D$42,2,FALSE) -> دبابة | D3: =VLOOKUP(B3,داتا!$B$3:$D$42,3,FALSE) -> 0.020833333 | E3: الشروق | F3: مجدى صبحى | G3: 0.25 | H3: 0.24652778 | I3: 0 | J3: 0.22916667 | K3: 0.24652778 | L3: اسلام حمدان | M3: لا يوجد | N3: =K3-J3 -> 0.017361111 | O3: 0 | P3: 0.0069444444 | Q3: 0.29166667 | R3: =Q3-P3-K3 -> 0.038194444 | S3: 0.29166667 | T3: =VLOOKUP(E3,'[1]22-1-2026'!$E$3:$T$13,16,FALSE) -> 0.034722222 | U3: 0.34375 | V3: =U3-T3-S3 -> 0.017361111 | W3: 0.020833333 | X3: 0.34375 | Y3: 0.37361111 | Z3: =Y3-X3 -> 0.029861111 | AA3: =Z3-W3 -> 0.0090277778 | AB3: 0.375 | AD3: رحلة اولى ( شرقى ومخبوزات وغربى )
A4: 2 | B4: 539 | C4: =VLOOKUP(B4,داتا!$B$3:$D$42,2,FALSE) -> دبابة | D4: =VLOOKUP(B4,داتا!$B$3:$D$42,3,FALSE) -> 0.020833333 | E4: بدر | F4: مجدى صبحى | G4: 0.25 | H4: 0.24652778 | I4: 0 | J4: 0.22916667 | K4: 0.24652778 | L4: اسلام حمدان | M4: لا يوجد | N4: =K4-J4 -> 0.017361111 | O4: 0 | P4: 0.0069444444 | Q4: 0.29166667 | R4: =Q4-P4-K4 -> 0.038194444 | S4: 0.29166667 | T4: 0.013888889 | U4: 0.38888889 | V4: 0 | W4: 0.03125 | X4: 0.39236111 | Y4: 0.41875 | Z4: =Y4-X4 -> 0.026388889 | AA4: 0 | AB4: 0.42013889
A5: 3 | B5: 7435 | C5: =VLOOKUP(B5,داتا!$B$3:$D$42,2,FALSE) -> تلتين | D5: =VLOOKUP(B5,داتا!$B$3:$D$42,3,FALSE) -> 0.03125 | E5: اول جمال | F5: مصطفى عادل | G5: 0.25 | H5: 0.25 | I5: =H5-G5 -> 0 | J5: 0.22916667 | K5: 0.25347222 | L5: اسلام حمدان | M5: لا يوجد | N5: =K5-J5 -> 0.024305556 | O5: 0 | P5: 0.0069444444 | Q5: 0.29166667 | R5: =Q5-P5-K5 -> 0.03125 | S5: 0.29166667 | T5: =VLOOKUP(E5,'[1]22-1-2026'!$E$3:$T$13,16,FALSE) -> 0.024305556 | U5: 0.30902778 | V5: 0 | W5: 0.03125 | X5: 0.32638889 | Y5: 0.34722222 | Z5: =Y5-X5 -> 0.020833333 | AA5: 0 | AB5: 0.35069444
A6: 4 | B6: 7435 | C6: =VLOOKUP(B6,داتا!$B$3:$D$42,2,FALSE) -> تلتين | D6: =VLOOKUP(B6,داتا!$B$3:$D$42,3,FALSE) -> 0.03125 | E6: السلام | F6: مصطفى عادل | G6: 0.25 | H6: 0.25 | I6: =H6-G6 -> 0 | J6: 0.22916667 | K6: 0.25347222 | L6: اسلام حمدان | M6: لا يوجد | N6: =K6-J6 -> 0.024305556 | O6: 0 | P6: 0.0069444444 | Q6: 0.29166667 | R6: =Q6-P6-K6 -> 0.03125 | S6: 0.29166667 | T6: =VLOOKUP(E6,'[1]22-1-2026'!$E$3:$T$13,16,FALSE) -> 0.027777778 | U6: 0.36111111 | V6: 0 | W6: 0.041666667 | X6: 0.36458333 | Y6: 0.38541667 | Z6: =Y6-X6 -> 0.020833333 | AA6: 0 | AB6: 0.38888889
A7: 5 | B7: 892 | C7: =VLOOKUP(B7,داتا!$B$3:$D$42,2,FALSE) -> تلتين | D7: =VLOOKUP(B7,داتا!$B$3:$D$42,3,FALSE) -> 0.03125 | E7: الشارع | F7: احمد جمعة | G7: 0.25 | H7: 0.25347222 | I7: =H7-G7 -> 0.0034722222 | J7: 0.25 | K7: 0.25694444 | L7: اسلام حمدان | M7: لا يوجد | N7: =K7-J7 -> 0.0069444444 | O7: 0 | P7: 0.0069444444 | Q7: 0.3125 | R7: =Q7-P7-K7 -> 0.048611111 | S7: 0.3125 | T7: =VLOOKUP(E7,'[1]22-1-2026'!$E$3:$T$13,16,FALSE) -> 0.013888889 | U7: 0.32291667 | V7: 0 | W7: 0.03125 | X7: 0.33680556 | Y7: 0.3625 | Z7: =Y7-X7 -> 0.025694444 | AA7: 0 | AB7: 0.36736111
A8: 6 | B8: 892 | C8: =VLOOKUP(B8,داتا!$B$3:$D$42,2,FALSE) -> تلتين | D8: =VLOOKUP(B8,داتا!$B$3:$D$42,3,FALSE) -> 0.03125 | E8: التعاون | F8: احمد جمعة | G8: 0.25 | H8: 0.25347222 | I8: =H8-G8 -> 0.0034722222 | J8: 0.25 | K8: 0.25694444 | L8: اسلام حمدان | M8: لا يوجد | N8: =K8-J8 -> 0.0069444444 | O8: 0 | P8: 0.0069444444 | Q8: 0.3125 | R8: =Q8-P8-K8 -> 0.048611111 | S8: 0.3125 | T8: =VLOOKUP(E8,'[1]22-1-2026'!$E$3:$T$13,16,FALSE) -> 0.013888889 | U8: 0.37847222 | V8: 0 | W8: 0.041666667 | X8: 0.38194444 | Y8: 0.41319444 | Z8: =Y8-X8 -> 0.03125 | AA8: 0 | AB8: 0.41666667
A9: 7 | B9: 529 | C9: =VLOOKUP(B9,داتا!$B$3:$D$42,2,FALSE) -> دبابة | D9: =VLOOKUP(B9,داتا!$B$3:$D$42,3,FALSE) -> 0.020833333 | E9: اللبينى | F9: اسلام سلطان | G9: 0.25 | H9: 0.25 | I9: =H9-G9 -> 0 | J9: 0.25347222 | K9: 0.26041667 | L9: اسلام حمدان | M9: لا يوجد | N9: =K9-J9 -> 0.0069444444 | O9: 0 | P9: 0.0069444444 | Q9: 0.29861111 | R9: =Q9-P9-K9 -> 0.03125 | S9: 0.29861111 | T9: 0.041666667 | U9: 0.33333333 | V9: 0 | W9: 0.020833333 | X9: 0.33819444 | Y9: 0.36944444 | Z9: =Y9-X9 -> 0.03125 | AA9: =Z9-W9 -> 0.010416667 | AB9: 0.37708333
A10: 8 | B10: 529 | C10: =VLOOKUP(B10,داتا!$B$3:$D$42,2,FALSE) -> دبابة | D10: =VLOOKUP(B10,داتا!$B$3:$D$42,3,FALSE) -> 0.020833333 | E10: ترسا | F10: اسلام سلطان | G10: 0.25 | H10: 0.25 | I10: =H10-G10 -> 0 | J10: 0.25347222 | K10: 0.26041667 | L10: اسلام حمدان | M10: لا يوجد | N10: =K10-J10 -> 0.0069444444 | O10: 0 | P10: 0.0069444444 | Q10: 0.29861111 | R10: =Q10-P10-K10 -> 0.03125 | S10: 0.29861111 | T10: =VLOOKUP(E10,'[1]22-1-2026'!$E$3:$T$13,16,FALSE) -> 0.0069444444 | U10: 0.38263889 | V10: 0 | W10: 0.03125 | X10: 0.38402778 | Y10: 0.41111111 | Z10: =Y10-X10 -> 0.027083333 | AA10: 0 | AB10: 0.41319444
A11: 9 | B11: 876 | C11: =VLOOKUP(B11,داتا!$B$3:$D$42,2,FALSE) -> دبابة | D11: =VLOOKUP(B11,داتا!$B$3:$D$42,3,FALSE) -> 0.020833333 | E11: العبور | F11: احمد السعيد | G11: 0.25 | H11: 0.25 | I11: =H11-G11 -> 0 | J11: 0.26041667 | K11: 0.26736111 | L11: اسلام حمدان | M11: لا يوجد | N11: =K11-J11 -> 0.0069444444 | O11: 0 | P11: 0.0069444444 | Q11: 0.29861111 | R11: =Q11-P11-K11 -> 0.024305556 | S11: 0.29861111 | T11: =VLOOKUP(E11,'[1]22-1-2026'!$E$3:$T$13,16,FALSE) -> 0.017361111 | U11: 0.32986111 | V11: =U11-T11-S11 -> 0.013888889 | W11: 0.03125 | X11: 0.34027778 | Y11: 0.37013889 | Z11: =Y11-X11 -> 0.029861111 | AA11: 0 | AB11: 0.37152778
A12: 10 | B12: 249 | C12: =VLOOKUP(B12,داتا!$B$3:$D$42,2,FALSE) -> دبابة | D12: =VLOOKUP(B12,داتا!$B$3:$D$42,3,FALSE) -> 0.020833333 | E12: العباسية | F12: حسن على | G12: 0.25 | H12: 0.25347222 | I12: =H12-G12 -> 0.0034722222 | J12: 0.25694444 | K12: 0.26388889 | L12: اسلام حمدان | M12: لا يوجد | N12: =K12-J12 -> 0.0069444444 | O12: 0 | P12: 0.0069444444 | Q12: 0.30208333 | R12: =Q12-P12-K12 -> 0.03125 | S12: 0.30208333 | T12: =VLOOKUP(E12,'[1]22-1-2026'!$E$3:$T$13,16,FALSE) -> 0.013888889 | U12: 0.3125 | V12: 0 | W12: 0.03125 | X12: 0.33472222 | Y12: 0.37361111 | Z12: =Y12-X12 -> 0.038888889 | AA12: =Z12-W12 -> 0.0076388889 | AB12: 0.37847222
A13: 11 | B13: 762 | C13: =VLOOKUP(B13,داتا!$B$3:$D$42,2,FALSE) -> دبابة | D13: =VLOOKUP(B13,داتا!$B$3:$D$42,3,FALSE) -> 0.020833333 | E13: مسرة | F13: محمد صديق | G13: 0.25 | H13: 0.25347222 | I13: =H13-G13 -> 0.0034722222 | J13: 0.26736111 | K13: 0.27430556 | L13: اسلام حمدان | M13: لا يوجد | N13: =K13-J13 -> 0.0069444444 | O13: 0 | P13: 0.0069444444 | Q13: 0.30208333 | R13: =Q13-P13-K13 -> 0.020833333 | S13: 0.30208333 | T13: =VLOOKUP(E13,'[1]22-1-2026'!$E$3:$T$13,16,FALSE) -> 0.013888889 | U13: 0.32638889 | V13: =U13-T13-S13 -> 0.010416667 | W13: 0.03125 | X13: 0.32986111 | Y13: 0.36666667 | Z13: =Y13-X13 -> 0.036805556 | AA13: =Z13-W13 -> 0.0055555556 | AB13: 0.36805556
A14: 12 | B14: 529 | C14: تويوتا | D14: =VLOOKUP(B14,داتا!$B$3:$D$42,3,FALSE) -> 0.020833333 | E14: النزهة | F14: احمد صادق | G14: 0.25 | H14: 0.25 | I14: =H14-G14 -> 0 | J14: 0.27430556 | K14: 0.28472222 | L14: اسلام حمدان | M14: لا يوجد | N14: =K14-J14 -> 0.010416667 | O14: 0 | P14: 0.0069444444 | Q14: 0.28472222 | R14: 0 | S14: 0.28472222 | T14: 0.024305556 | U14: 0.31597222 | V14: =U14-T14-S14 -> 0.0069444444 | W14: 0.03125 | X14: 0.33680556 | Y14: 0.36458333 | Z14: =Y14-X14 -> 0.027777778 | AA14: 0 | AB14: 0.36805556
A15: 13 | B15: 762 | C15: =VLOOKUP(B15,داتا!$B$3:$D$42,2,FALSE) -> دبابة | D15: =VLOOKUP(B15,داتا!$B$3:$D$42,3,FALSE) -> 0.020833333 | E15: بورسعيد | F15: محمد صديق | G15: 0.25 | H15: 0.25347222 | I15: =H15-G15 -> 0.0034722222 | J15: 0.38541667 | K15: 0.39583333 | L15: اسلام حمدان | M15: لا يوجد | N15: =K15-J15 -> 0.010416667 | O15: 0 | P15: 0.0069444444 | Q15: 0.39583333 | R15: 0 | S15: 0.39930556 | T15: 0.0034722222 | U15: 0.39583333 | V15: 0 | W15: 0.03125 | X15: 0.39930556 | Y15: 0.41666667 | Z15: =Y15-X15 -> 0.017361111 | AA15: 0 | AB15: 0.42013889
A16: 1 | B16: 762 | C16: =VLOOKUP(B16,داتا!$B$3:$D$42,2,FALSE) -> دبابة | D16: =VLOOKUP(B16,داتا!$B$3:$D$42,3,FALSE) -> 0.020833333 | E16: اللبينى | F16: محمد صديق | G16: 0.25 | H16: 0.25347222 | I16: =H16-G16 -> 0.0034722222 | J16: 0.45486111 | K16: 0.50694444 | L16: محمود على | M16: لا يوجد | N16: =K16-J16 -> 0.052083333 | O16: =N16-D16 -> 0.03125 | P16: 0.0069444444 | Q16: 0.50694444 | R16: 0 | S16: 0.50694444 | T16: 0.041666667 | U16: 0.53611111 | V16: 0 | W16: 0.020833333 | X16: 0.5375 | Y16: 0.55208333 | Z16: =Y16-X16 -> 0.014583333 | AA16: 0 | AB16: 0.55555556 | AD16: رحلة ثانية ( شرقى وغربى ومخبوزات )
A17: 2 | B17: 762 | C17: =VLOOKUP(B17,داتا!$B$3:$D$42,2,FALSE) -> دبابة | D17: =VLOOKUP(B17,داتا!$B$3:$D$42,3,FALSE) -> 0.020833333 | E17: ترسا | F17: محمد صديق | G17: 0.25 | H17: 0.25347222 | I17: =H17-G17 -> 0.0034722222 | J17: 0.45486111 | K17: 0.50694444 | L17: محمود على | M17: لا يوجد | N17: =K17-J17 -> 0.052083333 | O17: =N17-D17 -> 0.03125 | P17: 0.0069444444 | Q17: 0.50694444 | R17: 0 | S17: 0.50694444 | T17: =VLOOKUP(E17,'[1]22-1-2026'!$E$3:$T$13,16,FALSE) -> 0.0069444444 | U17: 0.5625 | V17: 0 | W17: 0.03125 | X17: 0.56388889 | Y17: 0.575 | Z17: =Y17-X17 -> 0.011111111 | AA17: 0 | AB17: 0.57638889
A18: 3 | B18: 492 | C18: =VLOOKUP(B18,داتا!$B$3:$D$42,2,FALSE) -> دبابة | D18: =VLOOKUP(B18,داتا!$B$3:$D$42,3,FALSE) -> 0.020833333 | E18: الشروق | F18: احمد صادق | G18: 0.25 | H18: 0.25 | I18: =H18-G18 -> 0 | J18: 0.48611111 | K18: 0.51041667 | L18: احمد عبد المنعم | M18: لا يوجد | N18: =K18-J18 -> 0.024305556 | O18: =N18-D18 -> 0.0034722222 | P18: 0.0069444444 | Q18: 0.51041667 | R18: 0 | S18: 0.51041667 | T18: =VLOOKUP(E18,'[1]22-1-2026'!$E$3:$T$13,16,FALSE) -> 0.034722222 | U18: 0.54513889 | V18: =U18-T18-S18 -> 0 | W18: 0.020833333 | X18: 0.54722222 | Y18: 0.5625 | Z18: =Y18-X18 -> 0.015277778 | AA18: 0 | AB18: 0.56597222
A19: 4 | B19: 492 | C19: =VLOOKUP(B19,داتا!$B$3:$D$42,2,FALSE) -> دبابة | D19: =VLOOKUP(B19,داتا!$B$3:$D$42,3,FALSE) -> 0.020833333 | E19: بدر | F19: احمد صادق | G19: 0.25 | H19: 0.25 | I19: =H19-G19 -> 0 | J19: 0.48611111 | K19: 0.51041667 | L19: احمد عبد المنعم | M19: لا يوجد | N19: =K19-J19 -> 0.024305556 | O19: =N19-D19 -> 0.0034722222 | P19: 0.0069444444 | Q19: 0.51041667 | R19: 0 | S19: 0.51041667 | T19: 0.017361111 | U19: 0.57638889 | V19: 0 | W19: 0.03125 | X19: 0.57986111 | Y19: 0.60763889 | Z19: =Y19-X19 -> 0.027777778 | AA19: 0 | AB19: 0.61111111
A20: 5 | B20: 529 | C20: =VLOOKUP(B20,داتا!$B$3:$D$42,2,FALSE) -> دبابة | D20: =VLOOKUP(B20,داتا!$B$3:$D$42,3,FALSE) -> 0.020833333 | E20: النزهة | F20: اسلام سلطان | G20: 0.25 | H20: =VLOOKUP(F20,$F$3:$H$12,3,FALSE) -> 0.25 | I20: =H20-G20 -> 0 | J20: 0.51041667 | K20: 0.53125 | L20: محمود على | M20: لا يوجد | N20: =K20-J20 -> 0.020833333 | O20: =N20-D20 -> 3.8163916e-17 | P20: 0.0069444444 | Q20: 0.53125 | R20: 0 | S20: 0.53125 | T20: 0.024305556 | U20: 0.55902778 | V20: =U20-T20-S20 -> 0.0034722222 | W20: 0.020833333 | X20: 0.55902778 | Y20: 0.56944444 | Z20: =Y20-X20 -> 0.010416667 | AA20: 0 | AB20: 0.57291667
A21: 6 | B21: 529 | C21: =VLOOKUP(B21,داتا!$B$3:$D$42,2,FALSE) -> دبابة | D21: =VLOOKUP(B21,داتا!$B$3:$D$42,3,FALSE) -> 0.020833333 | E21: اول جمال | F21: اسلام سلطان | G21: 0.25 | H21: =VLOOKUP(F21,$F$3:$H$12,3,FALSE) -> 0.25 | I21: =H21-G21 -> 0 | J21: 0.51041667 | K21: 0.53125 | L21: محمود على | M21: لا يوجد | N21: =K21-J21 -> 0.020833333 | O21: =N21-D21 -> 3.8163916e-17 | P21: 0.0069444444 | Q21: 0.53125 | R21: 0 | S21: 0.53125 | T21: 0.013888889 | U21: 0.58333333 | V21: 0 | W21: 0.03125 | X21: 0.58680556 | Y21: 0.61805556 | Z21: =Y21-X21 -> 0.03125 | AA21: =Z21-W21 -> 0 | AB21: 0.62152778
A22: 7 | B22: 892 | C22: =VLOOKUP(B22,داتا!$B$3:$D$42,2,FALSE) -> تلتين | D22: =VLOOKUP(B22,داتا!$B$3:$D$42,3,FALSE) -> 0.03125 | E22: السلام | F22: احمد جمعة | G22: 0.25 | H22: =VLOOKUP(F22,$F$3:$H$12,3,FALSE) -> 0.25347222 | I22: =H22-G22 -> 0.0034722222 | J22: 0.51388889 | K22: 0.52777778 | L22: احمد عبد المنعم | M22: لا يوجد | N22: =K22-J22 -> 0.013888889 | O22: 0 | P22: 0.0069444444 | Q22: 0.52777778 | R22: 0 | S22: 0.52777778 | T22: =VLOOKUP(E22,'[1]22-1-2026'!$E$3:$T$13,16,FALSE) -> 0.027777778 | U22: 0.56597222 | V22: =U22-T22-S22 -> 0.010416667 | W22: 0.03125 | X22: 0.56944444 | Y22: 0.58680556 | Z22: =Y22-X22 -> 0.017361111 | AA22: 0 | AB22: 0.59027778
A23: 8 | B23: 892 | C23: =VLOOKUP(B23,داتا!$B$3:$D$42,2,FALSE) -> تلتين | D23: =VLOOKUP(B23,داتا!$B$3:$D$42,3,FALSE) -> 0.03125 | E23: العبور | F23: احمد جمعة | G23: 0.25 | H23: =VLOOKUP(F23,$F$3:$H$12,3,FALSE) -> 0.25347222 | I23: =H23-G23 -> 0.0034722222 | J23: 0.51388889 | K23: 0.52777778 | L23: احمد عبد المنعم | M23: لا يوجد | N23: =K23-J23 -> 0.013888889 | O23: 0 | P23: 0.0069444444 | Q23: 0.52777778 | R23: 0 | S23: 0.52777778 | T23: =VLOOKUP(E23,'[1]22-1-2026'!$E$3:$T$13,16,FALSE) -> 0.017361111 | U23: 0.60763889 | V23: 0 | W23: 0.041666667 | X23: 0.61388889 | Y23: 0.63194444 | Z23: =Y23-X23 -> 0.018055556 | AA23: 0 | AB23: 0.63541667
A24: 9 | B24: 7435 | C24: =VLOOKUP(B24,داتا!$B$3:$D$42,2,FALSE) -> تلتين | D24: =VLOOKUP(B24,داتا!$B$3:$D$42,3,FALSE) -> 0.03125 | E24: التعاون | F24: حسن على | G24: 0.25 | H24: =VLOOKUP(F24,$F$3:$H$12,3,FALSE) -> 0.25347222 | I24: =H24-G24 -> 0.0034722222 | J24: 0.53125 | K24: 0.54861111 | L24: احمد عبد المنعم | M24: لا يوجد | N24: =K24-J24 -> 0.017361111 | O24: 0 | P24: 0.0069444444 | Q24: 0.54861111 | R24: 0 | S24: 0.54861111 | T24: =VLOOKUP(E24,'[1]22-1-2026'!$E$3:$T$13,16,FALSE) -> 0.013888889 | U24: 0.5625 | V24: =U24-T24-S24 -> 0 | W24: 0.03125 | X24: 0.56597222 | Y24: 0.57291667 | Z24: =Y24-X24 -> 0.0069444444 | AA24: 0 | AB24: 0.57638889
A25: 10 | B25: 7435 | C25: =VLOOKUP(B25,داتا!$B$3:$D$42,2,FALSE) -> تلتين | D25: =VLOOKUP(B25,داتا!$B$3:$D$42,3,FALSE) -> 0.03125 | E25: الشارع | F25: حسن على | G25: 0.25 | H25: =VLOOKUP(F25,$F$3:$H$12,3,FALSE) -> 0.25347222 | I25: =H25-G25 -> 0.0034722222 | J25: 0.53125 | K25: 0.54861111 | L25: احمد عبد المنعم | M25: لا يوجد | N25: =K25-J25 -> 0.017361111 | O25: 0 | P25: 0.0069444444 | Q25: 0.54861111 | R25: 0 | S25: 0.54861111 | T25: =VLOOKUP(E25,'[1]22-1-2026'!$E$3:$T$13,16,FALSE) -> 0.013888889 | U25: 0.60416667 | V25: 0.013888889 | W25: 0.041666667 | X25: 0.60763889 | Y25: 0.63541667 | Z25: =Y25-X25 -> 0.027777778 | AA25: 0 | AB25: 0.63680556
A26: 11 | B26: 876 | C26: =VLOOKUP(B26,داتا!$B$3:$D$42,2,FALSE) -> دبابة | D26: =VLOOKUP(B26,داتا!$B$3:$D$42,3,FALSE) -> 0.020833333 | E26: العباسية | F26: احمد السعيد | G26: 0.25 | H26: =VLOOKUP(F26,$F$3:$H$12,3,FALSE) -> 0.25 | I26: =H26-G26 -> 0 | J26: 0.53819444 | K26: 0.55555556 | L26: محمود على | M26: لا يوجد | N26: =K26-J26 -> 0.017361111 | O26: 0 | P26: 0.0069444444 | Q26: 0.55555556 | R26: 0 | S26: 0.55555556 | T26: =VLOOKUP(E26,'[1]22-1-2026'!$E$3:$T$13,16,FALSE) -> 0.013888889 | U26: 0.56944444 | V26: =U26-T26-S26 -> 0 | W26: 0.020833333 | X26: 0.57013889 | Y26: 0.58472222 | Z26: =Y26-X26 -> 0.014583333 | AA26: 0 | AB26: 0.58680556
A27: 12 | B27: 876 | C27: =VLOOKUP(B27,داتا!$B$3:$D$42,2,FALSE) -> دبابة | D27: =VLOOKUP(B27,داتا!$B$3:$D$42,3,FALSE) -> 0.020833333 | E27: مسرة | F27: احمد السعيد | G27: 0.25 | H27: =VLOOKUP(F27,$F$3:$H$12,3,FALSE) -> 0.25 | I27: =H27-G27 -> 0 | J27: 0.53819444 | K27: 0.55555556 | L27: محمود على | M27: لا يوجد | N27: =K27-J27 -> 0.017361111 | O27: 0 | P27: 0.0069444444 | Q27: 0.55555556 | R27: 0 | S27: 0.55555556 | T27: =VLOOKUP(E27,'[1]22-1-2026'!$E$3:$T$13,16,FALSE) -> 0.013888889 | U27: 0.60069444 | V27: 0 | W27: 0.03125 | X27: 0.60763889 | Y27: 0.63194444 | Z27: =Y27-X27 -> 0.024305556 | AA27: 0 | AB27: 0.63541667
A28: 13 | B28: 539 | C28: =VLOOKUP(B28,داتا!$B$3:$D$42,2,FALSE) -> دبابة | D28: =VLOOKUP(B28,داتا!$B$3:$D$42,3,FALSE) -> 0.020833333 | E28: بورسعيد | F28: مجدى صبحى | G28: 0.25 | H28: =VLOOKUP(F28,$F$3:$H$12,3,FALSE) -> 0.24652778 | I28: 0 | J28: 0.53819444 | K28: 0.55902778 | L28: احمد عبد المنعم | M28: لا يوجد | N28: =K28-J28 -> 0.020833333 | O28: =N28-D28 -> 3.8163916e-17 | P28: 0.0069444444 | Q28: 0.55902778 | R28: 0 | S28: 0.55902778 | T28: =VLOOKUP(E28,'[1]22-1-2026'!$E$3:$T$13,16,FALSE) -> 0.0034722222 | U28: 0.55972222 | V28: 0 | W28: 0.03125 | X28: 0.56180556 | Y28: 0.57986111 | Z28: =Y28-X28 -> 0.018055556 | AA28: 0 | AB28: 0.58333333

Sheet 26-4-2026
A1: شيت دخول وخروج السيارات أبو محرم
A2: م | B2: رقم السيارة | C2: نوع السيارة | D2: الزمن المعيارى للتحميل | E2: اسم الفرع | F2: اسم السائق | G2: وقت الحضور المقرر | H2: الحضور فعلى | I2: مدة التأخير | J2: دخول الكيدج | K2: نزول من الكيدج | L2: أخصائى الدفترى | M2: أخصائى السيستم | N2: مدة التحميل | O2: مدة انحراف التحميل | P2: الزمن المعيارى لنزول الاذن | Q2: وقت نزول الاذن | R2: مدة انحراف نزول الاذن | S2: خروج من المصنع | T2: الزمن المعيارى لدخول الفرع | U2: دخول الفرع | V2: مدة انحراف دخول الفرع | W2: الزمن المعيارى لنزول المنتجات | X2: فتح السياره | Y2: غلق السياره | Z2: الوقت المستغرق | AA2: مدة انحراف نزول المنتجات فى الفرع | AB2: خروج من الفرع | AC2: ملاحظات
A3: 1 | B3: 539 | C3: =VLOOKUP(B3,داتا!$B$3:$D$42,2,FALSE) -> دبابة | D3: =VLOOKUP(B3,داتا!$B$3:$D$42,3,FALSE) -> 0.020833333 | E3: الشروق | F3: مجدى صبحى | G3: 0.29166667 | H3: 0.24652778 | I3: 0 | J3: 0.25 | K3: 0.27430556 | L3: ايمن عبد القادر | M3: اسلام حمدان | N3: =K3-J3 -> 0.024305556 | O3: =N3-D3 -> 0.0034722222 | P3: 0.0069444444 | Q3: 0.28125 | R3: 0 | S3: 0.28125 | T3: =VLOOKUP(E3,'[1]22-1-2026'!$E$3:$T$13,16,FALSE) -> 0.034722222 | U3: 0.33680556 | V3: =U3-T3-S3 -> 0.020833333 | W3: 0.020833333 | X3: 0.34027778 | Y3: 0.36458333 | Z3: =Y3-X3 -> 0.024305556 | AA3: 0 | AB3: 0.36805556 | AD3: رحلة اولى ( شرقى ومخبوزات وغربى )
A4: 2 | B4: 539 | C4: =VLOOKUP(B4,داتا!$B$3:$D$42,2,FALSE) -> دبابة | D4: =VLOOKUP(B4,داتا!$B$3:$D$42,3,FALSE) -> 0.020833333 | E4: بدر | F4: مجدى صبحى | G4: 0.29166667 | H4: 0.24652778 | I4: 0 | J4: 0.25 | K4: 0.27430556 | L4: ايمن عبد القادر | M4: اسلام حمدان | N4: =K4-J4 -> 0.024305556 | O4: =N4-D4 -> 0.0034722222 | P4: 0.0069444444 | Q4: 0.28125 | R4: 0 | S4: 0.28125 | T4: 0.010416667 | U4: 0.37847222 | V4: 0 | W4: 0.03125 | X4: 0.38194444 | Y4: 0.40486111 | Z4: =Y4-X4 -> 0.022916667 | AA4: 0 | AB4: 0.40625
A5: 3 | B5: 892 | C5: =VLOOKUP(B5,داتا!$B$3:$D$42,2,FALSE) -> تلتين | D5: =VLOOKUP(B5,داتا!$B$3:$D$42,3,FALSE) -> 0.03125 | E5: اول جمال | F5: احمدجمعه | G5: 0.29166667 | H5: 0.25 | I5: 0 | J5: 0.25 | K5: 0.27430556 | L5: ايمن عبد القادر | M5: اسلام حمدان | N5: =K5-J5 -> 0.024305556 | O5: 0 | P5: 0.0069444444 | Q5: 0.28125 | R5: 0 | S5: 0.28125 | T5: 0.024305556 | U5: 0.32291667 | V5: =U5-T5-S5 -> 0.017361111 | W5: 0.03125 | X5: 0.32638889 | Y5: 0.35763889 | Z5: =Y5-X5 -> 0.03125 | AA5: =Z5-W5 -> 0 | AB5: 0.36458333
A6: 4 | B6: 892 | C6: =VLOOKUP(B6,داتا!$B$3:$D$42,2,FALSE) -> تلتين | D6: =VLOOKUP(B6,داتا!$B$3:$D$42,3,FALSE) -> 0.03125 | E6: السلام | F6: احمدجمعه | G6: 0.29166667 | H6: 0.25 | I6: 0 | J6: 0.25 | K6: 0.27430556 | L6: ايمن عبد القادر | M6: اسلام حمدان | N6: =K6-J6 -> 0.024305556 | O6: 0 | P6: 0.0069444444 | Q6: 0.28125 | R6: 0 | S6: 0.28125 | T6: 0.013888889 | U6: 0.37291667 | V6: 0 | W6: 0.041666667 | X6: 0.37847222 | Y6: 0.40138889 | Z6: =Y6-X6 -> 0.022916667 | AA6: 0 | AB6: 0.40486111
A7: 5 | B7: 7435 | C7: =VLOOKUP(B7,داتا!$B$3:$D$42,2,FALSE) -> تلتين | D7: =VLOOKUP(B7,داتا!$B$3:$D$42,3,FALSE) -> 0.03125 | E7: الشارع | F7: محمداحمد | G7: 0.29166667 | H7: 0.30208333 | I7: =H7-G7 -> 0.010416667 | J7: 0.28125 | K7: 0.29513889 | L7: ايمن عبد القادر | M7: اسلام حمدان | N7: =K7-J7 -> 0.013888889 | O7: 0 | P7: 0.0069444444 | Q7: 0.30555556 | R7: 0 | S7: 0.30555556 | T7: =VLOOKUP(E7,'[1]22-1-2026'!$E$3:$T$13,16,FALSE) -> 0.013888889 | U7: 0.31597222 | V7: 0 | W7: 0.03125 | X7: 0.33333333 | Y7: 0.36736111 | Z7: =Y7-X7 -> 0.034027778 | AA7: =Z7-W7 -> 0.0027777778 | AB7: 0.36805556
A8: 6 | B8: 7435 | C8: =VLOOKUP(B8,داتا!$B$3:$D$42,2,FALSE) -> تلتين | D8: =VLOOKUP(B8,داتا!$B$3:$D$42,3,FALSE) -> 0.03125 | E8: التعاون | F8: محمداحمد | G8: 0.29166667 | H8: 0.30208333 | I8: =H8-G8 -> 0.010416667 | J8: 0.28125 | K8: 0.29513889 | L8: ايمن عبد القادر | M8: اسلام حمدان | N8: =K8-J8 -> 0.013888889 | O8: 0 | P8: 0.0069444444 | Q8: 0.30555556 | R8: 0 | S8: 0.30555556 | T8: =VLOOKUP(E8,'[1]22-1-2026'!$E$3:$T$13,16,FALSE) -> 0.013888889 | U8: 0.38541667 | V8: 0 | W8: 0.041666667 | X8: 0.38680556 | Y8: 0.41666667 | Z8: =Y8-X8 -> 0.029861111 | AA8: 0 | AB8: 0.42013889
A9: 7 | B9: 876 | C9: =VLOOKUP(B9,داتا!$B$3:$D$42,2,FALSE) -> دبابة | D9: =VLOOKUP(B9,داتا!$B$3:$D$42,3,FALSE) -> 0.020833333 | E9: اللبينى | F9: محمد صديق | G9: 0.29166667 | H9: 0.24652778 | I9: 0 | J9: 0.27777778 | K9: 0.28472222 | L9: ايمن عبد القادر | M9: اسلام حمدان | N9: =K9-J9 -> 0.0069444444 | O9: 0 | P9: 0.0069444444 | Q9: 0.28472222 | R9: 0 | S9: 0.28472222 | T9: 0.041666667 | U9: 0.32291667 | V9: 0 | W9: 0.020833333 | X9: 0.33680556 | Y9: 0.35902778 | Z9: =Y9-X9 -> 0.022222222 | AA9: 0 | AB9: 0.36111111
A10: 8 | B10: 876 | C10: =VLOOKUP(B10,داتا!$B$3:$D$42,2,FALSE) -> دبابة | D10: =VLOOKUP(B10,داتا!$B$3:$D$42,3,FALSE) -> 0.020833333 | E10: ترسا | F10: محمد صديق | G10: 0.29166667 | H10: 0.24652778 | I10: 0 | J10: 0.27777778 | K10: 0.28472222 | L10: ايمن عبد القادر | M10: اسلام حمدان | N10: =K10-J10 -> 0.0069444444 | O10: 0 | P10: 0.0069444444 | Q10: 0.28472222 | R10: 0 | S10: 0.28472222 | T10: 0.010416667 | U10: 0.33680556 | V10: 0.0069444444 | W10: 0.03125 | X10: 0.37152778 | Y10: 0.38888889 | Z10: =Y10-X10 -> 0.017361111 | AA10: 0 | AB10: 0.39236111
A11: 9 | B11: 762 | C11: =VLOOKUP(B11,داتا!$B$3:$D$42,2,FALSE) -> دبابة | D11: =VLOOKUP(B11,داتا!$B$3:$D$42,3,FALSE) -> 0.020833333 | E11: العبور | F11: ممدوح عبد العال | G11: 0.29166667 | H11: 0.20833333 | I11: 0 | J11: 0.28472222 | K11: 0.29166667 | L11: ايمن عبد القادر | M11: اسلام حمدان | N11: =K11-J11 -> 0.0069444444 | O11: 0 | P11: 0.0069444444 | Q11: 0.29166667 | R11: 0 | S11: 0.29166667 | T11: =VLOOKUP(E11,'[1]22-1-2026'!$E$3:$T$13,16,FALSE) -> 0.017361111 | U11: 0.32638889 | V11: =U11-T11-S11 -> 0.017361111 | W11: 0.03125 | X11: 0.34236111 | Y11: 0.37361111 | Z11: =Y11-X11 -> 0.03125 | AA11: 0 | AB11: 0.375
A12: 10 | B12: 249 | C12: =VLOOKUP(B12,داتا!$B$3:$D$42,2,FALSE) -> دبابة | D12: =VLOOKUP(B12,داتا!$B$3:$D$42,3,FALSE) -> 0.020833333 | E12: العباسية | F12: حسن على | G12: 0.29166667 | H12: 0.25 | I12: 0 | J12: 0.27777778 | K12: 0.28125 | L12: ايمن عبد القادر | M12: اسلام حمدان | N12: =K12-J12 -> 0.0034722222 | O12: 0 | P12: 0.0069444444 | Q12: 0.28125 | R12: 0 | S12: 0.28125 | T12: =VLOOKUP(E12,'[1]22-1-2026'!$E$3:$T$13,16,FALSE) -> 0.013888889 | U12: 0.30555556 | V12: =U12-T12-S12 -> 0.010416667 | W12: 0.03125 | X12: 0.33680556 | Y12: 0.34027778 | Z12: =Y12-X12 -> 0.0034722222 | AA12: 0 | AB12: 0.37152778
A13: 11 | B13: 529 | C13: =VLOOKUP(B13,داتا!$B$3:$D$42,2,FALSE) -> دبابة | D13: =VLOOKUP(B13,داتا!$B$3:$D$42,3,FALSE) -> 0.020833333 | E13: مسرة | F13: اسلام سلطان | G13: 0.29166667 | H13: 0.25 | I13: 0 | J13: 0.29166667 | K13: 0.29861111 | L13: ايمن عبد القادر | M13: اسلام حمدان | N13: =K13-J13 -> 0.0069444444 | O13: 0 | P13: 0.0069444444 | Q13: 0.29861111 | R13: 0 | S13: 0.29861111 | T13: =VLOOKUP(E13,'[1]22-1-2026'!$E$3:$T$13,16,FALSE) -> 0.013888889 | U13: 0.30902778 | V13: 0 | W13: 0.03125 | X13: 0.33333333 | Y13: 0.34722222 | Z13: =Y13-X13 -> 0.013888889 | AA13: 0 | AB13: 0.35416667
A14: 12 | B14: 529 | C14: تويوتا | D14: =VLOOKUP(B14,داتا!$B$3:$D$42,3,FALSE) -> 0.020833333 | E14: نزهه | F14: احمد صادق | G14: 0.29166667 | H14: 0.25 | I14: 0 | J14: 0.29861111 | K14: 0.31597222 | L14: ايمن عبد القادر | M14: اسلام حمدان | N14: =K14-J14 -> 0.017361111 | O14: 0 | P14: 0.0069444444 | Q14: 0.31597222 | R14: 0 | S14: 0.31597222 | T14: 0.017361111 | U14: 0.34027778 | V14: =U14-T14-S14 -> 0.0069444444 | W14: 0.03125 | X14: 0.34444444 | Y14: 0.37013889 | Z14: =Y14-X14 -> 0.025694444 | AA14: 0 | AB14: 0.375
A15: 13 | B15: 492 | C15: =VLOOKUP(B15,داتا!$B$3:$D$42,2,FALSE) -> دبابة | D15: =VLOOKUP(B15,داتا!$B$3:$D$42,3,FALSE) -> 0.020833333 | E15: بورسعيد | F15: ايمن سعيد | G15: 0.29166667 | H15: 0.17361111 | I15: 0 | J15: 0.31597222 | K15: 0.33680556 | L15: ايمن عبد القادر | M15: اسلام حمدان | N15: =K15-J15 -> 0.020833333 | O15: =N15-D15 -> 3.8163916e-17 | P15: 0.0069444444 | Q15: 0.33680556 | R15: 0 | S15: 0.33680556 | T15: =VLOOKUP(E15,'[1]22-1-2026'!$E$3:$T$13,16,FALSE) -> 0.0034722222 | U15: 0.34027778 | V15: =U15-T15-S15 -> 0 | W15: 0.03125 | X15: 0.34583333 | Y15: 0.37152778 | Z15: =Y15-X15 -> 0.025694444 | AA15: 0 | AB15: 0.375
A16: 1 | B16: 7435 | C16: =VLOOKUP(B16,داتا!$B$3:$D$42,2,FALSE) -> تلتين | D16: =VLOOKUP(B16,داتا!$B$3:$D$42,3,FALSE) -> 0.03125 | E16: السلام | F16: محمد احمد | G16: 0.29166667 | H16: 0.25 | I16: 0 | J16: 0.44791667 | K16: 0.5 | L16: عمرو محمد | M16: علي ممدوح | N16: =K16-J16 -> 0.052083333 | O16: =N16-D16 -> 0.020833333 | P16: 0.0069444444 | Q16: 0.50347222 | R16: 0 | S16: 0.50347222 | T16: =VLOOKUP(E16,'[1]22-1-2026'!$E$3:$T$13,16,FALSE) -> 0.027777778 | U16: 0.53125 | V16: =U16-T16-S16 -> 0 | W16: 0.03125 | X16: 0.53472222 | Y16: 0.55416667 | Z16: =Y16-X16 -> 0.019444444 | AA16: 0 | AB16: 0.55902778 | AD16: رحلة ثانية ( شرقى وغربى ومخبوزات )
A17: 2 | B17: 7435 | C17: =VLOOKUP(B17,داتا!$B$3:$D$42,2,FALSE) -> تلتين | D17: =VLOOKUP(B17,داتا!$B$3:$D$42,3,FALSE) -> 0.03125 | E17: العبور | F17: محمد احمد | G17: 0.29166667 | H17: 0.25 | I17: 0 | J17: 0.44791667 | K17: 0.5 | L17: عمرو محمد | M17: علي ممدوح | N17: =K17-J17 -> 0.052083333 | O17: =N17-D17 -> 0.020833333 | P17: 0.0069444444 | Q17: 0.50347222 | R17: 0 | S17: 0.50347222 | T17: =VLOOKUP(E17,'[1]22-1-2026'!$E$3:$T$13,16,FALSE) -> 0.017361111 | U17: 0.57638889 | V17: 0 | W17: 0.041666667 | X17: 0.57777778 | Y17: 0.59583333 | Z17: =Y17-X17 -> 0.018055556 | AA17: 0 | AB17: 0.59722222
A18: 3 | B18: 762 | C18: =VLOOKUP(B18,داتا!$B$3:$D$42,2,FALSE) -> دبابة | D18: =VLOOKUP(B18,داتا!$B$3:$D$42,3,FALSE) -> 0.020833333 | E18: بورسعيد | F18: ممدوح عبد العال | G18: 0.29166667 | H18: =VLOOKUP(F18,$F$3:$H$12,3,FALSE) -> 0.20833333 | I18: 0 | J18: 0.44791667 | K18: 0.45486111 | L18: عمرو محمد | M18: علي ممدوح | N18: =K18-J18 -> 0.0069444444 | O18: 0 | P18: 0.0069444444 | Q18: 0.46180556 | R18: =Q18-P18-K18 -> 0 | S18: 0.46180556 | T18: =VLOOKUP(E18,'[1]22-1-2026'!$E$3:$T$13,16,FALSE) -> 0.0034722222 | U18: 0.45833333 | V18: 0 | W18: 0.03125 | X18: 0.46180556 | Y18: 0.47361111 | Z18: =Y18-X18 -> 0.011805556 | AA18: 0 | AB18: 0.47569444
A19: 4 | B19: 249 | C19: =VLOOKUP(B19,داتا!$B$3:$D$42,2,FALSE) -> دبابة | D19: =VLOOKUP(B19,داتا!$B$3:$D$42,3,FALSE) -> 0.020833333 | E19: الشروق | F19: حسن على | G19: 0.29166667 | H19: =VLOOKUP(F19,$F$3:$H$12,3,FALSE) -> 0.25 | I19: 0 | J19: 0.45486111 | K19: 0.49305556 | L19: عمرو محمد | M19: علي ممدوح | N19: =K19-J19 -> 0.038194444 | O19: =N19-D19 -> 0.017361111 | P19: 0.0069444444 | Q19: 0.49305556 | R19: 0 | S19: 0.49305556 | T19: =VLOOKUP(E19,'[1]22-1-2026'!$E$3:$T$13,16,FALSE) -> 0.034722222 | U19: 0.54166667 | V19: =U19-T19-S19 -> 0.013888889 | W19: 0.020833333 | X19: 0.54513889 | Y19: 0.55902778 | Z19: =Y19-X19 -> 0.013888889 | AA19: 0 | AB19: 0.5625
A20: 5 | B20: 249 | C20: =VLOOKUP(B20,داتا!$B$3:$D$42,2,FALSE) -> دبابة | D20: =VLOOKUP(B20,داتا!$B$3:$D$42,3,FALSE) -> 0.020833333 | E20: بدر | F20: حسن على | G20: 0.29166667 | H20: =VLOOKUP(F20,$F$3:$H$12,3,FALSE) -> 0.25 | I20: 0 | J20: 0.45486111 | K20: 0.49305556 | L20: عمرو محمد | M20: علي ممدوح | N20: =K20-J20 -> 0.038194444 | O20: =N20-D20 -> 0.017361111 | P20: 0.0069444444 | Q20: 0.49305556 | R20: 0 | S20: 0.49305556 | T20: 0.013888889 | U20: 0.57986111 | V20: 0.0034722222 | W20: 0.03125 | X20: 0.58333333 | Y20: 0.60208333 | Z20: =Y20-X20 -> 0.01875 | AA20: 0 | AB20: 0.60416667
A21: 6 | B21: 492 | C21: =VLOOKUP(B21,داتا!$B$3:$D$42,2,FALSE) -> دبابة | D21: =VLOOKUP(B21,داتا!$B$3:$D$42,3,FALSE) -> 0.020833333 | E21: اللبينى | F21: احمد صادق | G21: 0.29166667 | H21: 0.25 | I21: 0 | J21: 0.49305556 | K21: 0.50347222 | L21: عمرو محمد | M21: علي ممدوح | N21: =K21-J21 -> 0.010416667 | O21: 0 | P21: 0.0069444444 | Q21: 0.51041667 | R21: =Q21-P21-K21 -> 0 | S21: 0.51041667 | T21: 0.038194444 | U21: 0.54513889 | V21: 0 | W21: 0.020833333 | X21: 0.54861111 | Y21: 0.56111111 | Z21: =Y21-X21 -> 0.0125 | AA21: 0 | AB21: 0.5625
A22: 7 | B22: 492 | C22: =VLOOKUP(B22,داتا!$B$3:$D$42,2,FALSE) -> دبابة | D22: =VLOOKUP(B22,داتا!$B$3:$D$42,3,FALSE) -> 0.020833333 | E22: ترسا | F22: احمد صادق | G22: 0.29166667 | H22: 0.25 | I22: 0 | J22: 0.49305556 | K22: 0.50347222 | L22: عمرو محمد | M22: علي ممدوح | N22: =K22-J22 -> 0.010416667 | O22: 2 | P22: 0.0069444444 | Q22: 0.51041667 | R22: =Q22-P22-K22 -> 0 | S22: 0.51041667 | T22: =VLOOKUP(E22,'[1]22-1-2026'!$E$3:$T$13,16,FALSE) -> 0.0069444444 | U22: 0.56944444 | V22: 0 | W22: 0.03125 | X22: 0.57291667 | Y22: 0.57986111 | Z22: =Y22-X22 -> 0.0069444444 | AA22: 0 | AB22: 0.58333333
A23: 8 | B23: 876 | C23: =VLOOKUP(B23,داتا!$B$3:$D$42,2,FALSE) -> دبابة | D23: =VLOOKUP(B23,داتا!$B$3:$D$42,3,FALSE) -> 0.020833333 | E23: العباسية | F23: محمد صديق | G23: 0.29166667 | H23: =VLOOKUP(F23,$F$3:$H$12,3,FALSE) -> 0.24652778 | I23: 0 | J23: 0.5 | K23: 0.52430556 | L23: عمرو محمد | M23: خالد عبد السلام | N23: =K23-J23 -> 0.024305556 | O23: =N23-D23 -> 0.0034722222 | P23: 0.0069444444 | Q23: 0.52430556 | R23: 0 | S23: 0.52430556 | T23: =VLOOKUP(E23,'[1]22-1-2026'!$E$3:$T$13,16,FALSE) -> 0.013888889 | U23: 0.53680556 | V23: 0 | W23: 0.020833333 | X23: 0.5375 | Y23: 0.54652778 | Z23: =Y23-X23 -> 0.0090277778 | AA23: 0 | AB23: 0.54930556
A24: 9 | B24: 876 | C24: =VLOOKUP(B24,داتا!$B$3:$D$42,2,FALSE) -> دبابة | D24: =VLOOKUP(B24,داتا!$B$3:$D$42,3,FALSE) -> 0.020833333 | E24: مسرة | F24: محمد صديق | G24: 0.29166667 | H24: =VLOOKUP(F24,$F$3:$H$12,3,FALSE) -> 0.24652778 | I24: 0 | J24: 0.5 | K24: 0.52430556 | L24: عمرو محمد | M24: خالد عبد السلام | N24: =K24-J24 -> 0.024305556 | O24: =N24-D24 -> 0.0034722222 | P24: 0.0069444444 | Q24: 0.52430556 | R24: 0 | S24: 0.52430556 | T24: =VLOOKUP(E24,'[1]22-1-2026'!$E$3:$T$13,16,FALSE) -> 0.013888889 | U24: 0.56458333 | V24: 0.0013888889 | W24: 0.03125 | X24: 0.56597222 | Y24: 0.59027778 | Z24: =Y24-X24 -> 0.024305556 | AA24: 0 | AB24: 0.59166667
A25: 10 | B25: 892 | C25: =VLOOKUP(B25,داتا!$B$3:$D$42,2,FALSE) -> تلتين | D25: =VLOOKUP(B25,داتا!$B$3:$D$42,3,FALSE) -> 0.03125 | E25: أول جمال | F25: احمد جمعة | G25: 0.29166667 | H25: 0.25 | I25: 0 | J25: 0.50694444 | K25: 0.52777778 | L25: عمرو محمد | M25: خالد عبد السلام | N25: =K25-J25 -> 0.020833333 | O25: 0 | P25: 0.0069444444 | Q25: 0.53125 | R25: 0 | S25: 0.53125 | T25: =VLOOKUP(E25,'[1]22-1-2026'!$E$3:$T$13,16,FALSE) -> 0.024305556 | U25: 0.55902778 | V25: =U25-T25-S25 -> 0.0034722222 | W25: 0.03125 | X25: 0.5625 | Y25: 0.59027778 | Z25: =Y25-X25 -> 0.027777778 | AA25: 0 | AB25: 0.59375
A26: 11 | B26: 892 | C26: =VLOOKUP(B26,داتا!$B$3:$D$42,2,FALSE) -> تلتين | D26: =VLOOKUP(B26,داتا!$B$3:$D$42,3,FALSE) -> 0.03125 | E26: بافاريا | F26: احمد جمعة | G26: 0.29166667 | H26: 0.25 | I26: 0 | J26: 0.50694444 | K26: 0.52777778 | L26: عمرو محمد | M26: خالد عبد السلام | N26: =K26-J26 -> 0.020833333 | O26: 0 | P26: 0.0069444444 | Q26: 0.53125 | R26: 0 | S26: 0.53125 | T26: 0.013888889 | U26: 0.60208333 | V26: 0 | W26: 0.041666667 | X26: 0.60416667 | Y26: 0.62291667 | Z26: =Y26-X26 -> 0.01875 | AA26: 0 | AB26: 0.62847222
A27: 12 | B27: 539 | C27: =VLOOKUP(B27,داتا!$B$3:$D$42,2,FALSE) -> دبابة | D27: =VLOOKUP(B27,داتا!$B$3:$D$42,3,FALSE) -> 0.020833333 | E27: الشارع | F27: مجدى صبحى | G27: 0.29166667 | H27: =VLOOKUP(F27,$F$3:$H$12,3,FALSE) -> 0.24652778 | I27: 0 | J27: 0.52430556 | K27: 0.54166667 | L27: عمرو محمد | M27: خالد عبد السلام | N27: =K27-J27 -> 0.017361111 | O27: 0 | P27: 0.0069444444 | Q27: 0.54166667 | R27: 0 | S27: 0.54166667 | T27: =VLOOKUP(E27,'[1]22-1-2026'!$E$3:$T$13,16,FALSE) -> 0.013888889 | U27: 0.55902778 | V27: =U27-T27-S27 -> 0.0034722222 | W27: 0.03125 | X27: 0.56041667 | Y27: 0.57916667 | Z27: =Y27-X27 -> 0.01875 | AA27: 0 | AB27: 0.57986111
A28: 13 | B28: 529 | C28: =VLOOKUP(B28,داتا!$B$3:$D$42,2,FALSE) -> دبابة | D28: =VLOOKUP(B28,داتا!$B$3:$D$42,3,FALSE) -> 0.020833333 | E28: التعاون | F28: اسلام سلطان | G28: 0.29166667 | H28: 0.25 | I28: 0 | J28: 0.52430556 | K28: 0.54166667 | L28: عمرو محمد | M28: خالد عبد السلام | N28: =K28-J28 -> 0.017361111 | O28: 0 | P28: 0.0069444444 | Q28: 0.54166667 | R28: 0 | S28: 0.54166667 | T28: =VLOOKUP(E28,'[1]22-1-2026'!$E$3:$T$13,16,FALSE) -> 0.013888889 | U28: 0.55208333 | V28: 0 | W28: 0.03125 | X28: 0.55416667 | Y28: 0.58888889 | Z28: =Y28-X28 -> 0.034722222 | AA28: 0 | AB28: 0.59027778

Sheet 27-4-2026
A1: شيت دخول وخروج السيارات أبو محرم
A2: م | B2: رقم السيارة | C2: نوع السيارة | D2: الزمن المعيارى للتحميل | E2: اسم الفرع | F2: اسم السائق | G2: وقت الحضور المقرر | H2: الحضور فعلى | I2: مدة التأخير | J2: دخول الكيدج | K2: نزول من الكيدج | L2: أخصائى الدفترى | M2: أخصائى السيستم | N2: مدة التحميل | O2: مدة انحراف التحميل | P2: الزمن المعيارى لنزول الاذن | Q2: وقت نزول الاذن | R2: مدة انحراف نزول الاذن | S2: خروج من المصنع | T2: الزمن المعيارى لدخول الفرع | U2: دخول الفرع | V2: مدة انحراف دخول الفرع | W2: الزمن المعيارى لنزول المنتجات | X2: فتح السياره | Y2: غلق السياره | Z2: الوقت المستغرق | AA2: مدة انحراف نزول المنتجات فى الفرع | AB2: خروج من الفرع | AC2: ملاحظات
A3: 1 | B3: 529 | C3: =VLOOKUP(B3,داتا!$B$3:$D$42,2,FALSE) -> دبابة | D3: =VLOOKUP(B3,داتا!$B$3:$D$42,3,FALSE) -> 0.020833333 | E3: الشروق | F3: اسلام سلطان | G3: 0.25 | H3: 0.24652778 | I3: 0 | J3: 0.26388889 | K3: 0.27083333 | L3: ايمن عبد القادر | M3: كريم سمير | N3: =K3-J3 -> 0.0069444444 | O3: 0 | P3: 0.0069444444 | Q3: 0.27083333 | R3: 0 | S3: 0.27083333 | T3: =VLOOKUP(E3,'[1]22-1-2026'!$E$3:$T$13,16,FALSE) -> 0.034722222 | U3: 0.32291667 | V3: =U3-T3-S3 -> 0.017361111 | W3: 0.020833333 | X3: 0.33333333 | Y3: 0.36458333 | Z3: =Y3-X3 -> 0.03125 | AA3: =Z3-W3 -> 0.010416667 | AB3: 0.36805556 | AD3: رحلة اولى ( شرقى ومخبوزات وغربى )
A4: 2 | B4: 529 | C4: =VLOOKUP(B4,داتا!$B$3:$D$42,2,FALSE) -> دبابة | D4: =VLOOKUP(B4,داتا!$B$3:$D$42,3,FALSE) -> 0.020833333 | E4: بدر | F4: اسلام سلطان | G4: 0.25 | H4: 0.24652778 | I4: 0 | J4: 0.26388889 | K4: 0.27083333 | L4: ايمن عبد القادر | M4: كريم سمير | N4: =K4-J4 -> 0.0069444444 | O4: 0 | P4: 0.0069444444 | Q4: 0.27083333 | R4: 0 | S4: 0.27083333 | T4: 0.013888889 | U4: 0.38541667 | V4: 0.0034722222 | W4: 0.03125 | X4: 0.38888889 | Y4: 0.42777778 | Z4: =Y4-X4 -> 0.038888889 | AA4: =Z4-W4 -> 0.0076388889 | AB4: 0.43055556
A5: 3 | B5: 249 | C5: =VLOOKUP(B5,داتا!$B$3:$D$42,2,FALSE) -> دبابة | D5: =VLOOKUP(B5,داتا!$B$3:$D$42,3,FALSE) -> 0.020833333 | E5: اللبيني | F5: محمد صديق | G5: 0.25 | H5: 0.25 | I5: =H5-G5 -> 0 | J5: 0.27083333 | K5: 0.27777778 | L5: ايمن عبد القادر | M5: كريم سمير | N5: =K5-J5 -> 0.0069444444 | O5: 0 | P5: 0.0069444444 | Q5: 0.28472222 | R5: =Q5-P5-K5 -> 0 | S5: 0.28472222 | T5: =VLOOKUP(E5,'[1]22-1-2026'!$E$3:$T$13,16,FALSE) -> 0.041666667 | U5: 0.31736111 | V5: 0 | W5: 0.020833333 | X5: 0.31944444 | Y5: 0.35555556 | Z5: =Y5-X5 -> 0.036111111 | AA5: =Z5-W5 -> 0.015277778 | AB5: 0.35625
A6: 4 | B6: 249 | C6: =VLOOKUP(B6,داتا!$B$3:$D$42,2,FALSE) -> دبابة | D6: =VLOOKUP(B6,داتا!$B$3:$D$42,3,FALSE) -> 0.020833333 | E6: ترسا | F6: محمد صديق | G6: 0.25 | H6: 0.25 | I6: =H6-G6 -> 0 | J6: 0.27083333 | K6: 0.27777778 | L6: ايمن عبد القادر | M6: كريم سمير | N6: =K6-J6 -> 0.0069444444 | O6: 0 | P6: 0.0069444444 | Q6: 0.28472222 | R6: =Q6-P6-K6 -> 0 | S6: 0.28472222 | T6: =VLOOKUP(E6,'[1]22-1-2026'!$E$3:$T$13,16,FALSE) -> 0.0069444444 | U6: 0.36319444 | V6: 0 | W6: 0.03125 | X6: 0.36597222 | Y6: 0.38194444 | Z6: =Y6-X6 -> 0.015972222 | AA6: 0 | AB6: 0.38541667
A7: 5 | B7: 892 | C7: =VLOOKUP(B7,داتا!$B$3:$D$42,2,FALSE) -> تلتين | D7: =VLOOKUP(B7,داتا!$B$3:$D$42,3,FALSE) -> 0.03125 | E7: اول جمال | F7: مصطفي عادل | G7: 0.25 | H7: 0.25 | I7: =H7-G7 -> 0 | J7: 0.20833333 | K7: 0.27083333 | L7: ايمن عبد القادر | M7: كريم سمير | N7: =K7-J7 -> 0.0625 | O7: =N7-D7 -> 0.03125 | P7: 0.0069444444 | Q7: 0.27083333 | R7: 0 | S7: 0.27083333 | T7: =VLOOKUP(E7,'[1]22-1-2026'!$E$3:$T$13,16,FALSE) -> 0.024305556 | U7: 0.30555556 | V7: =U7-T7-S7 -> 0.010416667 | W7: 0.03125 | X7: 0.30902778 | Y7: 0.33333333 | Z7: =Y7-X7 -> 0.024305556 | AA7: 0 | AB7: 0.33333333
A8: 6 | B8: 892 | C8: =VLOOKUP(B8,داتا!$B$3:$D$42,2,FALSE) -> تلتين | D8: =VLOOKUP(B8,داتا!$B$3:$D$42,3,FALSE) -> 0.03125 | E8: السلام | F8: مصطفي عادل | G8: 0.25 | H8: 0.25 | I8: =H8-G8 -> 0 | J8: 0.20833333 | K8: 0.27083333 | L8: ايمن عبد القادر | M8: كريم سمير | N8: =K8-J8 -> 0.0625 | O8: =N8-D8 -> 0.03125 | P8: 0.0069444444 | Q8: 0.27083333 | R8: 0 | S8: 0.27083333 | T8: 0.013888889 | U8: 0.34513889 | V8: 0 | W8: 0.041666667 | X8: 0.34722222 | Y8: 0.37916667 | Z8: =Y8-X8 -> 0.031944444 | AA8: 0 | AB8: 0.38333333
A9: 7 | B9: 7435 | C9: =VLOOKUP(B9,داتا!$B$3:$D$42,2,FALSE) -> تلتين | D9: =VLOOKUP(B9,داتا!$B$3:$D$42,3,FALSE) -> 0.03125 | E9: الشارع | F9: محمد احمد | G9: 0.25 | H9: 0.25347222 | I9: =H9-G9 -> 0.0034722222 | J9: 0.27430556 | K9: 0.28125 | L9: ايمن عبد القادر | M9: كريم سمير | N9: =K9-J9 -> 0.0069444444 | O9: 0 | P9: 0.0069444444 | Q9: 0.30208333 | R9: =Q9-P9-K9 -> 0.013888889 | S9: 0.30208333 | T9: =VLOOKUP(E9,'[1]22-1-2026'!$E$3:$T$13,16,FALSE) -> 0.013888889 | U9: 0.3125 | V9: 0 | W9: 0.03125 | X9: 0.31597222 | Y9: 0.35069444 | Z9: =Y9-X9 -> 0.034722222 | AA9: =Z9-W9 -> 0.0034722222 | AB9: 0.35416667
A10: 8 | B10: 7435 | C10: =VLOOKUP(B10,داتا!$B$3:$D$42,2,FALSE) -> تلتين | D10: =VLOOKUP(B10,داتا!$B$3:$D$42,3,FALSE) -> 0.03125 | E10: التعاون | F10: محمد احمد | G10: 0.25 | H10: 0.25347222 | I10: =H10-G10 -> 0.0034722222 | J10: 0.27430556 | K10: 0.28125 | L10: ايمن عبد القادر | M10: كريم سمير | N10: =K10-J10 -> 0.0069444444 | O10: 0 | P10: 0.0069444444 | Q10: 0.30208333 | R10: =Q10-P10-K10 -> 0.013888889 | S10: 0.30208333 | T10: =VLOOKUP(E10,'[1]22-1-2026'!$E$3:$T$13,16,FALSE) -> 0.013888889 | U10: 0.37152778 | V10: 0.0034722222 | W10: 0.041666667 | X10: 0.37291667 | Y10: 0.40138889 | Z10: =Y10-X10 -> 0.028472222 | AA10: 0 | AB10: 0.40277778
A11: 9 | B11: 876 | C11: =VLOOKUP(B11,داتا!$B$3:$D$42,2,FALSE) -> دبابة | D11: =VLOOKUP(B11,داتا!$B$3:$D$42,3,FALSE) -> 0.020833333 | E11: مسرة | F11: احمد سعيد | G11: 0.25 | H11: 0.25 | I11: =H11-G11 -> 0 | J11: 0.28819444 | K11: 0.28819444 | L11: ايمن عبد القادر | M11: كريم سمير | N11: =K11-J11 -> 0 | O11: 0 | P11: 0.0069444444 | Q11: 0.29513889 | R11: =Q11-P11-K11 -> 0 | S11: 0.29513889 | T11: =VLOOKUP(E11,'[1]22-1-2026'!$E$3:$T$13,16,FALSE) -> 0.013888889 | U11: 0.30555556 | V11: 0 | W11: 0.03125 | X11: 0.31597222 | Y11: 0.34305556 | Z11: =Y11-X11 -> 0.027083333 | AA11: 0 | AB11: 0.34444444
A12: 10 | B12: 539 | C12: =VLOOKUP(B12,داتا!$B$3:$D$42,2,FALSE) -> دبابة | D12: =VLOOKUP(B12,داتا!$B$3:$D$42,3,FALSE) -> 0.020833333 | E12: العباسية | F12: احمد اشرف | G12: 0.25 | H12: 0.25 | I12: =H12-G12 -> 0 | J12: 0.28472222 | K12: 0.28472222 | L12: ايمن عبد القادر | M12: كريم سمير | N12: =K12-J12 -> 0 | O12: 0 | P12: 0.0069444444 | Q12: 0.28680556 | R12: 0 | S12: 0.28680556 | T12: =VLOOKUP(E12,'[1]22-1-2026'!$E$3:$T$13,16,FALSE) -> 0.013888889 | U12: 0.30555556 | V12: =U12-T12-S12 -> 0.0048611111 | W12: 0.03125 | X12: 0.32638889 | Y12: 0.35972222 | Z12: =Y12-X12 -> 0.033333333 | AA12: =Z12-W12 -> 0.0020833333 | AB12: 0.36805556
A13: 11 | B13: 492 | C13: =VLOOKUP(B13,داتا!$B$3:$D$42,2,FALSE) -> دبابة | D13: =VLOOKUP(B13,داتا!$B$3:$D$42,3,FALSE) -> 0.020833333 | E13: العبور | F13: حسن علي | G13: 0.25 | H13: 0.25 | I13: =H13-G13 -> 0 | J13: 0.27777778 | K13: 0.28472222 | L13: ايمن عبد القادر | M13: كريم سمير | N13: =K13-J13 -> 0.0069444444 | O13: 0 | P13: 0.0069444444 | Q13: 0.28819444 | R13: 0 | S13: 0.28819444 | T13: =VLOOKUP(E13,'[1]22-1-2026'!$E$3:$T$13,16,FALSE) -> 0.017361111 | U13: 0.32638889 | V13: =U13-T13-S13 -> 0.020833333 | W13: 0.03125 | X13: 0.34027778 | Y13: 0.37361111 | Z13: =Y13-X13 -> 0.033333333 | AA13: =Z13-W13 -> 0.0020833333 | AB13: 0.37847222
A14: 12 | B14: 529 | C14: =VLOOKUP(B14,داتا!$B$3:$D$42,2,FALSE) -> دبابة | D14: =VLOOKUP(B14,داتا!$B$3:$D$42,3,FALSE) -> 0.020833333 | E14: بافاريا | F14: احمد صادق | G14: 0.25 | H14: 0.25 | I14: =H14-G14 -> 0 | J14: 0.28819444 | K14: 0.29513889 | L14: ايمن عبد القادر | M14: كريم سمير | N14: =K14-J14 -> 0.0069444444 | O14: 0 | P14: 0.0069444444 | Q14: 0.29513889 | R14: 0 | S14: 0.29513889 | T14: 0.017361111 | U14: 0.32291667 | V14: =U14-T14-S14 -> 0.010416667 | W14: 0.03125 | X14: 0.34375 | Y14: 0.37152778 | Z14: =Y14-X14 -> 0.027777778 | AA14: 0 | AB14: 0.375
A15: 13 | B15: 762 | C15: =VLOOKUP(B15,داتا!$B$3:$D$42,2,FALSE) -> دبابة | D15: =VLOOKUP(B15,داتا!$B$3:$D$42,3,FALSE) -> 0.020833333 | E15: بورسعيد | F15: ممدوح عبد العال | G15: 0.25 | H15: 0.25 | I15: =H15-G15 -> 0 | J15: 0.29166667 | K15: 0.29861111 | L15: ايمن عبد القادر | M15: كريم سمير | N15: =K15-J15 -> 0.0069444444 | O15: 0 | P15: 0.0069444444 | Q15: 0.30555556 | R15: =Q15-P15-K15 -> 0 | S15: 0.30555556 | T15: =VLOOKUP(E15,'[1]22-1-2026'!$E$3:$T$13,16,FALSE) -> 0.0034722222 | U15: 0.30902778 | V15: =U15-T15-S15 -> 0 | W15: 0.03125 | X15: 0.33680556 | Y15: 0.36111111 | Z15: =Y15-X15 -> 0.024305556 | AA15: 0 | AB15: 0.36458333
A16: 1 | B16: 249 | C16: =VLOOKUP(B16,داتا!$B$3:$D$42,2,FALSE) -> دبابة | D16: =VLOOKUP(B16,داتا!$B$3:$D$42,3,FALSE) -> 0.020833333 | E16: بورسعيد | F16: محمد صديق | G16: 0.29166667 | H16: =VLOOKUP(F16,$F$3:$H$12,3,FALSE) -> 0.25 | I16: 0 | J16: 0.41666667 | K16: 0.4375 | L16: محمود علي | M16: محمد هشام | N16: =K16-J16 -> 0.020833333 | O16: =N16-D16 -> 0 | P16: 0.0069444444 | Q16: 0.4375 | R16: 0 | S16: 0.4375 | T16: =VLOOKUP(E16,'[1]22-1-2026'!$E$3:$T$13,16,FALSE) -> 0.0034722222 | U16: 0.44097222 | V16: =U16-T16-S16 -> 0 | W16: 0.03125 | X16: 0.44236111 | Y16: 0.45138889 | Z16: =Y16-X16 -> 0.0090277778 | AA16: 0 | AB16: 0.45486111 | AD16: رحلة ثانية ( شرقى وغربى ومخبوزات )
A17: 2 | B17: 7435 | C17: =VLOOKUP(B17,داتا!$B$3:$D$42,2,FALSE) -> تلتين | D17: =VLOOKUP(B17,داتا!$B$3:$D$42,3,FALSE) -> 0.03125 | E17: السلام | F17: محمد احمد | G17: 0.29166667 | H17: =VLOOKUP(F17,$F$3:$H$12,3,FALSE) -> 0.25347222 | I17: 0.0034722222 | J17: 0.44097222 | K17: 0.48611111 | L17: محمود علي | M17: محمد هشام | N17: =K17-J17 -> 0.045138889 | O17: =N17-D17 -> 0.013888889 | P17: 0.0069444444 | Q17: 0.48611111 | R17: 0 | S17: 0.48611111 | T17: =VLOOKUP(E17,'[1]22-1-2026'!$E$3:$T$13,16,FALSE) -> 0.027777778 | U17: 0.51388889 | V17: =U17-T17-S17 -> 0 | W17: 0.03125 | X17: 0.51736111 | Y17: 0.53263889 | Z17: =Y17-X17 -> 0.015277778 | AA17: 0 | AB17: 0.52986111
A18: 3 | B18: 7435 | C18: =VLOOKUP(B18,داتا!$B$3:$D$42,2,FALSE) -> تلتين | D18: =VLOOKUP(B18,داتا!$B$3:$D$42,3,FALSE) -> 0.03125 | E18: العبور | F18: محمد احمد | G18: 0.29166667 | H18: =VLOOKUP(F18,$F$3:$H$12,3,FALSE) -> 0.25347222 | I18: 0.0034722222 | J18: 0.44097222 | K18: 0.48611111 | L18: محمود علي | M18: محمد هشام | N18: =K18-J18 -> 0.045138889 | O18: =N18-D18 -> 0.013888889 | P18: 0.0069444444 | Q18: 0.48611111 | R18: 0 | S18: 0.48611111 | T18: =VLOOKUP(E18,'[1]22-1-2026'!$E$3:$T$13,16,FALSE) -> 0.017361111 | U18: 0.55208333 | V18: 0.0048611111 | W18: 0.041666667 | X18: 0.55416667 | Y18: 0.56805556 | Z18: =Y18-X18 -> 0.013888889 | AA18: 0 | AB18: 0.56944444
A19: 4 | B19: 762 | C19: =VLOOKUP(B19,داتا!$B$3:$D$42,2,FALSE) -> دبابة | D19: =VLOOKUP(B19,داتا!$B$3:$D$42,3,FALSE) -> 0.020833333 | E19: الشروق | F19: احمد صادق | G19: 0.29166667 | H19: 0.25 | I19: 0 | J19: 0.43402778 | K19: 0.48263889 | L19: عمرو محمد | M19: علي ممدوح | N19: =K19-J19 -> 0.048611111 | O19: =N19-D19 -> 0.027777778 | P19: 0.0069444444 | Q19: 0.48263889 | R19: 0 | S19: 0.48263889 | T19: 0.034722222 | U19: 0.51736111 | V19: =U19-T19-S19 -> 0 | W19: 0.020833333 | X19: 0.52083333 | Y19: 0.53472222 | Z19: =Y19-X19 -> 0.013888889 | AA19: 0 | AB19: 0.53819444
A20: 5 | B20: 762 | C20: =VLOOKUP(B20,داتا!$B$3:$D$42,2,FALSE) -> دبابة | D20: =VLOOKUP(B20,داتا!$B$3:$D$42,3,FALSE) -> 0.020833333 | E20: بدر | F20: احمد صادق | G20: 0.29166667 | H20: 0.25 | I20: 0 | J20: 0.43402778 | K20: 0.48263889 | L20: عمرو محمد | M20: علي ممدوح | N20: =K20-J20 -> 0.048611111 | O20: =N20-D20 -> 0.027777778 | P20: 0.0069444444 | Q20: 0.48263889 | R20: 0 | S20: 0.48263889 | T20: 0.013888889 | U20: 0.55555556 | V20: 0.0034722222 | W20: 0.03125 | X20: 0.55902778 | Y20: 0.58333333 | Z20: =Y20-X20 -> 0.024305556 | AA20: 0 | AB20: 0.58680556
A21: 6 | B21: 876 | C21: =VLOOKUP(B21,داتا!$B$3:$D$42,2,FALSE) -> دبابة | D21: =VLOOKUP(B21,داتا!$B$3:$D$42,3,FALSE) -> 0.020833333 | E21: اللبيني | F21: احمد سعيد | G21: 0.29166667 | H21: =VLOOKUP(F21,$F$3:$H$12,3,FALSE) -> 0.25 | I21: 0 | J21: 0.48263889 | K21: 0.49305556 | L21: عمرو محمد | M21: علي ممدوح | N21: =K21-J21 -> 0.010416667 | O21: 0 | P21: 0.0069444444 | Q21: 0.49305556 | R21: 0 | S21: 0.49305556 | T21: =VLOOKUP(E21,'[1]22-1-2026'!$E$3:$T$13,16,FALSE) -> 0.041666667 | U21: 0.52777778 | V21: 0 | W21: 0.020833333 | X21: 0.52847222 | Y21: 0.53611111 | Z21: =Y21-X21 -> 0.0076388889 | AA21: 0 | AB21: 0.5375
A22: 7 | B22: 876 | C22: =VLOOKUP(B22,داتا!$B$3:$D$42,2,FALSE) -> دبابة | D22: =VLOOKUP(B22,داتا!$B$3:$D$42,3,FALSE) -> 0.020833333 | E22: ترسا | F22: احمد سعيد | G22: 0.29166667 | H22: =VLOOKUP(F22,$F$3:$H$12,3,FALSE) -> 0.25 | I22: 0 | J22: 0.48263889 | K22: 0.49305556 | L22: عمرو محمد | M22: علي ممدوح | N22: =K22-J22 -> 0.010416667 | O22: 0 | P22: 0.0069444444 | Q22: 0.49305556 | R22: 0 | S22: 0.49305556 | T22: =VLOOKUP(E22,'[1]22-1-2026'!$E$3:$T$13,16,FALSE) -> 0.0069444444 | U22: 0.54166667 | V22: 0 | W22: 0.03125 | X22: 0.54513889 | Y22: 0.55208333 | Z22: =Y22-X22 -> 0.0069444444 | AA22: 0 | AB22: 0.55555556
A23: 8 | B23: 249 | C23: =VLOOKUP(B23,داتا!$B$3:$D$42,2,FALSE) -> دبابة | D23: =VLOOKUP(B23,داتا!$B$3:$D$42,3,FALSE) -> 0.020833333 | E23: الشارع | F23: محمد صديق | G23: 0.29166667 | H23: =VLOOKUP(F23,$F$3:$H$12,3,FALSE) -> 0.25 | I23: 0 | J23: 0.48611111 | K23: 0.5 | L23: محمود علي | M23: محمد هشام | N23: =K23-J23 -> 0.013888889 | O23: 0 | P23: 0.0069444444 | Q23: 0.5 | R23: 0 | S23: 0.5 | T23: =VLOOKUP(E23,'[1]22-1-2026'!$E$3:$T$13,16,FALSE) -> 0.013888889 | U23: 0.51041667 | V23: 0 | W23: 0.03125 | X23: 0.51388889 | Y23: 0.52430556 | Z23: =Y23-X23 -> 0.010416667 | AA23: 0 | AB23: 0.52777778
A24: 9 | B24: 539 | C24: =VLOOKUP(B24,داتا!$B$3:$D$42,2,FALSE) -> دبابة | D24: =VLOOKUP(B24,داتا!$B$3:$D$42,3,FALSE) -> 0.020833333 | E24: العباسية | F24: احمد اشرف | G24: 0.29166667 | H24: =VLOOKUP(F24,$F$3:$H$12,3,FALSE) -> 0.25 | I24: 0 | J24: 0.49652778 | K24: 0.51388889 | L24: عمرو محمد | M24: علي ممدوح | N24: =K24-J24 -> 0.017361111 | O24: 0 | P24: 0.0069444444 | Q24: 0.51388889 | R24: 0 | S24: 0.51388889 | T24: =VLOOKUP(E24,'[1]22-1-2026'!$E$3:$T$13,16,FALSE) -> 0.013888889 | U24: 0.53541667 | V24: =U24-T24-S24 -> 0.0076388889 | W24: 0.020833333 | X24: 0.5375 | Y24: 0.55277778 | Z24: =Y24-X24 -> 0.015277778 | AA24: 0 | AB24: 0.55902778
A25: 10 | B25: 539 | C25: =VLOOKUP(B25,داتا!$B$3:$D$42,2,FALSE) -> دبابة | D25: =VLOOKUP(B25,داتا!$B$3:$D$42,3,FALSE) -> 0.020833333 | E25: مسرة | F25: احمد اشرف | G25: 0.29166667 | H25: =VLOOKUP(F25,$F$3:$H$12,3,FALSE) -> 0.25 | I25: 0 | J25: 0.49652778 | K25: 0.51388889 | L25: عمرو محمد | M25: علي ممدوح | N25: =K25-J25 -> 0.017361111 | O25: 0 | P25: 0.0069444444 | Q25: 0.51388889 | R25: 0 | S25: 0.51388889 | T25: =VLOOKUP(E25,'[1]22-1-2026'!$E$3:$T$13,16,FALSE) -> 0.013888889 | U25: 0.56944444 | V25: 0 | W25: 0.03125 | X25: 0.57291667 | Y25: 0.59027778 | Z25: =Y25-X25 -> 0.017361111 | AA25: 0 | AB25: 0.59375
A26: 11 | B26: 492 | C26: =VLOOKUP(B26,داتا!$B$3:$D$42,2,FALSE) -> دبابة | D26: =VLOOKUP(B26,داتا!$B$3:$D$42,3,FALSE) -> 0.020833333 | E26: اول جمال | F26: حسن علي | G26: 0.29166667 | H26: 0.25 | I26: 0 | J26: 0.5 | K26: 0.52083333 | L26: محمود علي | M26: محمد هشام | N26: =K26-J26 -> 0.020833333 | O26: =N26-D26 -> 3.8163916e-17 | P26: 0.0069444444 | Q26: 0.52083333 | R26: 0 | S26: 0.52083333 | T26: =VLOOKUP(E26,'[1]22-1-2026'!$E$3:$T$13,16,FALSE) -> 0.024305556 | U26: 0.55208333 | V26: =U26-T26-S26 -> 0.0069444444 | W26: 0.020833333 | X26: 0.55555556 | Y26: 0.57222222 | Z26: =Y26-X26 -> 0.016666667 | AA26: 0 | AB26: 0.57638889
A27: 12 | B27: 492 | C27: =VLOOKUP(B27,داتا!$B$3:$D$42,2,FALSE) -> دبابة | D27: =VLOOKUP(B27,داتا!$B$3:$D$42,3,FALSE) -> 0.020833333 | E27: بافاريا | F27: حسن علي | G27: 0.29166667 | H27: 0.25 | I27: 0 | J27: 0.5 | K27: 0.52083333 | L27: محمود علي | M27: محمد هشام | N27: =K27-J27 -> 0.020833333 | O27: =N27-D27 -> 3.8163916e-17 | P27: 0.0069444444 | Q27: 0.52083333 | R27: 0 | S27: 0.52083333 | T27: 0.010416667 | U27: 0.58333333 | V27: 0 | W27: 0.03125 | X27: 0.58680556 | Y27: 0.59722222 | Z27: =Y27-X27 -> 0.010416667 | AA27: 0 | AB27: 0.60069444
A28: 13 | B28: 892 | C28: =VLOOKUP(B28,داتا!$B$3:$D$42,2,FALSE) -> تلتين | D28: =VLOOKUP(B28,داتا!$B$3:$D$42,3,FALSE) -> 0.03125 | E28: التعاون | F28: مصطفي عادل | G28: 0.29166667 | H28: =VLOOKUP(F28,$F$3:$H$12,3,FALSE) -> 0.25 | I28: 0 | J28: 0.51736111 | K28: 0.52430556 | L28: عمرو محمد | M28: علي ممدوح | N28: 0 | O28: 0 | P28: 0.0069444444 | Q28: 0.52777778 | R28: 0 | S28: 0.52777778 | T28: =VLOOKUP(E28,'[1]22-1-2026'!$E$3:$T$13,16,FALSE) -> 0.013888889 | U28: 0.54166667 | V28: =U28-T28-S28 -> 0 | W28: 0.03125 | X28: 0.54375 | Y28: 0.55763889 | Z28: =Y28-X28 -> 0.013888889 | AA28: 0 | AB28: 0.55902778

Sheet 28-4-2026
A1: شيت دخول وخروج السيارات أبو محرم
A2: م | B2: رقم السيارة | C2: نوع السيارة | D2: الزمن المعيارى للتحميل | E2: اسم الفرع | F2: اسم السائق | G2: وقت الحضور المقرر | H2: الحضور فعلى | I2: مدة التأخير | J2: دخول الكيدج | K2: نزول من الكيدج | L2: أخصائى الدفترى | M2: أخصائى السيستم | N2: مدة التحميل | O2: مدة انحراف التحميل | P2: الزمن المعيارى لنزول الاذن | Q2: وقت نزول الاذن | R2: مدة انحراف نزول الاذن | S2: خروج من المصنع | T2: الزمن المعيارى لدخول الفرع | U2: دخول الفرع | V2: مدة انحراف دخول الفرع | W2: الزمن المعيارى لنزول المنتجات | X2: فتح السياره | Y2: غلق السياره | Z2: الوقت المستغرق | AA2: مدة انحراف نزول المنتجات فى الفرع | AB2: خروج من الفرع | AC2: ملاحظات
A3: 1 | B3: 762 | C3: دبابة | D3: 0.020833333 | E3: الشروق | F3: مجدي صبحي | G3: 0.25 | H3: 0.25 | I3: 0 | J3: 0.25 | K3: 0.25694444 | L3: ايمن عبدالقادر | M3: كريم سمير | N3: 0.0069444444 | O3: 0 | P3: 0.0069444444 | Q3: 0.27083333 | R3: 0.0069444444 | S3: 0.27083333 | T3: 0.034722222 | U3: 0.31944444 | V3: 0.013888889 | W3: 0.020833333 | X3: 0.33472222 | Y3: 0.3625 | Z3: 0.027777778 | AA3: 0 | AB3: 0.36458333 | AD3: رحلة اولى ( شرقى ومخبوزات وغربى )
A4: 2 | B4: 762 | C4: دبابة | D4: 0.020833333 | E4: بدر | F4: مجدي صبحي | G4: 0.25 | H4: 0.25 | I4: 0 | J4: 0.25 | K4: 0.25694444 | L4: ايمن عبدالقادر | M4: كريم سمير | N4: 0.0069444444 | O4: 0 | P4: 0.0069444444 | Q4: 0.27083333 | R4: 0.0069444444 | S4: 0.27083333 | T4: 0.020833333 | U4: 0.38194444 | V4: 0 | W4: 0.03125 | X4: 0.38541667 | Y4: 0.40972222 | Z4: 0.024305556 | AA4: 0 | AB4: 0.41319444
A5: 3 | B5: 892 | C5: تلتين | D5: 0.03125 | E5: أول جمال | F5: حسن علي | G5: 0.25 | H5: 0.25 | I5: 0 | J5: 0.25 | K5: 0.25694444 | L5: ايمن عبدالقادر | M5: كريم سمير | N5: 0.0069444444 | O5: 0 | P5: 0.0069444444 | Q5: 0.27083333 | R5: 0.0069444444 | S5: 0.27083333 | T5: 0.024305556 | U5: 0.29166667 | V5: 0 | W5: 0.03125 | X5: 0.30555556 | Y5: 0.34027778 | Z5: 0.034722222 | AA5: 0.0034722222 | AB5: 0.34375
A6: 4 | B6: 892 | C6: تلتين | D6: 0.03125 | E6: السلام | F6: حسن علي | G6: 0.25 | H6: 0.25 | I6: 0 | J6: 0.25 | K6: 0.25694444 | L6: ايمن عبدالقادر | M6: كريم سمير | N6: 0.0069444444 | O6: 0 | P6: 0.0069444444 | Q6: 0.27083333 | R6: 0.0069444444 | S6: 0.27083333 | T6: 0.027777778 | U6: 0.35416667 | V6: 0 | W6: 0.041666667 | X6: 0.35763889 | Y6: 0.39583333 | Z6: 0.038194444 | AA6: 0 | AB6: 0.39930556
A7: 5 | B7: 7435 | C7: تلتين | D7: 0.03125 | E7: الشارع | F7: مصطفي عادل | G7: 0.25 | H7: 0.25 | I7: 0 | J7: 0.25694444 | K7: 0.26388889 | L7: ايمن عبدالقادر | M7: كريم سمير | N7: 0.0069444444 | O7: 0 | P7: 0.0069444444 | Q7: 0.30902778 | R7: 0.038194444 | S7: 0.30902778 | T7: 0.013888889 | U7: 0.32291667 | V7: 0 | W7: 0.03125 | X7: 0.32638889 | Y7: 0.35069444 | Z7: 0.024305556 | AA7: 0 | AB7: 0.35416667
A8: 6 | B8: 7435 | C8: تلتين | D8: 0.03125 | E8: التعاون | F8: مصطفي عادل | G8: 0.25 | H8: 0.25 | I8: 0 | J8: 0.25694444 | K8: 0.26388889 | L8: ايمن عبدالقادر | M8: كريم سمير | N8: 0.0069444444 | O8: 0 | P8: 0.0069444444 | Q8: 0.30902778 | R8: 0.038194444 | S8: 0.30902778 | T8: 0.013888889 | U8: 0.36458333 | V8: 0 | W8: 0.041666667 | X8: 0.36805556 | Y8: 0.39583333 | Z8: 0.027777778 | AA8: 0 | AB8: 0.39930556
A9: 7 | B9: 529 | C9: دبابة | D9: 0.020833333 | E9: اللبيني | F9: اسلام سلطان | G9: 0.25 | H9: 0.25 | I9: 0 | J9: 0.25694444 | K9: 0.26388889 | L9: ايمن عبدالقادر | M9: كريم سمير | N9: 0.0069444444 | O9: 0 | P9: 0.0069444444 | Q9: 0.27777778 | R9: 0.0069444444 | S9: 0.27777778 | T9: 0.041666667 | U9: 0.35902778 | V9: 0.039583333 | W9: 0.020833333 | X9: 0.36111111 | Y9: 0.38680556 | Z9: 0.025694444 | AA9: 0 | AB9: 0.38888889
A10: 8 | B10: 529 | C10: دبابة | D10: 0.020833333 | E10: ترسا | F10: اسلام سلطان | G10: 0.25 | H10: 0.25 | I10: 0 | J10: 0.25694444 | K10: 0.26388889 | L10: ايمن عبدالقادر | M10: كريم سمير | N10: 0.0069444444 | O10: 0 | P10: 0.0069444444 | Q10: 0.27777778 | R10: 0.0069444444 | S10: 0.27777778 | T10: 0.0069444444 | U10: 0.39236111 | V10: 0 | W10: 0.03125 | X10: 0.39583333 | Y10: 0.41666667 | Z10: 0.020833333 | AA10: 0 | AB10: 0.42013889
A11: 9 | B11: 539 | C11: دبابة | D11: 0.020833333 | E11: العبور | F11: احمد اشرف | G11: 0.25 | H11: 0.25 | I11: 0 | J11: 0.26736111 | K11: 0.26736111 | L11: ايمن عبدالقادر | M11: كريم سمير | N11: 0 | O11: 0 | P11: 0.0069444444 | Q11: 0.28472222 | R11: 0.010416667 | S11: 0.28472222 | T11: 0.017361111 | U11: 0.32291667 | V11: 0.020833333 | W11: 0.03125 | X11: 0.33680556 | Y11: 0.37291667 | Z11: 0.036111111 | AA11: 0.0048611111 | AB11: 0.375
A12: 10 | B12: 876 | C12: دبابة | D12: 0.020833333 | E12: العباسية | F12: احمد السعيد | G12: 0.25 | H12: 0.25 | I12: 0 | J12: 0.26736111 | K12: 0.26736111 | L12: ايمن عبدالقادر | M12: كريم سمير | N12: 0 | O12: 0 | P12: 0.0069444444 | Q12: 0.28472222 | R12: 0.010416667 | S12: 0.28472222 | T12: 0.013888889 | U12: 0.29861111 | V12: 0 | W12: 0.03125 | X12: 0.32708333 | Y12: 0.36458333 | Z12: 0.0375 | AA12: 0 | AB12: 0.36805556
A13: 11 | B13: 249 | C13: دبابة | D13: 0.020833333 | E13: مسرة | F13: محمد احمد | G13: 0.25 | H13: 0.25 | I13: 0 | J13: 0.27083333 | K13: 0.30902778 | L13: ايمن عبدالقادر | M13: كريم سمير | N13: 0.038194444 | O13: 0.017361111 | P13: 0.0069444444 | Q13: 0.30902778 | R13: 0 | S13: 0.30902778 | T13: 0.013888889 | U13: 0.31944444 | V13: 0 | W13: 0.03125 | X13: 0.32291667 | Y13: 0.34722222 | Z13: 0.024305556 | AA13: 0 | AB13: 0.35069444
A14: 12 | B14: 529 | C14: دبابة | D14: 0.020833333 | E14: النزهة | F14: محمد ابراهيم | G14: 0.25 | H14: 0.25 | I14: 0 | J14: 0.27083333 | K14: 0.28819444 | L14: ايمن عبدالقادر | M14: كريم سمير | N14: 0.017361111 | O14: 0 | P14: 0.0069444444 | Q14: 0.29166667 | R14: 0 | S14: 0.29166667 | T14: 0.013888889 | U14: 0.32638889 | V14: 0.020833333 | W14: 0.03125 | X14: 0.34027778 | Y14: 0.36805556 | Z14: 0.027777778 | AA14: 0 | AB14: 0.37152778
A15: 13 | B15: 492 | C15: دبابة | D15: 0.020833333 | E15: بورسعيد | F15: ايمن سعيد | G15: 0.25 | H15: 0.25 | I15: 0 | J15: 0.28819444 | K15: 0.29513889 | L15: ايمن عبدالقادر | M15: كريم سمير | N15: 0.0069444444 | O15: 0 | P15: 0.0069444444 | Q15: 0.32291667 | R15: 0.020833333 | S15: 0.32291667 | T15: 0.0034722222 | U15: 0.325 | V15: 0 | W15: 0.03125 | X15: 0.33680556 | Y15: 0.36458333 | Z15: 0.027777778 | AA15: 0 | AB15: 0.36597222
A16: 1 | B16: 249 | C16: =VLOOKUP(B16,داتا!$B$3:$D$42,2,FALSE) -> دبابة | D16: =VLOOKUP(B16,داتا!$B$3:$D$42,3,FALSE) -> 0.020833333 | E16: ترسا | F16: محمد احمد | G16: 0.29166667 | H16: 0.25 | I16: 0 | J16: 0.4375 | K16: 0.45833333 | L16: عمرو محمد | M16: علي ممدوح | N16: =K16-J16 -> 0.020833333 | O16: =N16-D16 -> 0 | P16: 0.0069444444 | Q16: 0.45833333 | R16: 0 | S16: 0.45833333 | T16: 0.041666667 | U16: 0.49305556 | V16: 0 | W16: 0.020833333 | X16: 0.49861111 | Y16: 0.50347222 | Z16: =Y16-X16 -> 0.0048611111 | AA16: 0 | AB16: 0.51041667 | AD16: رحلة ثانية ( شرقى وغربى ومخبوزات )
A17: 2 | B17: 249 | C17: =VLOOKUP(B17,داتا!$B$3:$D$42,2,FALSE) -> دبابة | D17: =VLOOKUP(B17,داتا!$B$3:$D$42,3,FALSE) -> 0.020833333 | E17: اللبيني | F17: محمد احمد | G17: 0.29166667 | H17: 0.25 | I17: 0 | J17: 0.4375 | K17: 0.45833333 | L17: عمرو محمد | M17: علي ممدوح | N17: =K17-J17 -> 0.020833333 | O17: =N17-D17 -> 0 | P17: 0.0069444444 | Q17: 0.45833333 | R17: 0 | S17: 0.45833333 | T17: 0.0069444444 | U17: 0.51458333 | V17: 0 | W17: 0.03125 | X17: 0.51527778 | Y17: 0.52708333 | Z17: =Y17-X17 -> 0.011805556 | AA17: 0 | AB17: 0.52847222
A18: 3 | B18: 539 | C18: =VLOOKUP(B18,داتا!$B$3:$D$42,2,FALSE) -> دبابة | D18: =VLOOKUP(B18,داتا!$B$3:$D$42,3,FALSE) -> 0.020833333 | E18: العباسية | F18: احمد اشرف | G18: 0.29166667 | H18: =VLOOKUP(F18,$F$3:$H$12,3,FALSE) -> 0.25 | I18: 0 | J18: 0.4375 | K18: 0.45833333 | L18: احمد عبدالمنعم | M18: خالد عبدالسلام | N18: =K18-J18 -> 0.020833333 | O18: =N18-D18 -> 0 | P18: 0.0069444444 | Q18: 0.46527778 | R18: =Q18-P18-K18 -> 0 | S18: 0.46527778 | T18: =VLOOKUP(E18,'[1]22-1-2026'!$E$3:$T$13,16,FALSE) -> 0.013888889 | U18: 0.48958333 | V18: =U18-T18-S18 -> 0.010416667 | W18: 0.020833333 | X18: 0.49305556 | Y18: 0.50347222 | Z18: =Y18-X18 -> 0.010416667 | AA18: 0 | AB18: 0.50694444
A19: 4 | B19: 539 | C19: =VLOOKUP(B19,داتا!$B$3:$D$42,2,FALSE) -> دبابة | D19: =VLOOKUP(B19,داتا!$B$3:$D$42,3,FALSE) -> 0.020833333 | E19: مسرة | F19: احمد اشرف | G19: 0.29166667 | H19: =VLOOKUP(F19,$F$3:$H$12,3,FALSE) -> 0.25 | I19: 0 | J19: 0.4375 | K19: 0.45833333 | L19: احمد عبدالمنعم | M19: خالد عبدالسلام | N19: =K19-J19 -> 0.020833333 | O19: =N19-D19 -> 0 | P19: 0.0069444444 | Q19: 0.46527778 | R19: =Q19-P19-K19 -> 0 | S19: 0.46527778 | T19: =VLOOKUP(E19,'[1]22-1-2026'!$E$3:$T$13,16,FALSE) -> 0.013888889 | U19: 0.52777778 | V19: 0 | W19: 0.03125 | X19: 0.52916667 | Y19: 0.54305556 | Z19: =Y19-X19 -> 0.013888889 | AA19: 0 | AB19: 0.54513889
A20: 5 | B20: 492 | C20: =VLOOKUP(B20,داتا!$B$3:$D$42,2,FALSE) -> دبابة | D20: =VLOOKUP(B20,داتا!$B$3:$D$42,3,FALSE) -> 0.020833333 | E20: الشروق | F20: محمد ابراهيم | G20: 0.54166667 | H20: 0.54166667 | I20: =H20-G20 -> 0 | J20: 0.45833333 | K20: 0.48611111 | L20: عمرو محمد | M20: علي ممدوح | N20: =K20-J20 -> 0.027777778 | O20: =N20-D20 -> 0.0069444444 | P20: 0.0069444444 | Q20: 0.48611111 | R20: 0 | S20: 0.48611111 | T20: =VLOOKUP(E20,'[1]22-1-2026'!$E$3:$T$13,16,FALSE) -> 0.034722222 | U20: 0.52430556 | V20: =U20-T20-S20 -> 0.0034722222 | W20: 0.020833333 | X20: 0.52708333 | Y20: 0.54652778 | Z20: =Y20-X20 -> 0.019444444 | AA20: 0 | AB20: 0.54861111
A21: 6 | B21: 492 | C21: =VLOOKUP(B21,داتا!$B$3:$D$42,2,FALSE) -> دبابة | D21: =VLOOKUP(B21,داتا!$B$3:$D$42,3,FALSE) -> 0.020833333 | E21: بدر | F21: محمد ابراهيم | G21: 0.54166667 | H21: 0.54166667 | I21: =H21-G21 -> 0 | J21: 0.45833333 | K21: 0.48611111 | L21: عمرو محمد | M21: علي ممدوح | N21: =K21-J21 -> 0.027777778 | O21: =N21-D21 -> 0.0069444444 | P21: 0.0069444444 | Q21: 0.48611111 | R21: 0 | S21: 0.48611111 | T21: 0.020833333 | U21: 0.56597222 | V21: 0 | W21: 0.03125 | X21: 0.56944444 | Y21: 0.60069444 | Z21: =Y21-X21 -> 0.03125 | AA21: =Z21-W21 -> 0 | AB21: 0.60416667
A22: 7 | B22: 7435 | C22: =VLOOKUP(B22,داتا!$B$3:$D$42,2,FALSE) -> تلتين | D22: =VLOOKUP(B22,داتا!$B$3:$D$42,3,FALSE) -> 0.03125 | E22: السلام | F22: مصطفي عادل | G22: 0.29166667 | H22: =VLOOKUP(F22,$F$3:$H$12,3,FALSE) -> 0.25 | I22: 0 | J22: 0.45833333 | K22: 0.47916667 | L22: احمد عبدالمنعم | M22: خالد عبدالسلام | N22: =K22-J22 -> 0.020833333 | O22: 0 | P22: 0.0069444444 | Q22: 0.49305556 | R22: =Q22-P22-K22 -> 0.0069444444 | S22: 0.49305556 | T22: =VLOOKUP(E22,'[1]22-1-2026'!$E$3:$T$13,16,FALSE) -> 0.027777778 | U22: 0.51388889 | V22: 0 | W22: 0.03125 | X22: 0.51736111 | Y22: 0.53472222 | Z22: =Y22-X22 -> 0.017361111 | AA22: 0 | AB22: 0.53819444
A23: 8 | B23: 7435 | C23: =VLOOKUP(B23,داتا!$B$3:$D$42,2,FALSE) -> تلتين | D23: =VLOOKUP(B23,داتا!$B$3:$D$42,3,FALSE) -> 0.03125 | E23: العبور | F23: مصطفي عادل | G23: 0.29166667 | H23: =VLOOKUP(F23,$F$3:$H$12,3,FALSE) -> 0.25 | I23: 0 | J23: 0.45833333 | K23: 0.47916667 | L23: احمد عبدالمنعم | M23: خالد عبدالسلام | N23: =K23-J23 -> 0.020833333 | O23: 0 | P23: 0.0069444444 | Q23: 0.49305556 | R23: =Q23-P23-K23 -> 0.0069444444 | S23: 0.49305556 | T23: =VLOOKUP(E23,'[1]22-1-2026'!$E$3:$T$13,16,FALSE) -> 0.017361111 | U23: 0.55763889 | V23: 0 | W23: 0.041666667 | X23: 0.55902778 | Y23: 0.57638889 | Z23: =Y23-X23 -> 0.017361111 | AA23: 0 | AB23: 0.57847222
A24: 9 | B24: 762 | C24: =VLOOKUP(B24,داتا!$B$3:$D$42,2,FALSE) -> دبابة | D24: =VLOOKUP(B24,داتا!$B$3:$D$42,3,FALSE) -> 0.020833333 | E24: بورسعيد | F24: مجدي صبحي | G24: 0.29166667 | H24: =VLOOKUP(F24,$F$3:$H$12,3,FALSE) -> 0.25 | I24: 0 | J24: 0.49652778 | K24: 0.51041667 | L24: احمد عبدالمنعم | M24: خالد عبدالسلام | N24: =K24-J24 -> 0.013888889 | O24: 0 | P24: 0.0069444444 | Q24: 0.51041667 | R24: 0 | S24: 0.51041667 | T24: =VLOOKUP(E24,'[1]22-1-2026'!$E$3:$T$13,16,FALSE) -> 0.0034722222 | U24: 0.5125 | V24: 0 | W24: 0.03125 | X24: 0.51527778 | Y24: 0.53125 | Z24: =Y24-X24 -> 0.015972222 | AA24: 0 | AB24: 0.53333333
A25: 10 | B25: 876 | C25: =VLOOKUP(B25,داتا!$B$3:$D$42,2,FALSE) -> دبابة | D25: =VLOOKUP(B25,داتا!$B$3:$D$42,3,FALSE) -> 0.020833333 | E25: اول جمال | F25: احمد السعيد | G25: 0.29166667 | H25: =VLOOKUP(F25,$F$3:$H$12,3,FALSE) -> 0.25 | I25: 0 | J25: 0.49652778 | K25: 0.51041667 | L25: احمد عبدالمنعم | M25: خالد عبدالسلام | N25: =K25-J25 -> 0.013888889 | O25: 0 | P25: 0.0069444444 | Q25: 0.49652778 | R25: 0 | S25: 0.49652778 | T25: =VLOOKUP(E25,'[1]22-1-2026'!$E$3:$T$13,16,FALSE) -> 0.024305556 | U25: 0.51736111 | V25: 0 | W25: 0.020833333 | X25: 0.52152778 | Y25: 0.52777778 | Z25: =Y25-X25 -> 0.00625 | AA25: 0 | AB25: 0.53125
A26: 11 | B26: 876 | C26: =VLOOKUP(B26,داتا!$B$3:$D$42,2,FALSE) -> دبابة | D26: =VLOOKUP(B26,داتا!$B$3:$D$42,3,FALSE) -> 0.020833333 | E26: النزهة | F26: احمد السعيد | G26: 0.29166667 | H26: =VLOOKUP(F26,$F$3:$H$12,3,FALSE) -> 0.25 | I26: 0 | J26: 0.47916667 | K26: 0.49305556 | L26: احمد عبدالمنعم | M26: خالد عبدالسلام | N26: =K26-J26 -> 0.013888889 | O26: 0 | P26: 0.0069444444 | Q26: 0.49652778 | R26: 0 | S26: 0.49652778 | T26: 0.010416667 | U26: 0.54166667 | V26: 0 | W26: 0.03125 | X26: 0.54513889 | Y26: 0.55208333 | Z26: =Y26-X26 -> 0.0069444444 | AA26: 0 | AB26: 0.55555556
A27: 12 | B27: 892 | C27: =VLOOKUP(B27,داتا!$B$3:$D$42,2,FALSE) -> تلتين | D27: =VLOOKUP(B27,داتا!$B$3:$D$42,3,FALSE) -> 0.03125 | E27: التعاون | F27: حسن علي | G27: 0.29166667 | H27: =VLOOKUP(F27,$F$3:$H$12,3,FALSE) -> 0.25 | I27: 0 | J27: 0.49305556 | K27: 0.49652778 | L27: عمرو محمد | M27: علي ممدوح | N27: =K27-J27 -> 0.0034722222 | O27: 0 | P27: 0.0069444444 | Q27: 0.50347222 | R27: =Q27-P27-K27 -> 0 | S27: 0.50347222 | T27: =VLOOKUP(E27,'[1]22-1-2026'!$E$3:$T$13,16,FALSE) -> 0.013888889 | U27: 0.51736111 | V27: =U27-T27-S27 -> 0 | W27: 0.041666667 | X27: 0.51944444 | Y27: 0.53611111 | Z27: =Y27-X27 -> 0.016666667 | AA27: 0 | AB27: 0.53819444
A28: 13 | B28: 529 | C28: =VLOOKUP(B28,داتا!$B$3:$D$42,2,FALSE) -> دبابة | D28: =VLOOKUP(B28,داتا!$B$3:$D$42,3,FALSE) -> 0.020833333 | E28: الشارع | F28: اسلام سلطان | G28: 0.29166667 | H28: =VLOOKUP(F28,$F$3:$H$12,3,FALSE) -> 0.25 | I28: 0 | J28: 0.49305556 | K28: 0.49652778 | L28: عمرو محمد | M28: علي ممدوح | N28: =K28-J28 -> 0.0034722222 | O28: 0 | P28: 0.0069444444 | Q28: 0.50347222 | R28: =Q28-P28-K28 -> 0 | S28: 0.50347222 | T28: =VLOOKUP(E28,'[1]22-1-2026'!$E$3:$T$13,16,FALSE) -> 0.013888889 | U28: 0.52430556 | V28: =U28-T28-S28 -> 0.0069444444 | W28: 0.03125 | X28: 0.52569444 | Y28: 0.53819444 | Z28: =Y28-X28 -> 0.0125 | AA28: 0 | AB28: 0.54166667

Sheet 29-4-2026
A1: شيت دخول وخروج السيارات أبو محرم
A2: م | B2: رقم السيارة | C2: نوع السيارة | D2: الزمن المعيارى للتحميل | E2: اسم الفرع | F2: اسم السائق | G2: وقت الحضور المقرر | H2: الحضور فعلى | I2: مدة التأخير | J2: دخول الكيدج | K2: نزول من الكيدج | L2: أخصائى الدفترى | M2: أخصائى السيستم | N2: مدة التحميل | O2: مدة انحراف التحميل | P2: الزمن المعيارى لنزول الاذن | Q2: وقت نزول الاذن | R2: مدة انحراف نزول الاذن | S2: خروج من المصنع | T2: الزمن المعيارى لدخول الفرع | U2: دخول الفرع | V2: مدة انحراف دخول الفرع | W2: الزمن المعيارى لنزول المنتجات | X2: فتح السياره | Y2: غلق السياره | Z2: الوقت المستغرق | AA2: مدة انحراف نزول المنتجات فى الفرع | AB2: خروج من الفرع | AC2: ملاحظات
A3: 1 | C3: =VLOOKUP(B3,داتا!$B$3:$D$42,2,FALSE) -> #N/A | D3: =VLOOKUP(B3,داتا!$B$3:$D$42,3,FALSE) -> #N/A | G3: 0.29166667 | I3: =H3-G3 -> -0.29166667 | N3: =K3-J3 -> 0 | O3: =N3-D3 -> #N/A | P3: 0.0069444444 | R3: =Q3-P3-K3 -> -0.0069444444 | T3: =VLOOKUP(E3,'[1]22-1-2026'!$E$3:$T$13,16,FALSE) -> #N/A | V3: =U3-T3-S3 -> #N/A | Z3: =Y3-X3 -> 0 | AA3: 0 | AD3: رحلة اولى ( شرقى ومخبوزات وغربى )
A4: 2 | C4: =VLOOKUP(B4,داتا!$B$3:$D$42,2,FALSE) -> #N/A | D4: =VLOOKUP(B4,داتا!$B$3:$D$42,3,FALSE) -> #N/A | G4: 0.29166667 | I4: =H4-G4 -> -0.29166667 | N4: =K4-J4 -> 0 | O4: =N4-D4 -> #N/A | P4: 0.0069444444 | R4: =Q4-P4-K4 -> -0.0069444444 | T4: =VLOOKUP(E4,'[1]22-1-2026'!$E$3:$T$13,16,FALSE) -> #N/A | V4: =U4-T4-S4 -> #N/A | Z4: =Y4-X4 -> 0 | AA4: =Z4-W4 -> 0
A5: 3 | C5: =VLOOKUP(B5,داتا!$B$3:$D$42,2,FALSE) -> #N/A | D5: =VLOOKUP(B5,داتا!$B$3:$D$42,3,FALSE) -> #N/A | G5: 0.29166667 | I5: =H5-G5 -> -0.29166667 | N5: =K5-J5 -> 0 | O5: =N5-D5 -> #N/A | P5: 0.0069444444 | R5: =Q5-P5-K5 -> -0.0069444444 | T5: =VLOOKUP(E5,'[1]22-1-2026'!$E$3:$T$13,16,FALSE) -> #N/A | V5: =U5-T5-S5 -> #N/A | Z5: =Y5-X5 -> 0 | AA5: =Z5-W5 -> 0
A6: 4 | C6: =VLOOKUP(B6,داتا!$B$3:$D$42,2,FALSE) -> #N/A | D6: =VLOOKUP(B6,داتا!$B$3:$D$42,3,FALSE) -> #N/A | G6: 0.29166667 | I6: =H6-G6 -> -0.29166667 | N6: =K6-J6 -> 0 | O6: =N6-D6 -> #N/A | P6: 0.0069444444 | R6: =Q6-P6-K6 -> -0.0069444444 | T6: =VLOOKUP(E6,'[1]22-1-2026'!$E$3:$T$13,16,FALSE) -> #N/A | V6: =U6-T6-S6 -> #N/A | Z6: =Y6-X6 -> 0 | AA6: 0
A7: 5 | C7: =VLOOKUP(B7,داتا!$B$3:$D$42,2,FALSE) -> #N/A | D7: =VLOOKUP(B7,داتا!$B$3:$D$42,3,FALSE) -> #N/A | G7: 0.29166667 | I7: =H7-G7 -> -0.29166667 | N7: =K7-J7 -> 0 | O7: =N7-D7 -> #N/A | P7: 0.0069444444 | R7: =Q7-P7-K7 -> -0.0069444444 | T7: =VLOOKUP(E7,'[1]22-1-2026'!$E$3:$T$13,16,FALSE) -> #N/A | V7: =U7-T7-S7 -> #N/A | Z7: =Y7-X7 -> 0 | AA7: =Z7-W7 -> 0
A8: 6 | C8: =VLOOKUP(B8,داتا!$B$3:$D$42,2,FALSE) -> #N/A | D8: =VLOOKUP(B8,داتا!$B$3:$D$42,3,FALSE) -> #N/A | G8: 0.29166667 | I8: =H8-G8 -> -0.29166667 | N8: =K8-J8 -> 0 | O8: =N8-D8 -> #N/A | P8: 0.0069444444 | R8: =Q8-P8-K8 -> -0.0069444444 | T8: =VLOOKUP(E8,'[1]22-1-2026'!$E$3:$T$13,16,FALSE) -> #N/A | V8: =U8-T8-S8 -> #N/A | Z8: =Y8-X8 -> 0 | AA8: =Z8-W8 -> 0
A9: 7 | C9: =VLOOKUP(B9,داتا!$B$3:$D$42,2,FALSE) -> #N/A | D9: =VLOOKUP(B9,داتا!$B$3:$D$42,3,FALSE) -> #N/A | G9: 0.29166667 | I9: =H9-G9 -> -0.29166667 | N9: =K9-J9 -> 0 | O9: =N9-D9 -> #N/A | P9: 0.0069444444 | R9: =Q9-P9-K9 -> -0.0069444444 | T9: =VLOOKUP(E9,'[1]22-1-2026'!$E$3:$T$13,16,FALSE) -> #N/A | V9: =U9-T9-S9 -> #N/A | Z9: =Y9-X9 -> 0 | AA9: 0
A10: 8 | C10: =VLOOKUP(B10,داتا!$B$3:$D$42,2,FALSE) -> #N/A | D10: =VLOOKUP(B10,داتا!$B$3:$D$42,3,FALSE) -> #N/A | G10: 0.29166667 | I10: =H10-G10 -> -0.29166667 | N10: =K10-J10 -> 0 | O10: =N10-D10 -> #N/A | P10: 0.0069444444 | R10: =Q10-P10-K10 -> -0.0069444444 | T10: =VLOOKUP(E10,'[1]22-1-2026'!$E$3:$T$13,16,FALSE) -> #N/A | V10: =U10-T10-S10 -> #N/A | Z10: =Y10-X10 -> 0 | AA10: 0
A11: 9 | C11: =VLOOKUP(B11,داتا!$B$3:$D$42,2,FALSE) -> #N/A | D11: =VLOOKUP(B11,داتا!$B$3:$D$42,3,FALSE) -> #N/A | G11: 0.29166667 | I11: =H11-G11 -> -0.29166667 | N11: =K11-J11 -> 0 | O11: =N11-D11 -> #N/A | P11: 0.0069444444 | R11: =Q11-P11-K11 -> -0.0069444444 | T11: =VLOOKUP(E11,'[1]22-1-2026'!$E$3:$T$13,16,FALSE) -> #N/A | V11: =U11-T11-S11 -> #N/A | Z11: =Y11-X11 -> 0 | AA11: =Z11-W11 -> 0
A12: 10 | C12: =VLOOKUP(B12,داتا!$B$3:$D$42,2,FALSE) -> #N/A | D12: =VLOOKUP(B12,داتا!$B$3:$D$42,3,FALSE) -> #N/A | G12: 0.29166667 | I12: =H12-G12 -> -0.29166667 | N12: =K12-J12 -> 0 | O12: =N12-D12 -> #N/A | P12: 0.0069444444 | R12: =Q12-P12-K12 -> -0.0069444444 | T12: =VLOOKUP(E12,'[1]22-1-2026'!$E$3:$T$13,16,FALSE) -> #N/A | V12: =U12-T12-S12 -> #N/A | Z12: =Y12-X12 -> 0 | AA12: 0
A13: 11 | C13: =VLOOKUP(B13,داتا!$B$3:$D$42,2,FALSE) -> #N/A | D13: =VLOOKUP(B13,داتا!$B$3:$D$42,3,FALSE) -> #N/A | G13: 0.29166667 | I13: =H13-G13 -> -0.29166667 | N13: =K13-J13 -> 0 | O13: =N13-D13 -> #N/A | P13: 0.0069444444 | R13: =Q13-P13-K13 -> -0.0069444444 | T13: =VLOOKUP(E13,'[1]22-1-2026'!$E$3:$T$13,16,FALSE) -> #N/A | V13: =U13-T13-S13 -> #N/A | Z13: =Y13-X13 -> 0 | AA13: =Z13-W13 -> 0
A14: 12 | C14: =VLOOKUP(B14,داتا!$B$3:$D$42,2,FALSE) -> #N/A | D14: =VLOOKUP(B14,داتا!$B$3:$D$42,3,FALSE) -> #N/A | G14: 0.29166667 | I14: =H14-G14 -> -0.29166667 | N14: =K14-J14 -> 0 | O14: =N14-D14 -> #N/A | P14: 0.0069444444 | R14: =Q14-P14-K14 -> -0.0069444444 | T14: =VLOOKUP(E14,'[1]22-1-2026'!$E$3:$T$13,16,FALSE) -> #N/A | V14: =U14-T14-S14 -> #N/A | Z14: =Y14-X14 -> 0 | AA14: =Z14-W14 -> 0
A15: 13 | C15: =VLOOKUP(B15,داتا!$B$3:$D$42,2,FALSE) -> #N/A | D15: =VLOOKUP(B15,داتا!$B$3:$D$42,3,FALSE) -> #N/A | G15: 0.29166667 | I15: =H15-G15 -> -0.29166667 | N15: =K15-J15 -> 0 | O15: =N15-D15 -> #N/A | P15: 0.0069444444 | R15: =Q15-P15-K15 -> -0.0069444444 | T15: =VLOOKUP(E15,'[1]22-1-2026'!$E$3:$T$13,16,FALSE) -> #N/A | V15: =U15-T15-S15 -> #N/A | Z15: =Y15-X15 -> 0 | AA15: =Z15-W15 -> 0
A16: 1 | C16: =VLOOKUP(B16,داتا!$B$3:$D$42,2,FALSE) -> #N/A | D16: =VLOOKUP(B16,داتا!$B$3:$D$42,3,FALSE) -> #N/A | G16: 0.29166667 | H16: =VLOOKUP(F16,$F$3:$H$12,3,FALSE) -> #N/A | I16: =H16-G16 -> #N/A | N16: =K16-J16 -> 0 | O16: =N16-D16 -> #N/A | P16: 0.0069444444 | R16: =Q16-P16-K16 -> -0.0069444444 | T16: =VLOOKUP(E16,'[1]22-1-2026'!$E$3:$T$13,16,FALSE) -> #N/A | V16: =U16-T16-S16 -> #N/A | Z16: =Y16-X16 -> 0 | AA16: =Z16-W16 -> 0 | AD16: رحلة ثانية ( شرقى وغربى ومخبوزات )
A17: 2 | C17: =VLOOKUP(B17,داتا!$B$3:$D$42,2,FALSE) -> #N/A | D17: =VLOOKUP(B17,داتا!$B$3:$D$42,3,FALSE) -> #N/A | G17: 0.29166667 | H17: =VLOOKUP(F17,$F$3:$H$12,3,FALSE) -> #N/A | I17: =H17-G17 -> #N/A | N17: =K17-J17 -> 0 | O17: =N17-D17 -> #N/A | P17: 0.0069444444 | R17: =Q17-P17-K17 -> -0.0069444444 | T17: =VLOOKUP(E17,'[1]22-1-2026'!$E$3:$T$13,16,FALSE) -> #N/A | V17: =U17-T17-S17 -> #N/A | Z17: =Y17-X17 -> 0 | AA17: =Z17-W17 -> 0
A18: 3 | C18: =VLOOKUP(B18,داتا!$B$3:$D$42,2,FALSE) -> #N/A | D18: =VLOOKUP(B18,داتا!$B$3:$D$42,3,FALSE) -> #N/A | G18: 0.29166667 | H18: =VLOOKUP(F18,$F$3:$H$12,3,FALSE) -> #N/A | I18: =H18-G18 -> #N/A | N18: =K18-J18 -> 0 | O18: =N18-D18 -> #N/A | P18: 0.0069444444 | R18: =Q18-P18-K18 -> -0.0069444444 | T18: =VLOOKUP(E18,'[1]22-1-2026'!$E$3:$T$13,16,FALSE) -> #N/A | V18: =U18-T18-S18 -> #N/A | Z18: =Y18-X18 -> 0 | AA18: =Z18-W18 -> 0
A19: 4 | C19: =VLOOKUP(B19,داتا!$B$3:$D$42,2,FALSE) -> #N/A | D19: =VLOOKUP(B19,داتا!$B$3:$D$42,3,FALSE) -> #N/A | G19: 0.29166667 | H19: =VLOOKUP(F19,$F$3:$H$12,3,FALSE) -> #N/A | I19: =H19-G19 -> #N/A | N19: =K19-J19 -> 0 | O19: =N19-D19 -> #N/A | P19: 0.0069444444 | R19: =Q19-P19-K19 -> -0.0069444444 | T19: =VLOOKUP(E19,'[1]22-1-2026'!$E$3:$T$13,16,FALSE) -> #N/A | V19: =U19-T19-S19 -> #N/A | Z19: =Y19-X19 -> 0 | AA19: =Z19-W19 -> 0
A20: 5 | C20: =VLOOKUP(B20,داتا!$B$3:$D$42,2,FALSE) -> #N/A | D20: =VLOOKUP(B20,داتا!$B$3:$D$42,3,FALSE) -> #N/A | G20: 0.29166667 | H20: =VLOOKUP(F20,$F$3:$H$12,3,FALSE) -> #N/A | I20: =H20-G20 -> #N/A | N20: =K20-J20 -> 0 | O20: =N20-D20 -> #N/A | P20: 0.0069444444 | R20: =Q20-P20-K20 -> -0.0069444444 | T20: =VLOOKUP(E20,'[1]22-1-2026'!$E$3:$T$13,16,FALSE) -> #N/A | V20: =U20-T20-S20 -> #N/A | Z20: =Y20-X20 -> 0 | AA20: 0
A21: 6 | C21: =VLOOKUP(B21,داتا!$B$3:$D$42,2,FALSE) -> #N/A | D21: =VLOOKUP(B21,داتا!$B$3:$D$42,3,FALSE) -> #N/A | G21: 0.29166667 | H21: =VLOOKUP(F21,$F$3:$H$12,3,FALSE) -> #N/A | I21: =H21-G21 -> #N/A | N21: =K21-J21 -> 0 | O21: =N21-D21 -> #N/A | P21: 0.0069444444 | R21: =Q21-P21-K21 -> -0.0069444444 | T21: =VLOOKUP(E21,'[1]22-1-2026'!$E$3:$T$13,16,FALSE) -> #N/A | V21: =U21-T21-S21 -> #N/A | Z21: =Y21-X21 -> 0 | AA21: =Z21-W21 -> 0
A22: 7 | C22: =VLOOKUP(B22,داتا!$B$3:$D$42,2,FALSE) -> #N/A | D22: =VLOOKUP(B22,داتا!$B$3:$D$42,3,FALSE) -> #N/A | G22: 0.29166667 | H22: =VLOOKUP(F22,$F$3:$H$12,3,FALSE) -> #N/A | I22: =H22-G22 -> #N/A | N22: =K22-J22 -> 0 | O22: =N22-D22 -> #N/A | P22: 0.0069444444 | R22: =Q22-P22-K22 -> -0.0069444444 | T22: =VLOOKUP(E22,'[1]22-1-2026'!$E$3:$T$13,16,FALSE) -> #N/A | V22: =U22-T22-S22 -> #N/A | Z22: =Y22-X22 -> 0 | AA22: 0
A23: 8 | C23: =VLOOKUP(B23,داتا!$B$3:$D$42,2,FALSE) -> #N/A | D23: =VLOOKUP(B23,داتا!$B$3:$D$42,3,FALSE) -> #N/A | G23: 0.29166667 | H23: =VLOOKUP(F23,$F$3:$H$12,3,FALSE) -> #N/A | I23: =H23-G23 -> #N/A | N23: =K23-J23 -> 0 | O23: =N23-D23 -> #N/A | P23: 0.0069444444 | R23: =Q23-P23-K23 -> -0.0069444444 | T23: =VLOOKUP(E23,'[1]22-1-2026'!$E$3:$T$13,16,FALSE) -> #N/A | V23: =U23-T23-S23 -> #N/A | Z23: =Y23-X23 -> 0 | AA23: 0
A24: 9 | C24: =VLOOKUP(B24,داتا!$B$3:$D$42,2,FALSE) -> #N/A | D24: =VLOOKUP(B24,داتا!$B$3:$D$42,3,FALSE) -> #N/A | G24: 0.29166667 | H24: =VLOOKUP(F24,$F$3:$H$12,3,FALSE) -> #N/A | I24: =H24-G24 -> #N/A | N24: =K24-J24 -> 0 | O24: =N24-D24 -> #N/A | P24: 0.0069444444 | R24: =Q24-P24-K24 -> -0.0069444444 | T24: =VLOOKUP(E24,'[1]22-1-2026'!$E$3:$T$13,16,FALSE) -> #N/A | V24: =U24-T24-S24 -> #N/A | Z24: =Y24-X24 -> 0 | AA24: =Z24-W24 -> 0
A25: 10 | C25: =VLOOKUP(B25,داتا!$B$3:$D$42,2,FALSE) -> #N/A | D25: =VLOOKUP(B25,داتا!$B$3:$D$42,3,FALSE) -> #N/A | G25: 0.29166667 | H25: =VLOOKUP(F25,$F$3:$H$12,3,FALSE) -> #N/A | I25: =H25-G25 -> #N/A | N25: =K25-J25 -> 0 | O25: =N25-D25 -> #N/A | P25: 0.0069444444 | R25: =Q25-P25-K25 -> -0.0069444444 | T25: =VLOOKUP(E25,'[1]22-1-2026'!$E$3:$T$13,16,FALSE) -> #N/A | V25: =U25-T25-S25 -> #N/A | Z25: =Y25-X25 -> 0 | AA25: 0
A26: 11 | C26: =VLOOKUP(B26,داتا!$B$3:$D$42,2,FALSE) -> #N/A | D26: =VLOOKUP(B26,داتا!$B$3:$D$42,3,FALSE) -> #N/A | G26: 0.29166667 | H26: =VLOOKUP(F26,$F$3:$H$12,3,FALSE) -> #N/A | I26: =H26-G26 -> #N/A | N26: =K26-J26 -> 0 | O26: =N26-D26 -> #N/A | P26: 0.0069444444 | R26: =Q26-P26-K26 -> -0.0069444444 | T26: =VLOOKUP(E26,'[1]22-1-2026'!$E$3:$T$13,16,FALSE) -> #N/A | V26: =U26-T26-S26 -> #N/A | Z26: =Y26-X26 -> 0 | AA26: 0
A27: 12 | C27: =VLOOKUP(B27,داتا!$B$3:$D$42,2,FALSE) -> #N/A | D27: =VLOOKUP(B27,داتا!$B$3:$D$42,3,FALSE) -> #N/A | G27: 0.29166667 | H27: =VLOOKUP(F27,$F$3:$H$12,3,FALSE) -> #N/A | I27: =H27-G27 -> #N/A | N27: =K27-J27 -> 0 | O27: =N27-D27 -> #N/A | P27: 0.0069444444 | R27: =Q27-P27-K27 -> -0.0069444444 | T27: =VLOOKUP(E27,'[1]22-1-2026'!$E$3:$T$13,16,FALSE) -> #N/A | V27: =U27-T27-S27 -> #N/A | Z27: =Y27-X27 -> 0 | AA27: =Z27-W27 -> 0
A28: 13 | C28: =VLOOKUP(B28,داتا!$B$3:$D$42,2,FALSE) -> #N/A | D28: =VLOOKUP(B28,داتا!$B$3:$D$42,3,FALSE) -> #N/A | G28: 0.29166667 | H28: =VLOOKUP(F28,$F$3:$H$12,3,FALSE) -> #N/A | I28: =H28-G28 -> #N/A | N28: =K28-J28 -> 0 | O28: =N28-D28 -> #N/A | P28: 0.0069444444 | R28: =Q28-P28-K28 -> -0.0069444444 | T28: =VLOOKUP(E28,'[1]22-1-2026'!$E$3:$T$13,16,FALSE) -> #N/A | V28: =U28-T28-S28 -> #N/A | Z28: =Y28-X28 -> 0 | AA28: 0
A29: 1 | C29: =VLOOKUP(B29,داتا!$B$3:$D$42,2,FALSE) -> #N/A | D29: =VLOOKUP(B29,داتا!$B$3:$D$42,3,FALSE) -> #N/A | G29: 0.29166667 | H29: =VLOOKUP(F29,$F$3:$H$12,3,FALSE) -> #N/A | I29: =H29-G29 -> #N/A | N29: =K29-J29 -> 0 | O29: =N29-D29 -> #N/A | P29: 0.0069444444 | R29: =Q29-P29-K29 -> -0.0069444444 | T29: =VLOOKUP(E29,'[1]22-1-2026'!$E$3:$T$13,16,FALSE) -> #N/A | V29: =U29-T29-S29 -> #N/A | Z29: =Y29-X29 -> 0 | AA29: 0 | AD29: رحلة ثالثة ( شرقى وغربى ومخبوزات )
A30: 2 | C30: =VLOOKUP(B30,داتا!$B$3:$D$42,2,FALSE) -> #N/A | D30: =VLOOKUP(B30,داتا!$B$3:$D$42,3,FALSE) -> #N/A | G30: 0.29166667 | H30: =VLOOKUP(F30,$F$3:$H$12,3,FALSE) -> #N/A | I30: =H30-G30 -> #N/A | N30: =K30-J30 -> 0 | O30: =N30-D30 -> #N/A | P30: 0.0069444444 | R30: =Q30-P30-K30 -> -0.0069444444 | T30: =VLOOKUP(E30,'[1]22-1-2026'!$E$3:$T$13,16,FALSE) -> #N/A | V30: =U30-T30-S30 -> #N/A | Z30: =Y30-X30 -> 0 | AA30: =Z30-W30 -> 0
A31: 3 | C31: =VLOOKUP(B31,داتا!$B$3:$D$42,2,FALSE) -> #N/A | D31: =VLOOKUP(B31,داتا!$B$3:$D$42,3,FALSE) -> #N/A | G31: 0.29166667 | H31: =VLOOKUP(F31,$F$3:$H$12,3,FALSE) -> #N/A | I31: =H31-G31 -> #N/A | N31: =K31-J31 -> 0 | O31: =N31-D31 -> #N/A | P31: 0.0069444444 | R31: =Q31-P31-K31 -> -0.0069444444 | T31: =VLOOKUP(E31,'[1]22-1-2026'!$E$3:$T$13,16,FALSE) -> #N/A | V31: =U31-T31-S31 -> #N/A | Z31: =Y31-X31 -> 0 | AA31: =Z31-W31 -> 0
A32: 4 | C32: =VLOOKUP(B32,داتا!$B$3:$D$42,2,FALSE) -> #N/A | D32: =VLOOKUP(B32,داتا!$B$3:$D$42,3,FALSE) -> #N/A | G32: 0.29166667 | H32: =VLOOKUP(F32,$F$3:$H$12,3,FALSE) -> #N/A | I32: =H32-G32 -> #N/A | N32: =K32-J32 -> 0 | O32: =N32-D32 -> #N/A | P32: 0.0069444444 | R32: =Q32-P32-K32 -> -0.0069444444 | T32: =VLOOKUP(E32,'[1]22-1-2026'!$E$3:$T$13,16,FALSE) -> #N/A | V32: =U32-T32-S32 -> #N/A | Z32: =Y32-X32 -> 0 | AA32: 0
A33: 5 | C33: =VLOOKUP(B33,داتا!$B$3:$D$42,2,FALSE) -> #N/A | D33: =VLOOKUP(B33,داتا!$B$3:$D$42,3,FALSE) -> #N/A | G33: 0.29166667 | H33: =VLOOKUP(F33,$F$3:$H$12,3,FALSE) -> #N/A | I33: =H33-G33 -> #N/A | N33: =K33-J33 -> 0 | O33: =N33-D33 -> #N/A | P33: 0.0069444444 | R33: =Q33-P33-K33 -> -0.0069444444 | T33: =VLOOKUP(E33,'[1]22-1-2026'!$E$3:$T$13,16,FALSE) -> #N/A | V33: =U33-T33-S33 -> #N/A | Z33: =Y33-X33 -> 0 | AA33: 0
A34: 6 | C34: =VLOOKUP(B34,داتا!$B$3:$D$42,2,FALSE) -> #N/A | D34: =VLOOKUP(B34,داتا!$B$3:$D$42,3,FALSE) -> #N/A | G34: 0.29166667 | H34: =VLOOKUP(F34,$F$3:$H$12,3,FALSE) -> #N/A | I34: =H34-G34 -> #N/A | N34: =K34-J34 -> 0 | O34: =N34-D34 -> #N/A | P34: 0.0069444444 | R34: =Q34-P34-K34 -> -0.0069444444 | T34: =VLOOKUP(E34,'[1]22-1-2026'!$E$3:$T$13,16,FALSE) -> #N/A | V34: =U34-T34-S34 -> #N/A | Z34: =Y34-X34 -> 0 | AA34: 0
A35: 7 | C35: =VLOOKUP(B35,داتا!$B$3:$D$42,2,FALSE) -> #N/A | D35: =VLOOKUP(B35,داتا!$B$3:$D$42,3,FALSE) -> #N/A | G35: 0.29166667 | H35: =VLOOKUP(F35,$F$3:$H$12,3,FALSE) -> #N/A | I35: =H35-G35 -> #N/A | N35: =K35-J35 -> 0 | O35: =N35-D35 -> #N/A | P35: 0.0069444444 | R35: =Q35-P35-K35 -> -0.0069444444 | T35: =VLOOKUP(E35,'[1]22-1-2026'!$E$3:$T$13,16,FALSE) -> #N/A | V35: =U35-T35-S35 -> #N/A | Z35: =Y35-X35 -> 0 | AA35: 0
A36: 8 | C36: =VLOOKUP(B36,داتا!$B$3:$D$42,2,FALSE) -> #N/A | D36: =VLOOKUP(B36,داتا!$B$3:$D$42,3,FALSE) -> #N/A | G36: 0.29166667 | H36: =VLOOKUP(F36,$F$3:$H$12,3,FALSE) -> #N/A | I36: =H36-G36 -> #N/A | N36: =K36-J36 -> 0 | O36: =N36-D36 -> #N/A | P36: 0.0069444444 | R36: =Q36-P36-K36 -> -0.0069444444 | T36: =VLOOKUP(E36,'[1]22-1-2026'!$E$3:$T$13,16,FALSE) -> #N/A | V36: =U36-T36-S36 -> #N/A | Z36: =Y36-X36 -> 0 | AA36: =Z36-W36 -> 0
A37: 9 | C37: =VLOOKUP(B37,داتا!$B$3:$D$42,2,FALSE) -> #N/A | D37: =VLOOKUP(B37,داتا!$B$3:$D$42,3,FALSE) -> #N/A | G37: 0.29166667 | H37: =VLOOKUP(F37,$F$3:$H$12,3,FALSE) -> #N/A | I37: =H37-G37 -> #N/A | N37: =K37-J37 -> 0 | O37: =N37-D37 -> #N/A | P37: 0.0069444444 | R37: =Q37-P37-K37 -> -0.0069444444 | T37: =VLOOKUP(E37,'[1]22-1-2026'!$E$3:$T$13,16,FALSE) -> #N/A | V37: =U37-T37-S37 -> #N/A | Z37: =Y37-X37 -> 0 | AA37: 0
A38: 10 | C38: =VLOOKUP(B38,داتا!$B$3:$D$42,2,FALSE) -> #N/A | D38: =VLOOKUP(B38,داتا!$B$3:$D$42,3,FALSE) -> #N/A | G38: 0.29166667 | H38: =VLOOKUP(F38,$F$3:$H$12,3,FALSE) -> #N/A | I38: =H38-G38 -> #N/A | N38: =K38-J38 -> 0 | O38: =N38-D38 -> #N/A | P38: 0.0069444444 | R38: =Q38-P38-K38 -> -0.0069444444 | T38: =VLOOKUP(E38,'[1]22-1-2026'!$E$3:$T$13,16,FALSE) -> #N/A | V38: =U38-T38-S38 -> #N/A | Z38: =Y38-X38 -> 0 | AA38: 0
A39: 11 | C39: =VLOOKUP(B39,داتا!$B$3:$D$42,2,FALSE) -> #N/A | D39: =VLOOKUP(B39,داتا!$B$3:$D$42,3,FALSE) -> #N/A | G39: 0.29166667 | H39: =VLOOKUP(F39,$F$3:$H$12,3,FALSE) -> #N/A | I39: =H39-G39 -> #N/A | N39: =K39-J39 -> 0 | O39: =N39-D39 -> #N/A | P39: 0.0069444444 | R39: =Q39-P39-K39 -> -0.0069444444 | T39: =VLOOKUP(E39,'[1]22-1-2026'!$E$3:$T$13,16,FALSE) -> #N/A | V39: =U39-T39-S39 -> #N/A | Z39: =Y39-X39 -> 0 | AA39: 0
A40: 12 | C40: =VLOOKUP(B40,داتا!$B$3:$D$42,2,FALSE) -> #N/A | D40: =VLOOKUP(B40,داتا!$B$3:$D$42,3,FALSE) -> #N/A | G40: 0.29166667 | H40: =VLOOKUP(F40,$F$3:$H$12,3,FALSE) -> #N/A | I40: =H40-G40 -> #N/A | N40: =K40-J40 -> 0 | O40: =N40-D40 -> #N/A | P40: 0.0069444444 | R40: =Q40-P40-K40 -> -0.0069444444 | T40: =VLOOKUP(E40,'[1]22-1-2026'!$E$3:$T$13,16,FALSE) -> #N/A | V40: =U40-T40-S40 -> #N/A | Z40: =Y40-X40 -> 0 | AA40: 0
A41: 13 | C41: =VLOOKUP(B41,داتا!$B$3:$D$42,2,FALSE) -> #N/A | D41: =VLOOKUP(B41,داتا!$B$3:$D$42,3,FALSE) -> #N/A | G41: 0.29166667 | H41: =VLOOKUP(F41,$F$3:$H$12,3,FALSE) -> #N/A | I41: =H41-G41 -> #N/A | N41: =K41-J41 -> 0 | O41: =N41-D41 -> #N/A | P41: 0.0069444444 | R41: =Q41-P41-K41 -> -0.0069444444 | T41: =VLOOKUP(E41,'[1]22-1-2026'!$E$3:$T$13,16,FALSE) -> #N/A | V41: =U41-T41-S41 -> #N/A | Z41: =Y41-X41 -> 0 | AA41: 0
A42: 14 | C42: =VLOOKUP(B42,داتا!$B$3:$D$42,2,FALSE) -> #N/A | D42: =VLOOKUP(B42,داتا!$B$3:$D$42,3,FALSE) -> #N/A

Sheet 30-4-2026
A1: شيت دخول وخروج السيارات أبو محرم
A2: م | B2: رقم السيارة | C2: نوع السيارة | D2: الزمن المعيارى للتحميل | E2: اسم الفرع | F2: اسم السائق | G2: وقت الحضور المقرر | H2: الحضور فعلى | I2: مدة التأخير | J2: دخول الكيدج | K2: نزول من الكيدج | L2: أخصائى الدفترى | M2: أخصائى السيستم | N2: مدة التحميل | O2: مدة انحراف التحميل | P2: الزمن المعيارى لنزول الاذن | Q2: وقت نزول الاذن | R2: مدة انحراف نزول الاذن | S2: خروج من المصنع | T2: الزمن المعيارى لدخول الفرع | U2: دخول الفرع | V2: مدة انحراف دخول الفرع | W2: الزمن المعيارى لنزول المنتجات | X2: فتح السياره | Y2: غلق السياره | Z2: الوقت المستغرق | AA2: مدة انحراف نزول المنتجات فى الفرع | AB2: خروج من الفرع | AC2: ملاحظات
A3: 1 | C3: =VLOOKUP(B3,داتا!$B$3:$D$42,2,FALSE) -> #N/A | D3: =VLOOKUP(B3,داتا!$B$3:$D$42,3,FALSE) -> #N/A | G3: 0.29166667 | I3: =H3-G3 -> -0.29166667 | N3: =K3-J3 -> 0 | O3: =N3-D3 -> #N/A | P3: 0.0069444444 | R3: =Q3-P3-K3 -> -0.0069444444 | T3: =VLOOKUP(E3,'[1]22-1-2026'!$E$3:$T$13,16,FALSE) -> #N/A | V3: =U3-T3-S3 -> #N/A | Z3: =Y3-X3 -> 0 | AA3: 0 | AD3: رحلة اولى ( شرقى ومخبوزات وغربى )
A4: 2 | C4: =VLOOKUP(B4,داتا!$B$3:$D$42,2,FALSE) -> #N/A | D4: =VLOOKUP(B4,داتا!$B$3:$D$42,3,FALSE) -> #N/A | G4: 0.29166667 | I4: =H4-G4 -> -0.29166667 | N4: =K4-J4 -> 0 | O4: =N4-D4 -> #N/A | P4: 0.0069444444 | R4: =Q4-P4-K4 -> -0.0069444444 | T4: =VLOOKUP(E4,'[1]22-1-2026'!$E$3:$T$13,16,FALSE) -> #N/A | V4: =U4-T4-S4 -> #N/A | Z4: =Y4-X4 -> 0 | AA4: =Z4-W4 -> 0
A5: 3 | C5: =VLOOKUP(B5,داتا!$B$3:$D$42,2,FALSE) -> #N/A | D5: =VLOOKUP(B5,داتا!$B$3:$D$42,3,FALSE) -> #N/A | G5: 0.29166667 | I5: =H5-G5 -> -0.29166667 | N5: =K5-J5 -> 0 | O5: =N5-D5 -> #N/A | P5: 0.0069444444 | R5: =Q5-P5-K5 -> -0.0069444444 | T5: =VLOOKUP(E5,'[1]22-1-2026'!$E$3:$T$13,16,FALSE) -> #N/A | V5: =U5-T5-S5 -> #N/A | Z5: =Y5-X5 -> 0 | AA5: =Z5-W5 -> 0
A6: 4 | C6: =VLOOKUP(B6,داتا!$B$3:$D$42,2,FALSE) -> #N/A | D6: =VLOOKUP(B6,داتا!$B$3:$D$42,3,FALSE) -> #N/A | G6: 0.29166667 | I6: =H6-G6 -> -0.29166667 | N6: =K6-J6 -> 0 | O6: =N6-D6 -> #N/A | P6: 0.0069444444 | R6: =Q6-P6-K6 -> -0.0069444444 | T6: =VLOOKUP(E6,'[1]22-1-2026'!$E$3:$T$13,16,FALSE) -> #N/A | V6: =U6-T6-S6 -> #N/A | Z6: =Y6-X6 -> 0 | AA6: 0
A7: 5 | C7: =VLOOKUP(B7,داتا!$B$3:$D$42,2,FALSE) -> #N/A | D7: =VLOOKUP(B7,داتا!$B$3:$D$42,3,FALSE) -> #N/A | G7: 0.29166667 | I7: =H7-G7 -> -0.29166667 | N7: =K7-J7 -> 0 | O7: =N7-D7 -> #N/A | P7: 0.0069444444 | R7: =Q7-P7-K7 -> -0.0069444444 | T7: =VLOOKUP(E7,'[1]22-1-2026'!$E$3:$T$13,16,FALSE) -> #N/A | V7: =U7-T7-S7 -> #N/A | Z7: =Y7-X7 -> 0 | AA7: =Z7-W7 -> 0
A8: 6 | C8: =VLOOKUP(B8,داتا!$B$3:$D$42,2,FALSE) -> #N/A | D8: =VLOOKUP(B8,داتا!$B$3:$D$42,3,FALSE) -> #N/A | G8: 0.29166667 | I8: =H8-G8 -> -0.29166667 | N8: =K8-J8 -> 0 | O8: =N8-D8 -> #N/A | P8: 0.0069444444 | R8: =Q8-P8-K8 -> -0.0069444444 | T8: =VLOOKUP(E8,'[1]22-1-2026'!$E$3:$T$13,16,FALSE) -> #N/A | V8: =U8-T8-S8 -> #N/A | Z8: =Y8-X8 -> 0 | AA8: =Z8-W8 -> 0
A9: 7 | C9: =VLOOKUP(B9,داتا!$B$3:$D$42,2,FALSE) -> #N/A | D9: =VLOOKUP(B9,داتا!$B$3:$D$42,3,FALSE) -> #N/A | G9: 0.29166667 | I9: =H9-G9 -> -0.29166667 | N9: =K9-J9 -> 0 | O9: =N9-D9 -> #N/A | P9: 0.0069444444 | R9: =Q9-P9-K9 -> -0.0069444444 | T9: =VLOOKUP(E9,'[1]22-1-2026'!$E$3:$T$13,16,FALSE) -> #N/A | V9: =U9-T9-S9 -> #N/A | Z9: =Y9-X9 -> 0 | AA9: 0
A10: 8 | C10: =VLOOKUP(B10,داتا!$B$3:$D$42,2,FALSE) -> #N/A | D10: =VLOOKUP(B10,داتا!$B$3:$D$42,3,FALSE) -> #N/A | G10: 0.29166667 | I10: =H10-G10 -> -0.29166667 | N10: =K10-J10 -> 0 | O10: =N10-D10 -> #N/A | P10: 0.0069444444 | R10: =Q10-P10-K10 -> -0.0069444444 | T10: =VLOOKUP(E10,'[1]22-1-2026'!$E$3:$T$13,16,FALSE) -> #N/A | V10: =U10-T10-S10 -> #N/A | Z10: =Y10-X10 -> 0 | AA10: 0
A11: 9 | C11: =VLOOKUP(B11,داتا!$B$3:$D$42,2,FALSE) -> #N/A | D11: =VLOOKUP(B11,داتا!$B$3:$D$42,3,FALSE) -> #N/A | G11: 0.29166667 | I11: =H11-G11 -> -0.29166667 | N11: =K11-J11 -> 0 | O11: =N11-D11 -> #N/A | P11: 0.0069444444 | R11: =Q11-P11-K11 -> -0.0069444444 | T11: =VLOOKUP(E11,'[1]22-1-2026'!$E$3:$T$13,16,FALSE) -> #N/A | V11: =U11-T11-S11 -> #N/A | Z11: =Y11-X11 -> 0 | AA11: =Z11-W11 -> 0
A12: 10 | C12: =VLOOKUP(B12,داتا!$B$3:$D$42,2,FALSE) -> #N/A | D12: =VLOOKUP(B12,داتا!$B$3:$D$42,3,FALSE) -> #N/A | G12: 0.29166667 | I12: =H12-G12 -> -0.29166667 | N12: =K12-J12 -> 0 | O12: =N12-D12 -> #N/A | P12: 0.0069444444 | R12: =Q12-P12-K12 -> -0.0069444444 | T12: =VLOOKUP(E12,'[1]22-1-2026'!$E$3:$T$13,16,FALSE) -> #N/A | V12: =U12-T12-S12 -> #N/A | Z12: =Y12-X12 -> 0 | AA12: 0
A13: 11 | C13: =VLOOKUP(B13,داتا!$B$3:$D$42,2,FALSE) -> #N/A | D13: =VLOOKUP(B13,داتا!$B$3:$D$42,3,FALSE) -> #N/A | G13: 0.29166667 | I13: =H13-G13 -> -0.29166667 | N13: =K13-J13 -> 0 | O13: =N13-D13 -> #N/A | P13: 0.0069444444 | R13: =Q13-P13-K13 -> -0.0069444444 | T13: =VLOOKUP(E13,'[1]22-1-2026'!$E$3:$T$13,16,FALSE) -> #N/A | V13: =U13-T13-S13 -> #N/A | Z13: =Y13-X13 -> 0 | AA13: =Z13-W13 -> 0
A14: 12 | C14: =VLOOKUP(B14,داتا!$B$3:$D$42,2,FALSE) -> #N/A | D14: =VLOOKUP(B14,داتا!$B$3:$D$42,3,FALSE) -> #N/A | G14: 0.29166667 | I14: =H14-G14 -> -0.29166667 | N14: =K14-J14 -> 0 | O14: =N14-D14 -> #N/A | P14: 0.0069444444 | R14: =Q14-P14-K14 -> -0.0069444444 | T14: =VLOOKUP(E14,'[1]22-1-2026'!$E$3:$T$13,16,FALSE) -> #N/A | V14: =U14-T14-S14 -> #N/A | Z14: =Y14-X14 -> 0 | AA14: =Z14-W14 -> 0
A15: 13 | C15: =VLOOKUP(B15,داتا!$B$3:$D$42,2,FALSE) -> #N/A | D15: =VLOOKUP(B15,داتا!$B$3:$D$42,3,FALSE) -> #N/A | G15: 0.29166667 | I15: =H15-G15 -> -0.29166667 | N15: =K15-J15 -> 0 | O15: =N15-D15 -> #N/A | P15: 0.0069444444 | R15: =Q15-P15-K15 -> -0.0069444444 | T15: =VLOOKUP(E15,'[1]22-1-2026'!$E$3:$T$13,16,FALSE) -> #N/A | V15: =U15-T15-S15 -> #N/A | Z15: =Y15-X15 -> 0 | AA15: =Z15-W15 -> 0
A16: 1 | C16: =VLOOKUP(B16,داتا!$B$3:$D$42,2,FALSE) -> #N/A | D16: =VLOOKUP(B16,داتا!$B$3:$D$42,3,FALSE) -> #N/A | G16: 0.29166667 | H16: =VLOOKUP(F16,$F$3:$H$12,3,FALSE) -> #N/A | I16: =H16-G16 -> #N/A | N16: =K16-J16 -> 0 | O16: =N16-D16 -> #N/A | P16: 0.0069444444 | R16: =Q16-P16-K16 -> -0.0069444444 | T16: =VLOOKUP(E16,'[1]22-1-2026'!$E$3:$T$13,16,FALSE) -> #N/A | V16: =U16-T16-S16 -> #N/A | Z16: =Y16-X16 -> 0 | AA16: =Z16-W16 -> 0 | AD16: رحلة ثانية ( شرقى وغربى ومخبوزات )
A17: 2 | C17: =VLOOKUP(B17,داتا!$B$3:$D$42,2,FALSE) -> #N/A | D17: =VLOOKUP(B17,داتا!$B$3:$D$42,3,FALSE) -> #N/A | G17: 0.29166667 | H17: =VLOOKUP(F17,$F$3:$H$12,3,FALSE) -> #N/A | I17: =H17-G17 -> #N/A | N17: =K17-J17 -> 0 | O17: =N17-D17 -> #N/A | P17: 0.0069444444 | R17: =Q17-P17-K17 -> -0.0069444444 | T17: =VLOOKUP(E17,'[1]22-1-2026'!$E$3:$T$13,16,FALSE) -> #N/A | V17: =U17-T17-S17 -> #N/A | Z17: =Y17-X17 -> 0 | AA17: =Z17-W17 -> 0
A18: 3 | C18: =VLOOKUP(B18,داتا!$B$3:$D$42,2,FALSE) -> #N/A | D18: =VLOOKUP(B18,داتا!$B$3:$D$42,3,FALSE) -> #N/A | G18: 0.29166667 | H18: =VLOOKUP(F18,$F$3:$H$12,3,FALSE) -> #N/A | I18: =H18-G18 -> #N/A | N18: =K18-J18 -> 0 | O18: =N18-D18 -> #N/A | P18: 0.0069444444 | R18: =Q18-P18-K18 -> -0.0069444444 | T18: =VLOOKUP(E18,'[1]22-1-2026'!$E$3:$T$13,16,FALSE) -> #N/A | V18: =U18-T18-S18 -> #N/A | Z18: =Y18-X18 -> 0 | AA18: =Z18-W18 -> 0
A19: 4 | C19: =VLOOKUP(B19,داتا!$B$3:$D$42,2,FALSE) -> #N/A | D19: =VLOOKUP(B19,داتا!$B$3:$D$42,3,FALSE) -> #N/A | G19: 0.29166667 | H19: =VLOOKUP(F19,$F$3:$H$12,3,FALSE) -> #N/A | I19: =H19-G19 -> #N/A | N19: =K19-J19 -> 0 | O19: =N19-D19 -> #N/A | P19: 0.0069444444 | R19: =Q19-P19-K19 -> -0.0069444444 | T19: =VLOOKUP(E19,'[1]22-1-2026'!$E$3:$T$13,16,FALSE) -> #N/A | V19: =U19-T19-S19 -> #N/A | Z19: =Y19-X19 -> 0 | AA19: =Z19-W19 -> 0
A20: 5 | C20: =VLOOKUP(B20,داتا!$B$3:$D$42,2,FALSE) -> #N/A | D20: =VLOOKUP(B20,داتا!$B$3:$D$42,3,FALSE) -> #N/A | G20: 0.29166667 | H20: =VLOOKUP(F20,$F$3:$H$12,3,FALSE) -> #N/A | I20: =H20-G20 -> #N/A | N20: =K20-J20 -> 0 | O20: =N20-D20 -> #N/A | P20: 0.0069444444 | R20: =Q20-P20-K20 -> -0.0069444444 | T20: =VLOOKUP(E20,'[1]22-1-2026'!$E$3:$T$13,16,FALSE) -> #N/A | V20: =U20-T20-S20 -> #N/A | Z20: =Y20-X20 -> 0 | AA20: 0
A21: 6 | C21: =VLOOKUP(B21,داتا!$B$3:$D$42,2,FALSE) -> #N/A | D21: =VLOOKUP(B21,داتا!$B$3:$D$42,3,FALSE) -> #N/A | G21: 0.29166667 | H21: =VLOOKUP(F21,$F$3:$H$12,3,FALSE) -> #N/A | I21: =H21-G21 -> #N/A | N21: =K21-J21 -> 0 | O21: =N21-D21 -> #N/A | P21: 0.0069444444 | R21: =Q21-P21-K21 -> -0.0069444444 | T21: =VLOOKUP(E21,'[1]22-1-2026'!$E$3:$T$13,16,FALSE) -> #N/A | V21: =U21-T21-S21 -> #N/A | Z21: =Y21-X21 -> 0 | AA21: =Z21-W21 -> 0
A22: 7 | C22: =VLOOKUP(B22,داتا!$B$3:$D$42,2,FALSE) -> #N/A | D22: =VLOOKUP(B22,داتا!$B$3:$D$42,3,FALSE) -> #N/A | G22: 0.29166667 | H22: =VLOOKUP(F22,$F$3:$H$12,3,FALSE) -> #N/A | I22: =H22-G22 -> #N/A | N22: =K22-J22 -> 0 | O22: =N22-D22 -> #N/A | P22: 0.0069444444 | R22: =Q22-P22-K22 -> -0.0069444444 | T22: =VLOOKUP(E22,'[1]22-1-2026'!$E$3:$T$13,16,FALSE) -> #N/A | V22: =U22-T22-S22 -> #N/A | Z22: =Y22-X22 -> 0 | AA22: 0
A23: 8 | C23: =VLOOKUP(B23,داتا!$B$3:$D$42,2,FALSE) -> #N/A | D23: =VLOOKUP(B23,داتا!$B$3:$D$42,3,FALSE) -> #N/A | G23: 0.29166667 | H23: =VLOOKUP(F23,$F$3:$H$12,3,FALSE) -> #N/A | I23: =H23-G23 -> #N/A | N23: =K23-J23 -> 0 | O23: =N23-D23 -> #N/A | P23: 0.0069444444 | R23: =Q23-P23-K23 -> -0.0069444444 | T23: =VLOOKUP(E23,'[1]22-1-2026'!$E$3:$T$13,16,FALSE) -> #N/A | V23: =U23-T23-S23 -> #N/A | Z23: =Y23-X23 -> 0 | AA23: 0
A24: 9 | C24: =VLOOKUP(B24,داتا!$B$3:$D$42,2,FALSE) -> #N/A | D24: =VLOOKUP(B24,داتا!$B$3:$D$42,3,FALSE) -> #N/A | G24: 0.29166667 | H24: =VLOOKUP(F24,$F$3:$H$12,3,FALSE) -> #N/A | I24: =H24-G24 -> #N/A | N24: =K24-J24 -> 0 | O24: =N24-D24 -> #N/A | P24: 0.0069444444 | R24: =Q24-P24-K24 -> -0.0069444444 | T24: =VLOOKUP(E24,'[1]22-1-2026'!$E$3:$T$13,16,FALSE) -> #N/A | V24: =U24-T24-S24 -> #N/A | Z24: =Y24-X24 -> 0 | AA24: =Z24-W24 -> 0
A25: 10 | C25: =VLOOKUP(B25,داتا!$B$3:$D$42,2,FALSE) -> #N/A | D25: =VLOOKUP(B25,داتا!$B$3:$D$42,3,FALSE) -> #N/A | G25: 0.29166667 | H25: =VLOOKUP(F25,$F$3:$H$12,3,FALSE) -> #N/A | I25: =H25-G25 -> #N/A | N25: =K25-J25 -> 0 | O25: =N25-D25 -> #N/A | P25: 0.0069444444 | R25: =Q25-P25-K25 -> -0.0069444444 | T25: =VLOOKUP(E25,'[1]22-1-2026'!$E$3:$T$13,16,FALSE) -> #N/A | V25: =U25-T25-S25 -> #N/A | Z25: =Y25-X25 -> 0 | AA25: 0
A26: 11 | C26: =VLOOKUP(B26,داتا!$B$3:$D$42,2,FALSE) -> #N/A | D26: =VLOOKUP(B26,داتا!$B$3:$D$42,3,FALSE) -> #N/A | G26: 0.29166667 | H26: =VLOOKUP(F26,$F$3:$H$12,3,FALSE) -> #N/A | I26: =H26-G26 -> #N/A | N26: =K26-J26 -> 0 | O26: =N26-D26 -> #N/A | P26: 0.0069444444 | R26: =Q26-P26-K26 -> -0.0069444444 | T26: =VLOOKUP(E26,'[1]22-1-2026'!$E$3:$T$13,16,FALSE) -> #N/A | V26: =U26-T26-S26 -> #N/A | Z26: =Y26-X26 -> 0 | AA26: 0
A27: 12 | C27: =VLOOKUP(B27,داتا!$B$3:$D$42,2,FALSE) -> #N/A | D27: =VLOOKUP(B27,داتا!$B$3:$D$42,3,FALSE) -> #N/A | G27: 0.29166667 | H27: =VLOOKUP(F27,$F$3:$H$12,3,FALSE) -> #N/A | I27: =H27-G27 -> #N/A | N27: =K27-J27 -> 0 | O27: =N27-D27 -> #N/A | P27: 0.0069444444 | R27: =Q27-P27-K27 -> -0.0069444444 | T27: =VLOOKUP(E27,'[1]22-1-2026'!$E$3:$T$13,16,FALSE) -> #N/A | V27: =U27-T27-S27 -> #N/A | Z27: =Y27-X27 -> 0 | AA27: =Z27-W27 -> 0
A28: 13 | C28: =VLOOKUP(B28,داتا!$B$3:$D$42,2,FALSE) -> #N/A | D28: =VLOOKUP(B28,داتا!$B$3:$D$42,3,FALSE) -> #N/A | G28: 0.29166667 | H28: =VLOOKUP(F28,$F$3:$H$12,3,FALSE) -> #N/A | I28: =H28-G28 -> #N/A | N28: =K28-J28 -> 0 | O28: =N28-D28 -> #N/A | P28: 0.0069444444 | R28: =Q28-P28-K28 -> -0.0069444444 | T28: =VLOOKUP(E28,'[1]22-1-2026'!$E$3:$T$13,16,FALSE) -> #N/A | V28: =U28-T28-S28 -> #N/A | Z28: =Y28-X28 -> 0 | AA28: 0
A29: 1 | C29: =VLOOKUP(B29,داتا!$B$3:$D$42,2,FALSE) -> #N/A | D29: =VLOOKUP(B29,داتا!$B$3:$D$42,3,FALSE) -> #N/A | G29: 0.29166667 | H29: =VLOOKUP(F29,$F$3:$H$12,3,FALSE) -> #N/A | I29: =H29-G29 -> #N/A | N29: =K29-J29 -> 0 | O29: =N29-D29 -> #N/A | P29: 0.0069444444 | R29: =Q29-P29-K29 -> -0.0069444444 | T29: =VLOOKUP(E29,'[1]22-1-2026'!$E$3:$T$13,16,FALSE) -> #N/A | V29: =U29-T29-S29 -> #N/A | Z29: =Y29-X29 -> 0 | AA29: 0 | AD29: رحلة ثالثة ( شرقى وغربى ومخبوزات )
A30: 2 | C30: =VLOOKUP(B30,داتا!$B$3:$D$42,2,FALSE) -> #N/A | D30: =VLOOKUP(B30,داتا!$B$3:$D$42,3,FALSE) -> #N/A | G30: 0.29166667 | H30: =VLOOKUP(F30,$F$3:$H$12,3,FALSE) -> #N/A | I30: =H30-G30 -> #N/A | N30: =K30-J30 -> 0 | O30: =N30-D30 -> #N/A | P30: 0.0069444444 | R30: =Q30-P30-K30 -> -0.0069444444 | T30: =VLOOKUP(E30,'[1]22-1-2026'!$E$3:$T$13,16,FALSE) -> #N/A | V30: =U30-T30-S30 -> #N/A | Z30: =Y30-X30 -> 0 | AA30: =Z30-W30 -> 0
A31: 3 | C31: =VLOOKUP(B31,داتا!$B$3:$D$42,2,FALSE) -> #N/A | D31: =VLOOKUP(B31,داتا!$B$3:$D$42,3,FALSE) -> #N/A | G31: 0.29166667 | H31: =VLOOKUP(F31,$F$3:$H$12,3,FALSE) -> #N/A | I31: =H31-G31 -> #N/A | N31: =K31-J31 -> 0 | O31: =N31-D31 -> #N/A | P31: 0.0069444444 | R31: =Q31-P31-K31 -> -0.0069444444 | T31: =VLOOKUP(E31,'[1]22-1-2026'!$E$3:$T$13,16,FALSE) -> #N/A | V31: =U31-T31-S31 -> #N/A | Z31: =Y31-X31 -> 0 | AA31: =Z31-W31 -> 0
A32: 4 | C32: =VLOOKUP(B32,داتا!$B$3:$D$42,2,FALSE) -> #N/A | D32: =VLOOKUP(B32,داتا!$B$3:$D$42,3,FALSE) -> #N/A | G32: 0.29166667 | H32: =VLOOKUP(F32,$F$3:$H$12,3,FALSE) -> #N/A | I32: =H32-G32 -> #N/A | N32: =K32-J32 -> 0 | O32: =N32-D32 -> #N/A | P32: 0.0069444444 | R32: =Q32-P32-K32 -> -0.0069444444 | T32: =VLOOKUP(E32,'[1]22-1-2026'!$E$3:$T$13,16,FALSE) -> #N/A | V32: =U32-T32-S32 -> #N/A | Z32: =Y32-X32 -> 0 | AA32: 0
A33: 5 | C33: =VLOOKUP(B33,داتا!$B$3:$D$42,2,FALSE) -> #N/A | D33: =VLOOKUP(B33,داتا!$B$3:$D$42,3,FALSE) -> #N/A | G33: 0.29166667 | H33: =VLOOKUP(F33,$F$3:$H$12,3,FALSE) -> #N/A | I33: =H33-G33 -> #N/A | N33: =K33-J33 -> 0 | O33: =N33-D33 -> #N/A | P33: 0.0069444444 | R33: =Q33-P33-K33 -> -0.0069444444 | T33: =VLOOKUP(E33,'[1]22-1-2026'!$E$3:$T$13,16,FALSE) -> #N/A | V33: =U33-T33-S33 -> #N/A | Z33: =Y33-X33 -> 0 | AA33: 0
A34: 6 | C34: =VLOOKUP(B34,داتا!$B$3:$D$42,2,FALSE) -> #N/A | D34: =VLOOKUP(B34,داتا!$B$3:$D$42,3,FALSE) -> #N/A | G34: 0.29166667 | H34: =VLOOKUP(F34,$F$3:$H$12,3,FALSE) -> #N/A | I34: =H34-G34 -> #N/A | N34: =K34-J34 -> 0 | O34: =N34-D34 -> #N/A | P34: 0.0069444444 | R34: =Q34-P34-K34 -> -0.0069444444 | T34: =VLOOKUP(E34,'[1]22-1-2026'!$E$3:$T$13,16,FALSE) -> #N/A | V34: =U34-T34-S34 -> #N/A | Z34: =Y34-X34 -> 0 | AA34: 0
A35: 7 | C35: =VLOOKUP(B35,داتا!$B$3:$D$42,2,FALSE) -> #N/A | D35: =VLOOKUP(B35,داتا!$B$3:$D$42,3,FALSE) -> #N/A | G35: 0.29166667 | H35: =VLOOKUP(F35,$F$3:$H$12,3,FALSE) -> #N/A | I35: =H35-G35 -> #N/A | N35: =K35-J35 -> 0 | O35: =N35-D35 -> #N/A | P35: 0.0069444444 | R35: =Q35-P35-K35 -> -0.0069444444 | T35: =VLOOKUP(E35,'[1]22-1-2026'!$E$3:$T$13,16,FALSE) -> #N/A | V35: =U35-T35-S35 -> #N/A | Z35: =Y35-X35 -> 0 | AA35: 0
A36: 8 | C36: =VLOOKUP(B36,داتا!$B$3:$D$42,2,FALSE) -> #N/A | D36: =VLOOKUP(B36,داتا!$B$3:$D$42,3,FALSE) -> #N/A | G36: 0.29166667 | H36: =VLOOKUP(F36,$F$3:$H$12,3,FALSE) -> #N/A | I36: =H36-G36 -> #N/A | N36: =K36-J36 -> 0 | O36: =N36-D36 -> #N/A | P36: 0.0069444444 | R36: =Q36-P36-K36 -> -0.0069444444 | T36: =VLOOKUP(E36,'[1]22-1-2026'!$E$3:$T$13,16,FALSE) -> #N/A | V36: =U36-T36-S36 -> #N/A | Z36: =Y36-X36 -> 0 | AA36: =Z36-W36 -> 0
